Document,Parag_number,Paragraph_Text
page 451.txt,0,POLÍTICA DE PRIVACIDADE
page 451.txt,2,O Busuu leva a sua privacidade muito a sério e está empenhado em protegê-la.
page 451.txt,3,"Esta política de privacidade explica nossas práticas de coleta, utilização e divulgação de dados."
page 451.txt,4,"
Esta política de privacidade abrange:"
page 451.txt,5,"
- informações importantes e quem somos
- os dados pessoais que coletamos
- como e por que coletamos e usamos seus dados pessoais
- por que processamos seus dados pessoais
- quando e por que divulgaremos seus dados pessoais ao Grupo Busuu ou outras organizações
- transferências internacionais
- seus direitos e escolhas quando se trata de seus dados pessoais"
page 451.txt,6,"
- por que usamos cookies
- as medidas que tomamos para garantir que suas informações sejam mantidas seguras e confidenciais
- por quanto tempo reteremos suas informações
- seus direitos legais"
page 451.txt,7,"
1."
page 451.txt,8,"INFORMAÇÕES IMPORTANTES E QUEM SOMOS
"
page 451.txt,9,"O Busuu fornece seu serviço (o ""Serviço"") a você sujeito aos Termos de Serviço e à seguinte Política de Privacidade."
page 451.txt,10,É possível que atualizemos essa Política de Privacidade de tempos em tempos.
page 451.txt,11,"Todas as alterações serão publicadas em nosso site (o ""Site"")."
page 451.txt,12,Você pode consultar a versão mais recente da Política de Privacidade a qualquer momento aqui:
page 451.txt,13,www.busuu.com/privacy.
page 451.txt,14,Seu uso continuado do Serviço ou Site após a realização de tais alterações constitui a sua aceitação da nova Política de Privacidade.
page 451.txt,15,Este site não é destinado a crianças e não coletamos intencionalmente dados relacionados a crianças.
page 451.txt,16,Palavras iniciadas com letras maiúsculas que não estiverem definidas nesta Política de Privacidade estão definidas nos Termos de Serviço.
page 451.txt,17,"
Busuu Limited é o responsável pelo controle de seus dados pessoais (coletivamente referido como ""Busuu"", ""nós"" ou ""nosso"" nesta Política de Privacidade)."
page 451.txt,18,"Você tem o direito de fazer uma reclamação a qualquer momento ao Information Commissioner's Office (ICO), a autoridade de controle do Reino Unido para questões de proteção de dados (www.ico.org.uk)."
page 451.txt,19,"No entanto, gostaríamos de ter a oportunidade de discutir suas preocupações antes que elas sejam levadas ao ICO;"
page 451.txt,20,"por isso, pedimos que entre em contato conosco em primeira instância."
page 451.txt,21,"
Este site pode incluir links para sites, plug-ins e aplicativos de terceiros."
page 451.txt,22,Clicar nesses links ou habilitar essas conexões pode permitir que terceiros coletem ou compartilhem dados sobre você.
page 451.txt,23,Não controlamos esses sites terceiros e não somos responsáveis por seus termos de privacidade.
page 451.txt,24,"Ao deixar nosso site, aconselhamos que você leia a política de privacidade de cada site que visitar."
page 451.txt,25,"
2."
page 451.txt,26,"INFORMAÇÕES QUE COLETAMOS E RECEBEMOS
Quando você se registra em uma conta Busuu, o Busuu coleta informações pessoais como o seu nome de usuário, endereço de e-mail, data de nascimento, sexo, idiomas falados e estudados, e quaisquer outras informações pessoais ou preferências que você inserir no Serviço, assim como a sua foto de perfil."
page 451.txt,28,"O Busuu também coleta e gera automaticamente uma série de outras informações de uso, incluindo:"
page 451.txt,29,"metadados de serviços, dados de registro, informações sobre o dispositivo, endereços IP, dados de terceiros e informações sobre cookies."
page 451.txt,30,"
Também coletamos, usamos e compartilhamos Dados Agregados, tais como dados estatísticos ou demográficos, para qualquer fim."
page 451.txt,31,"Dados Agregados podem ser derivados de seus dados pessoais, mas não são considerados dados pessoais pela lei, já que esses dados não revelam sua identidade direta ou indiretamente."
page 451.txt,32,"Por exemplo, podemos agregar seus Dados de Uso para calcular a porcentagem de usuários acessando um recurso específico do site."
page 451.txt,33,"No entanto, se combinarmos ou vincularmos Dados Agregados aos seus dados pessoais de forma que possam identificar você direta ou indiretamente, eles serão tratados como dados pessoais e usados em conformidade com esta política de privacidade."
page 451.txt,34,"Não coletamos Categorias Especiais de Dados Pessoais sobre você (incluindo dados sobre sua raça, etnia, crenças religiosas ou filosóficas, orientação sexual, opiniões políticas, filiação a sindicatos, informações sobre sua saúde, genética e dados biométricos)."
page 451.txt,35,Também não coletamos informações sobre condenações penais e crimes.
page 451.txt,36,"
Poderemos entrar em contato para pedir que você participe de pesquisas."
page 451.txt,37,"Ao participar de uma de nossas pesquisas, você confirma que leu e concorda com as condições de tal pesquisa."
page 451.txt,38,Algumas de nossas pesquisas usarão informações de sua conta no Busuu para nos fornecer resultados precisos.
page 451.txt,39,Os resultados serão agregados e poderão ser usados para fins de marketing.
page 451.txt,40,Nenhum dado pessoal será compartilhado com terceiros.
page 451.txt,41,Todos os seus dados pessoais serão armazenados de forma segura pela duração da pesquisa e apagados após a publicação dos resultados.
page 451.txt,42,"Armazenamos suas informações pessoais apenas em servidores seguros, que se encontram em instalações seguras no Espaço Econômico Europeu (EEE) e possuem proteção de firewall atualizada."
page 451.txt,43,"Se você decidir participar de uma pesquisa, sua participação será voluntária e você poderá se retirar a qualquer momento."
page 451.txt,44,"Se deseja se retirar da pesquisa, envie um e-mail para research-team@busuu.com e seu pedido será processado no próximo dia útil no Reino Unido."
page 451.txt,45,Todos os seus dados serão apagados de nosso banco de dados e excluídos da pesquisa.
page 451.txt,46,"
Ao utilizar o Serviço, você pode configurar seu perfil pessoal, estabelecer relações, enviar e receber mensagens, realizar buscas e fazer perguntas, inscrever-se em eventos e cursos e transmitir informações por meio de vários canais."
page 451.txt,47,"
Não há obrigação contratual ou estatutária de fornecer esses dados;"
page 451.txt,48,"no entanto, se os dados não forem fornecidos, não seremos capazes de fornecer o serviço."
page 451.txt,49,"
3."
page 451.txt,50,"USO DE INFORMAÇÕES
"
page 451.txt,51,"O Busuu utilizará seus dados pessoais no cumprimento de nossos interesses legítimos para os seguintes propósitos gerais:
(i) para fornecer, atualizar, manter e proteger nossos serviços, sites, aplicativos e atividades comerciais
(ii) conforme exigido por lei, processo legal ou regulamentações aplicáveis
(iii) para responder às suas perguntas e comentários
(iv) para enviar comunicações transacionais e de marketing, que incluem (mas não estão limitadas a) e-mails, notificações push, SMS e mensagens no aplicativo sobre o Serviço
(v) fins estatísticos
(vi) para cobrança, gestão de conta e outras questões administrativas
(vii) para investigar e ajudar a prevenir problemas de segurança e abusos
(viii) outros fins conforme descritos no momento da coleta das informações
"
page 451.txt,52,"O Busuu usa tais informações para customizar o marketing e Conteúdo que você vê, satisfazer seus pedidos de produtos e serviços, melhorar nosso Serviço para você, contatá-lo(a), realizar pesquisas e fornecer relatórios anonimizados para fins internos e para clientes externos, como anunciantes."
page 451.txt,53,"Se você optar por compartilhar um link de convite para o Busuu com um amigo e esse amigo clicar no link, ele verá sua imagem de perfil (se você tiver uma) e nome em uma página inicial dentro do Busuu."
page 451.txt,54,Você pode apagar e alterar esses dados a qualquer momento acessando suas configurações de perfil.
page 451.txt,55,Nenhuma outra informação é visível.
page 451.txt,56,"
Por favor, observe que quando você insere detalhes de pagamento no Serviço ao adquirir um Serviço Pago (incluindo qualquer conta Premium), o Busuu não recebe ou armazena tais informações de pagamento."
page 451.txt,57,"Essas informações são recebidas, armazenadas e utilizadas por nossos provedores de serviços de pagamento com a finalidade de concluir a compra."
page 451.txt,58,"
Você pode optar por não receber comunicações promocionais do Busuu ao se registrar no Serviço."
page 451.txt,59,"Você também pode optar por não receber todas as comunicações, e-mails, notificações push e SMS na própria mensagem ou a partir das suas configurações de preferência."
page 451.txt,60,"
Para usuários registrados por meio de uma organização usando um endereço de e-mail corporativo, os dados de e-mail nos são fornecidos pelo responsável pelo controle de tais dados."
page 451.txt,61,"Nesse caso, você terá recebido uma mensagem indicando como se registrar."
page 451.txt,62,Você pode optar por deixar de receber essas comunicações a qualquer momento.
page 451.txt,63,"
4."
page 451.txt,64,ARMAZENAMENTO E TRANSFERÊNCIA DE
page 451.txt,65,SEUS DADOS PESSOAIS
page 451.txt,67,"Armazenamos suas informações pessoais apenas em servidores seguros que são mantidos em instalações seguras na Área Econômica Europeia (""AEE"") e possuem proteção por firewall atualizada."
page 451.txt,68,"Sempre que transferimos seus dados pessoais para fora da AEE, garantimos um nível semelhante de proteção assegurando que pelo menos uma das seguintes medidas de segurança seja implementada:"
page 451.txt,69,"
- Somente transferiremos seus dados pessoais a países que foram considerados capazes de fornecer um nível de proteção adequado dos dados pessoais pela Comissão Europeia."
page 451.txt,70,"Para obter mais informações, consulte a página da Comissão Europeia (em inglês):"
page 451.txt,71,Adequacy of the protection of personal data in non-EU countries.
page 451.txt,72,"
- Nos casos em que recorremos a certos provedores de serviços, poderemos usar contratos específicos, aprovados pela Comissão Europeia, que garantem aos dados pessoais a mesma proteção que possuem na Europa."
page 451.txt,73,"Para obter mais informações, consulte a página da Comissão Europeia (em inglês):"
page 451.txt,74,Model contracts for the transfer of personal
page 451.txt,75,data to
page 451.txt,76,third countries.
page 451.txt,77,"
5."
page 451.txt,78,"RETENÇÃO
"
page 451.txt,79,"O Busuu reterá seus dados pessoais pelo tempo necessário para satisfazer interesses comerciais legítimos, conduzir auditorias, cumprir (e demonstrar conformidade com) obrigações legais, resolver disputas e aplicar nossos contratos."
page 451.txt,80,"Para determinar o período de retenção apropriado dos dados pessoais, consideramos a quantidade, natureza, e grau de confidencialidade dos dados pessoais, o potencial risco de dano causado pelo uso não autorizado ou divulgação de seus dados pessoais, os fins para os quais processamos seus dados pessoais e a possibilidade de alcançar tais fins por outros meios, e os requisitos legais aplicáveis."
page 451.txt,81,"
Você tem o direito de solicitar que seus dados pessoais sejam apagados enviando um e-mail para privacy@busuu.com."
page 451.txt,82,"Observe que, nesse caso, conservaremos qualquer informação financeira em conformidade com a legislação local."
page 451.txt,83,"
6."
page 451.txt,84,"COOKIES
"
page 451.txt,85,"Um cookie é uma pequena quantidade de dados que, muitas vezes, inclui um identificador único e anônimo, que é enviado para o seu navegador a partir dos computadores de uma página da internet e armazenado no disco rígido do seu computador."
page 451.txt,86,"Você pode configurar seu navegador para aceitar todos os cookies, rejeitar todos os cookies, ou avisar quando um cookie é recebido."
page 451.txt,87,"Se você quiser excluir cookies que já estão no seu computador, consulte as instruções do seu navegador para localizar o arquivo ou diretório que armazena cookies."
page 451.txt,88,"Se rejeitar todos os cookies, você poderá não conseguir utilizar alguns recursos do Serviço."
page 451.txt,89,"
Você pode saber mais sobre como usamos cookies no Busuu em:"
page 451.txt,90,"www.busuu.com/cookies
"
page 451.txt,91,O Busuu permite que outras empresas que exibem anúncios ou prestam serviços em algumas de nossas páginas na web instalem e acessem seus cookies no seu computador.
page 451.txt,92,"O uso desses cookies por essas empresas está sujeito às suas próprias políticas de privacidade, e não a esta política."
page 451.txt,93,Anunciantes ou outras empresas não têm acesso aos cookies do Busuu.
page 451.txt,94,"
7."
page 451.txt,95,DIVULGAÇÃO DE INFORMAÇÕES PESSOAIS
page 451.txt,97,Exibimos as informações de seu Perfil (exceto seu endereço de e-mail e sua senha) para pessoas em busca de amigos e para apoiar outras funções do Site.
page 451.txt,98,"O Busuu não aluga, vende ou compartilha informações sobre você com terceiros, exceto para fornecer produtos ou serviços solicitados por você, quando tivermos a sua permissão, ou nas seguintes circunstâncias:"
page 451.txt,99,"
- caso o Busuu esteja respondendo a intimações, ordens judiciais ou processos legais, ou para estabelecer ou exercer nossos direitos legais ou para nos defendermos contra ações judiciais;"
page 451.txt,100,"
- caso o Busuu acredite ser necessário compartilhar informações a fim de investigar, prevenir ou tomar medidas contra atividades ilegais, suspeita de fraude, situações envolvendo ameaças potenciais à segurança física de qualquer pessoa, violações dos Termos de Serviço do Busuu, ou se exigido por lei;"
page 451.txt,101,"
- caso você esteja usando um Serviço Pago (incluindo uma conta Premium) na qualidade de estudante ou funcionário."
page 451.txt,102,"Em tal circunstância, poderemos compartilhar suas informações pessoais com seu estabelecimento de ensino ou empregador (conforme o caso) para permitir que monitorem seu uso do Serviço Pago;"
page 451.txt,103,"
- em caso de aquisição ou fusão do Busuu com outra empresa, que resultará na transferência de seus dados."
page 451.txt,104,"Em tal caso, o Busuu o notificará antes que essas informações sobre você sejam transferidas e fiquem sujeitas a uma política de privacidade diferente."
page 451.txt,106,"Podemos compartilhar seus dados, incluindo endereços de e-mail, com outros processadores de dados, tais como Facebook, Google, Braze e Snapchat, para fornecer publicidade direcionada."
page 451.txt,107,"Para usuários com uma conta Premium patrocinada por uma organização, não compartilharemos os dados pessoais para fins publicitários."
page 451.txt,108,"Também utilizamos ferramentas analíticas, como Intercom, Braze e Amplitude, que, em alguns casos, podem ver seus dados pessoais, como endereços IP."
page 451.txt,109,"Em alguns desses casos, os dados são transferidos para fora do AEE."
page 451.txt,110,"
Exigimos que todos os terceiros respeitem a segurança dos seus dados pessoais e os tratem em conformidade com a lei."
page 451.txt,111,"Não permitimos que nossos prestadores de serviços terceiros usem seus dados pessoais para fins próprios, e somente permitimos que processem seus dados pessoais para fins especificados e de acordo com nossas instruções."
page 451.txt,112,"
Por favor, tenha em mente que, sempre que divulgar informações pessoais on-line, essas informações podem ser coletadas e utilizadas por outras pessoas."
page 451.txt,113,"Ao publicar informações pessoais on-line que estejam acessíveis ao público, você poderá receber mensagens não solicitadas de terceiros."
page 451.txt,114,"
Também poderemos revelar suas informações pessoais a empresas que fazem parte do nosso grupo Busuu Online S.L. e Busuu Servicos Online LTDA."
page 451.txt,115,"
8."
page 451.txt,116,"PUBLICIDADE DE TERCEIROS
"
page 451.txt,117,O Busuu às vezes exibe anúncios direcionados com base em informações pessoais.
page 451.txt,118,"Os anunciantes podem presumir que as pessoas que interagem, visualizam ou clicam nos anúncios direcionados atendem aos critérios pertinentes de segmentação (por exemplo, homens com idade entre 18 e 24 anos de uma determinada área geográfica)."
page 451.txt,119,O Busuu não fornece nenhuma informação pessoal para o anunciante quando você visualiza ou interage com um anúncio direcionado.
page 451.txt,120,"No entanto, ver ou interagir com um anúncio significa que você aceita a possibilidade de que o anunciante possa supor que você satisfaz os critérios de segmentação utilizados para a exibição do anúncio."
page 451.txt,121,"
9."
page 451.txt,122,"CONFIDENCIALIDADE E SEGURANÇA
"
page 451.txt,123,"Tomaremos medidas para proteger os dados pessoais utilizando dispositivos de segurança coerentes e padrão no setor contra perda ou roubo, acesso não autorizado, divulgação, cópia, uso indevido ou modificação de tais dados."
page 451.txt,124,"
Seus dados pessoais são protegidos por senha e, salvo em casos previstos nesta Política de Privacidade, somente podem ser vistos por você e por nós."
page 451.txt,125,"Você concorda em manter sua(s) senha(s) confidencial(is) e não divulgá-la(s) a ninguém, ou permitir que seja(m) divulgada(s)."
page 451.txt,127,"O Busuu limita o acesso às suas informações pessoais aos funcionários que acredita terem real necessidade de acessar tais informações, seja para lhe fornecer produtos ou o Serviço, ou para realizar seus trabalhos."
page 451.txt,129,"O Busuu possui dispositivos de segurança físicos, eletrônicos e processuais que estão em conformidade com regulamentos para a proteção de suas informações pessoais."
page 451.txt,130,"No entanto, não é possível garantir que as transmissões de dados pela da internet sejam 100% seguras."
page 451.txt,131,"Consequentemente, o Busuu não pode assegurar ou garantir a segurança de qualquer informação que você transmitir para o Busuu."
page 451.txt,132,"Em particular, ao acessar e utilizar o Serviço, você o faz por sua conta e risco, sendo responsável por restringir o acesso ao seu computador e garantir que seu computador esteja livre de todos os tipos de códigos maliciosos, spyware, vírus, cavalos-de-troia, etc., que possam rastrear dados que você inserir no Serviço, incluindo endereços de e-mail e informações relativas a pagamentos."
page 451.txt,133,Não nos responsabilizamos por qualquer perda ou dano proveniente do não cumprimento deste parágrafo por parte do usuário.
page 451.txt,134,"
Contudo, quando você paga por um Serviço Pago, o Busuu utiliza provedores de serviços de pagamento seguros de modo a garantir que seus pagamentos sejam protegidos."
page 451.txt,136,O Busuu é protegido por reCAPTCHA e está sujeito à Política de Privacidade e Termos de Serviço do Google.
page 451.txt,137,"
10."
page 451.txt,138,"SITES DE TERCEIROS
Quando o Site, ou qualquer outra parte do Serviço, tem links para outros sites, tenha em mente que tais sites não operam conforme esta Política de Privacidade."
page 451.txt,139,"O Busuu recomenda que você analise as declarações de privacidade publicadas nesses sites para entender seus procedimentos de coleta, utilização e divulgação de informações pessoais."
page 451.txt,140,"
11."
page 451.txt,141,SEUS DIREITOS LEGAIS
page 451.txt,143,Você tem o direito de:
page 451.txt,144,"
Solicitar acesso a seus dados pessoais (habitualmente conhecido como ""pedido de acesso a dados pessoais"")."
page 451.txt,145,Isso permite que você receba uma cópia dos dados pessoais que temos sobre você e verifique que estão sendo processados legalmente.
page 451.txt,146,"
Solicitar a correção de seus dados pessoais."
page 451.txt,147,"Isso permite que qualquer dado incompleto ou incorreto que temos sobre você seja corrigido, embora seja possível que precisemos verificar a precisão dos novos dados fornecidos."
page 451.txt,148,"
Solicitar a eliminação de seus dados pessoais."
page 451.txt,149,Isso permite que você solicite a eliminação ou remoção de dados pessoais quando não há um motivo válido para que continuemos a processá-los.
page 451.txt,150,"Você também tem o direito de solicitar a eliminação ou remoção de seus dados pessoais quando tiver exercido com êxito seu direito de se opor ao processamento (ver abaixo), no qual podemos ter processado suas informações ilegalmente, ou quando formos solicitados a apagar seus dados pessoais para cumprir com a legislação local."
page 451.txt,151,"Observe que, no entanto, é possível que nem sempre sejamos capazes de satisfazer seu pedido de eliminação por razões legais específicas, que serão notificadas a você, se aplicável, no momento da solicitação."
page 451.txt,152,"
Opor-se ao processamento de seus dados pessoais quando dependemos de um interesse legítimo (nosso ou de terceiros) e há algo sobre a sua situação em particular que leve você a querer opor-se ao processamento por esse motivo, por acreditar que tenha um impacto sobre seus direitos e liberdades fundamentais."
page 451.txt,153,Você também tem o direito de se opor quando processamos seus dados pessoais para fins de marketing direto.
page 451.txt,154,"Em alguns casos, poderemos demonstrar que temos motivos legítimos e convincentes para processar suas informações, que prevalecem sobre seus direitos e liberdades."
page 451.txt,156,Solicitar uma restrição no processamento de seus dados pessoais.
page 451.txt,157,"Isso lhe permite solicitar a suspensão do processamento de seus dados pessoais nos seguintes cenários: (a) se você quiser que determinemos a precisão dos dados; (b) quando a utilização dos dados for ilegal, mas você não quiser que sejam apagados; (c) quando você precisa que mantenhamos os dados mesmo se não precisarmos mais deles porque você precisa estabelecer, exercer ou defender ações judiciais; ou (d) você se opôs ao nosso uso dos seus dados, mas precisamos verificar se temos motivos legítimos predominantes para usá-los."
page 451.txt,158,"
Solicitar a transferência de seus dados pessoais a você a ou terceiros."
page 451.txt,159,"Forneceremos a você, ou a um terceiro de sua escolha, seus dados pessoais em um formato legível por máquina, estruturado e amplamente utilizado."
page 451.txt,160,"Observe que esse direito se aplica somente a informações automatizadas cujo uso nos foi inicialmente autorizado por você, ou no caso de informações que usamos para formar um contrato com você."
page 451.txt,161,"
Retirar seu consentimento a qualquer momento quando o processamento de seus dados pessoais depende de consentimento."
page 451.txt,162,"No entanto, isso não afetará a legalidade de qualquer processamento realizado antes da retirada de consentimento."
page 451.txt,163,"Se você retirar seu consentimento, podemos não ser capazes de fornecer-lhe certos produtos e serviços."
page 451.txt,164,Você será alertado(a) sobre isso no momento da retirada de consentimento.
page 451.txt,165,"
Se deseja exercer algum dos direitos indicados acima, entre em contato conosco conforme detalhado abaixo."
page 451.txt,166,"
Você não terá que pagar nenhum valor para acessar seus dados pessoais (ou exercer qualquer dos outros direitos)."
page 451.txt,167,"No entanto, poderemos cobrar uma taxa razoável se seu pedido for claramente infundado, repetitivo ou excessivo."
page 451.txt,168,"Alternativamente, podemos nos recusar a satisfazer o seu pedido nessas circunstâncias."
page 451.txt,169,É possível que precisemos solicitar-lhe informações específicas para nos ajudar a confirmar sua identidade e garantir seu direito de acessar seus dados pessoais (ou de exercer qualquer de seus direitos).
page 451.txt,170,Essa é uma medida de segurança para garantir que dados pessoais não sejam divulgados a pessoas que não possuem o direito de recebê-las.
page 451.txt,171,É também possível que entremos em contato com você para solicitar informações adicionais em relação ao seu pedido para agilizar nossa resposta.
page 451.txt,172,Tentamos responder a todas as solicitações legítimas dentro de um mês.
page 451.txt,173,"Ocasionalmente, se a sua solicitação for particularmente complexa ou você tiver feito múltiplas solicitações, isso pode demorar mais de um mês."
page 451.txt,174,"Nesse caso, você será notificado(a) e mantido(a) atualizado(a)."
page 451.txt,175,"
12."
page 451.txt,176,CONTATO DO BUSUU
page 451.txt,178,"Busuu é a designação comercial da Busuu Limited, registrada no endereço City Place House, 55 Basinghall Street, London, EC2V 5DX."
page 451.txt,179,"
Você pode obter uma cópia de seus dados pessoais que foram fornecidos por você por meio do Site ou solicitar que o Busuu atualize, altere ou apague informações pessoais enviando um e-mail para privacy@busuu.com."
page 451.txt,180,"Caso tenha alguma pergunta ou sugestão em relação à nossa Política de Privacidade, entre em contato conosco pelo endereço privacy@busuu.com."
page 451.txt,181,"
Última atualização: agosto de 2020"
