Document,Parag_number,Paragraph_Text
page 409.txt,0,"Sua privacidade é a nossa preocupação
"
page 409.txt,1,"Criamos uma Política de Privacidade, que abrange a forma como registramos, protegemos, utilizamos, divulgamos, transferimos e armazenamos as informações de nossos clientes."
page 409.txt,2,Dedique alguns minutos para ler e se familiarizar com as nossas práticas.
page 409.txt,3,"Caso você não concorde com esta Política de Privacidade, não utilize nossos produtos e nem forneça seus dados pessoais à PEBMED."
page 409.txt,4,"
- Coleta de dados gerais
"
page 409.txt,5,A prioridade da PEBMED é assegurar a privacidade e a segurança das informações dos usuários cadastrados (“Usuário”).
page 409.txt,6,"
Portanto, esta Política de Privacidade tem por principal objetivo definir as políticas adotadas pela PEBMED quanto à coleta, uso e divulgação de informações pessoais."
page 409.txt,7,"Ao utilizar os produtos da PEBMED e dar o seu aceite nesta Política de Privacidade no momento do cadastro, o Usuário reconhece e aceita a adoção das práticas, conforme descrito neste Instrumento, conforme previsto na legislação brasileira, principalmente o Marco Civil da Internet e a Lei de Proteção de Dados Pessoais."
page 409.txt,9,"A PEBMED se reserva o direito de modificar esta Política de Privacidade a qualquer momento, para atender aos requisitos legais e/ou de tecnologia."
page 409.txt,10,"Todas as modificações serão avisadas através dos nossos veículos oficiais de comunicação com o Usuário com a data de início de vigência, sendo que o Usuário, ao permanecer no sistema, demonstra que concorda com as modificações realizadas."
page 409.txt,11,"
- Cadastro
"
page 409.txt,12,"O objetivo da PEBMED, ao permitir que o Usuário voluntariamente coloque suas informações, é facilitar a navegação nos produtos da PEBMED e o uso de suas ferramentas, e quando já integradas com os sistemas dos meios de pagamento digitais, a realização das transações comerciais, conforme comandos inseridos pelos próprios Usuários."
page 409.txt,13,"Portanto, a proatividade do Usuário em inserir os seus dados significa que ele quer ser beneficiado com as ferramentas dos produtos da PEBMED e concorda com os termos de privacidade, inclusive com o seu compartilhamento com terceiros, afiliados e/ou parceiros da PEBMED, inclusive dentre eles, sistemas de pagamentos digitais, para a correta prestação dos serviços pelos produtos da PEBMED."
page 409.txt,14,"Ao selecionar fornecedores e parceiros, a PEBMED tem em consideração os respectivos processos de tratamento de dados, e a preocupação de manter a devida segurança para o não compartilhamento indevido."
page 409.txt,15,"
Para se tornar um Usuário, o primeiro passo é o seu cadastro pessoal da pessoa física, em que nome completo, data de nascimento, login, e-mail, senha, e dados profissionais, (formação, ano de formação, universidade e especialidade, número de conselho profissional e CEP de trabalho), além de dados para pagamentos (na realização de compras nos produtos da PEBMED) são obrigatórios."
page 409.txt,16,"Caso o Usuário escolha não fornecer as informações pessoais que forem solicitadas, em muitos casos, a PEBMED não poderá oferecer acesso aos seus produtos, conteúdos, serviços ou responder aos seus questionamentos."
page 409.txt,17,"Se o Usuário interessado é pessoa jurídica, outras informações serão necessárias para finalizar o cadastro, tais como razão social da empresa, CNPJ, além das mesmas informações previstas no cadastro da pessoa física, mas com relação ao seu representante legal."
page 409.txt,18,"
No caso do Usuário inserir dados pessoais de terceiros, para a correta prestação dos serviços dos produtos da PEBMED, o Usuário fica única e exclusivamente responsável por garantir que este terceiro tenha autorizado a inserção de seus dados, isentando desde já a PEBMED de qualquer indenização em virtude desse tratamento de dados do terceiro, mesmo que este não seja propriamente o Usuário dos produtos da PEBMED."
page 409.txt,20,"As informações podem ser colocadas tanto durante o cadastro, quanto num momento posterior, de preferência do Usuário, para alterar seu perfil pessoal e/ou de sua empresa e/ou requerer o acesso a determinadas ferramentas."
page 409.txt,21,"Dentre as possibilidades de informações adicionais, vale reforçar que os dados pessoais do Usuário, com exceção de sua identificação nos produtos da PEBMED, nunca serão exibidos para os demais Usuários e o Usuário somente terá acesso integral aos produtos da PEBMED mediante login e senha."
page 409.txt,22,"Ressalta-se ainda que o login e a senha que dão acesso ao cadastro do Usuário são de uso pessoal e intransferível, razão pela qual a PEBMED não se responsabiliza por eventual manipulação não autorizada dessas informações por terceiros, e devendo, portanto, o Usuário tomar todas as medidas necessárias para manter em sigilo as referidas informações."
page 409.txt,24,"O Usuário tem direito a acessar, modificar, corrigir e eliminar os dados sobre ele referentes à sua decisão de ter se tornado um Usuário."
page 409.txt,25,"Se o Usuário revogar o seu consentimento e autorização do uso dos seus dados nos produtos da PEBMED, esta removerá seus dados para futuras consultas, mas algumas informações permanecerão arquivadas, para o fim único e exclusivo da PEBMED poder atender aos requisitos legais do Marco Civil da Internet e do seu interesse legítimo, nas formas permitidas pela legislação."
page 409.txt,26,"
Trata-se de informações pessoais e dados sobre nossos clientes que utilizamos para identificar e entrar em contato individualmente."
page 409.txt,27,Todas as informações pessoais são protegidas e garantidas que não serão compartilhadas indevidamente.
page 409.txt,28,As informações pessoais podem ser solicitadas a qualquer momento em que o Usuário estiver utilizando ou em contato com a PEBMED.
page 409.txt,29,"Algumas informações podem ser compartilhadas entre afiliados e parceiros PEBMED, com manutenção da devida segurança para o não compartilhamento indevido."
page 409.txt,30,O uso destas informações deve estar de acordo com as normas desta Política de Privacidade.
page 409.txt,31,"Podemos juntar essas informações com outros dados com objetivo de melhorar nossos produtos, conteúdo e publicidade para o Usuário."
page 409.txt,32,"
Para mudanças mais importantes, os produtos da PEBMED fazem uso de criptografia de senha e protocolos de confirmação via e-mail."
page 409.txt,34,"O Usuário compromete-se a notificar a PEBMED imediatamente, através da seção"
page 409.txt,35,"“Fale Conosco” no site quem-somos.pebmed.com.br, a respeito de qualquer uso não autorizado de sua conta, bem como o acesso não autorizado por terceiros à mesma."
page 409.txt,36,"O Usuário será o único responsável pelas operações efetuadas em sua conta, uma vez que o acesso à mesma só será possível mediante a aposição da senha, cujo conhecimento é exclusivo do Usuário."
page 409.txt,37,"
- Informações pessoais coletadas pelos produtos da PEBMED
"
page 409.txt,38,"Os produtos da PEBMED utilizam-se do aplicativo de “cookies”, “pixel tags” e “web beacons” (dados automaticamente baixados no computador do Usuário que demonstram as suas atividades na internet, dados demográficos, fluxo de tráfego e comportamento dos Usuários) para permitir sua correta identificação, além de melhorar a qualidade das informações oferecidas em seu portal para os Usuários."
page 409.txt,39,"O uso regular de “cookies”, “pixel tags” e “web beacons” é uma prática aceitável na indústria, pois permite o armazenamento de informações importantes, como, por exemplo, os acessos do Usuário nos produtos da PEBMED, para posteriormente não ser apresentado um conteúdo repetido ou ultrapassado e sempre buscar a melhora na experiência de uso dos produtos da PEBMED pelo Usuário."
page 409.txt,40,"Se não for a vontade do Usuário receber “cookies”, ou o mesmo desejar uma notificação prévia antes de seu uso, ele deverá programar, a seu critério, seu web browser (navegador da web) com estas opções, caso seu browser disponha do recurso."
page 409.txt,41,"Essas tecnologias nos ajudam a entender melhor o comportamento do Usuário, nos informam que partes dos nossos sites as pessoas visitaram, além de ajudar e medir a eficácia das propagandas e pesquisas na web."
page 409.txt,42,Tratamos as informações coletadas por “cookies” e outras tecnologias como informações não pessoais.
page 409.txt,43,"Porém, à medida que os endereços do Protocolo da Internet ou identificadores similares forem considerados informações pessoais pela lei local, também trataremos esses identificadores como informações pessoais."
page 409.txt,44,"Similarmente, à medida que as informações não pessoais forem combinadas com informações pessoais, trataremos as informações combinadas como informações pessoais para os propósitos desta Política de Privacidade."
page 409.txt,45,"
Além das informações pessoais fornecidas, os produtos da PEBMED têm a capacidade tecnológica de recolher outras informações técnicas, como o endereço de protocolo de Internet do Usuário, o sistema operacional do computador, o tipo de browser e o endereço de websites de referência."
page 409.txt,46,"A PEBMED pode também coletar informações como ocupação, idioma, código postal, código de área, identificador único de dispositivo, URL de referência, localização e fuso horário em que um produto da PEBMED é utilizado para que possamos entender melhor o comportamento do cliente e melhorar nossos produtos, serviços e propaganda."
page 409.txt,47,Também coletamos informações sobre atividades do cliente em nossos sites e em nossos outros produtos.
page 409.txt,48,"Essas informações são agregadas e usadas para nos ajudar a fornecer informações mais úteis para nossos clientes e para entender quais partes de nosso site, produtos e serviços são de mais interesse."
page 409.txt,49,"Como descrito acima, usamos tecnologias para rastrear o uso dos serviços e produtos, incluindo o consumo de conteúdo."
page 409.txt,50,"Podemos associar essas informações com outras informações que temos sobre o Usuário, incluindo informações pessoais, criando assim um perfil atualizado de tempos em tempos."
page 409.txt,52,"A PEBMED usa as informações que coleta sobre os Usuários dos nossos serviços, incluindo informações pessoais, para avaliar e melhorar a eficácia dos serviços (incluindo publicidade e programas patrocinados), para desenvolver novos serviços e para a análise de mercado."
page 409.txt,53,Podemos combinar essa informação com informações que obtemos de terceiros.
page 409.txt,54,Uso de informações agregadas:
page 409.txt,55,podemos fornecer informações agregadas sobre os Usuários dos nossos serviços para terceiros que considerarmos apropriados.
page 409.txt,56,"Por exemplo, podemos criar um relatório sobre a porcentagem de Usuários registrados residentes em uma área geográfica ou especialistas de uma determinada idade, ou qual a porcentagem de participantes em uma pesquisa de mercado que selecionou uma determinada resposta a uma pergunta."
page 409.txt,57,Nós também podemos usar informações pessoais para avaliar o desempenho de uma campanha de publicidade e fornecer resultados agregados destas informações para o anunciante.
page 409.txt,58,"
Conforme já determinado anteriormente, a PEBMED não fornecerá as informações do Usuário a terceiros sem prévia autorização do mesmo, com exceção de casos em que são necessárias para responder às solicitações judiciais de entidades governamentais, somente nos limites do Marco Civil da Internet e da Lei de Proteção de Dados Pessoais, com o propósito de proteção de direitos, propriedades e/ou segurança dos produtos da PEBMED, de seus Usuários e/ou do público em geral (terceiros, na forma da lei)."
page 409.txt,60,"A PEBMED deverá, a seu critério, examinar as informações armazenadas nos seus bancos de dados com o propósito de identificar Usuários com múltiplas identidades ou pseudônimos para fins legais e/ou de segurança, para dirimir quaisquer disputas, solucionar problemas, e garantir que os Usuários não estejam utilizando os produtos da PEBMED para fins ilícitos, nos termos e condições da presente Política de Privacidade."
page 409.txt,61,"Em outra hipótese, se a PEBMED for obrigada por lei, ordem judicial ou outro processo legal a divulgar alguma informação pessoal do Usuário, não hesite em cooperar com estes agentes, nos limites previstos no Marco Civil da Internet e da Lei de Proteção de Dados Pessoais."
page 409.txt,62,"Assim, por meio deste Instrumento, o Usuário autoriza a PEBMED a divulgar estas informações pessoais para atender somente aos fins acima indicados."
page 409.txt,64,"A PEBMED ainda declara para os devidos fins que envida seus melhores esforços para garantir a proteção da privacidade dos Usuários nos produtos da PEBMED e manter a respectiva exatidão, com sistemas de segurança que garantem a proteção total destes dados, com salvaguardas físicas, administrativas e técnicas razoáveis para proteger as informações pessoais do Utilizador de acessos, utilização ou divulgação não autorizados."
page 409.txt,65,"Tem como política a não participação na prática de venda ou intercâmbio de dados pessoais com terceiros para fins promocionais, e a PEBMED também requer que os seus fornecedores protejam tais informações de acesso, utilização ou divulgação não autorizados."
page 409.txt,66,"
- Permissão para a PEBMED processar informações sobre o Usuário
"
page 409.txt,67,"As informações cedidas pelo Usuário e registradas devido ao uso do sistema e que não o torne identificável pessoalmente (como o padrão de navegação, por exemplo), denominados dados anonimizados, serão utilizadas pela PEBMED e servirão como insumos para o mapeamento de informações de mercado, formação de estatísticas dos produtos da PEBMED e o direcionamento de suas ações de marketing."
page 409.txt,68,"Através do cadastramento, uso e fornecimento de informações à PEBMED, o Usuário deliberadamente aceita os Termos de Uso e condições da Política de Privacidade sobre o uso de suas informações anonimizadas."
page 409.txt,70,"As informações cedidas pelo Usuário que o torna pessoalmente identificável, conforme indicadas no item 2 acima, têm como único objetivo fazer com que os Usuários dos produtos da PEBMED se relacionem com as ferramentas ali disponíveis e/ou com os outros Usuários, de forma a atender, única e exclusivamente, os comandos realizados por estes Usuários nos produtos da PEBMED."
page 409.txt,71,"
Além disso, as informações fornecidas são usadas para: (i) administrar a conta dos Usuários a fim de customizar cada vez mais os serviços; (ii) processamento dos comandos pedidos pelos próprios Usuários diretamente nos produtos da PEBMED, tais como as ferramentas requisitadas no ato do cadastro ou de forma posterior e/ou o débito dos valores nos cartões de crédito, quando expressamente informados pelos Usuários; (iii) comunicar atualizações dos produtos da PEBMED; (iv) quando autorizado no ato do cadastro, para a comunicação de novidades e ações de marketing da PEBMED ou de parceiros, através da tecnologia opt-in; e/ou (v) quando exigido pelas autoridades, nos limites do Marco Civil da Internet e da Lei de Proteção de Dados Pessoais, para atender a pedidos de investigação destes órgãos."
page 409.txt,72,"
Neste sentido, para desativar a sua conta na PEBMED, atualizar os seus dados, corrigir os mesmos ou pedir o seu descadastramento das mensagens recebidas, direito este garantido ao Usuário na forma da lei, o Usuário poderá acessar o link de descadastramento no final dos e-mails, o painel de configurações diretamente nos produtos da PEBMED ou mediante pedido aos administradores do site pelo e-mail contato@pebmed.com.br."
page 409.txt,73,"
Portanto, quando é indicado que a PEBMED utiliza as informações pessoais do Usuário no âmbito de um pedido, comando, transação ou acordo (ou para a preparação dos mesmos), ou para fornecer ao Usuário serviços solicitados pelo mesmo (tais como acesso à Plataforma PEBMED), essa informação é pedida por ser necessária para a correta prestação dos serviços ao Usuário."
page 409.txt,74,"
Quando é indicado que a PEBMED utiliza as informações pessoais do Usuário para fins de marketing, melhoria ou desenvolvimento de seus produtos e/ou serviços, para motivos de segurança, ou por requisitos regulamentares fora do âmbito do acordo ou pedido do Usuário, tal é efetuado com base nos interesses legítimos da PEBMED ou de terceiros ou com a autorização do Usuário."
page 409.txt,75,"A PEBMED pode usar suas informações de conta para administrar sua conta, responder às suas perguntas e enviar comunicações administrativas sobre os serviços."
page 409.txt,76,"Algumas vezes, podemos convidá-lo a participar de pesquisas e entrevistas para melhoria de nossos produtos, mudanças em nossos serviços e conhecimento de mercado para a PEBMED, afiliados e parceiros."
page 409.txt,77,Todos esses eventos são administrados pela PEBMED ou por terceiros agindo em nosso nome.
page 409.txt,78,Algumas dessas pesquisas e entrevistas solicitarão informações pessoais e de contato.
page 409.txt,79,Algumas vezes podemos oferecer-lhe a oportunidade de receber informações ou serviços adicionais nossos ou de terceiros.
page 409.txt,80,"Caso o Usuário queira receber essas informações, poderá ser solicitado o fornecimento de informações pessoais para satisfazer o seu pedido."
page 409.txt,81,"Podemos usar essas informações, conforme descrito nesta Política de Privacidade."
page 409.txt,82,"
Implementamos tecnologia, políticas de segurança e outras medidas para proteger os dados pessoais que temos sob nosso controle contra acesso não autorizado, uso indevido, alteração, destruição ilegal ou acidental e perda acidental."
page 409.txt,83,"Nós também exigimos que todos os nossos funcionários, outras pessoas que tenham acesso ou estejam associadas com o processamento de seus dados respeitem a sua confidencialidade."
page 409.txt,84,"Usamos métodos de segurança para determinar a identidade de Usuários registrados, para que os direitos e restrições apropriadas possam ser aplicadas para esse Usuário."
page 409.txt,85,Verificação confiável de identidade do Usuário é chamado de autenticação.
page 409.txt,86,Nós usamos ambas as senhas e nomes de usuário para autenticar os Usuários.
page 409.txt,87,Os Usuários são responsáveis por manter a segurança de suas credenciais de login.
page 409.txt,88,"
4.1."
page 409.txt,89,"Os e-mails que o Usuário nos envia
"
page 409.txt,90,"Esta Política de Privacidade não se aplica a informações, conteúdo, informações de negócios, ideias, conceitos ou invenções que o Usuário envie para nós por e-mail ou outra forma de comunicação."
page 409.txt,91,"Se você quiser manter o conteúdo ou informações de negócios, ideias, conceitos ou invenções privada ou exclusiva, não as envie para nós em um e-mail ou outra forma de comunicação, tais como correio, telefone ou mensagens."
page 409.txt,92,"
4.2."
page 409.txt,93,"E-mails e comunicações enviados pela PEBMED
"
page 409.txt,94,Coletamos informações adicionais sobre os nossos Usuários a partir de fontes de terceiros para nos ajudar a melhorar os nossos serviços e produtos.
page 409.txt,95,"Por exemplo, poderemos usar informações de terceiros para verificar e atualizar suas informações de registro e para personalizar os serviços prestados ao Usuário, incluindo a publicidade."
page 409.txt,96,"Ao registrar-se, o Usuário está consentindo a receber certas comunicações."
page 409.txt,97,"Poderemos enviar e-mails, notificações, pop-ups, banners, mensagens de texto e outras formas de comunicação para fornecermos conteúdos, publicidade, informativos sobre os produtos e serviços da PEBMED, parceiros e afiliados."
page 409.txt,98,"
- As obrigações do Usuário
É dever do Usuário obedecer aos atuais Termos de Uso, como publicado pela PEBMED na sua Plataforma e/ou em seu site, e à presente Política de Privacidade, o que inclui respeitar propriedade intelectual de terceiros."
page 409.txt,100,"O Usuário não deve executar download, upload ou qualquer forma de disseminação de material ou informação de caráter violento, ofensivo, racista ou xenofóbico ou qualquer um que viole o espírito e objetivos da PEBMED e sua comunidade de Usuários."
page 409.txt,102,"O Usuário não deve prover à PEBMED e/ou a qualquer outro Usuário informações que ele acredite serem danosas à sua pessoa, profissional ou socialmente."
page 409.txt,103,"Dessa forma, ao publicar comentários em locais públicos dos produtos da PEBMED ou em qualquer canal de comunicação da PEBMED, o Usuário deve ter em conta que estas informações serão visualizadas por outros Usuários e o público em geral."
page 409.txt,105,"O Usuário deve se registrar na PEBMED para ter acesso a todos os serviços, todavia, caso não se registre, o Usuário terá acesso limitado."
page 409.txt,106,"Mesmo que o Usuário não tenha se cadastrado, nós coletamos informações não pessoais sobre o seu uso dos serviços através de “cookies”."
page 409.txt,107,"As informações não pessoais que coletamos inclui a origem de referência, se for o caso, o tipo de navegador, informações sobre seu dispositivo, o material visto, versão do App, tempo de uso, frequência de uso, local, hora e data que o Usuário acessou os nossos produtos."
page 409.txt,108,"
- Usuários menores de idade
"
page 409.txt,109,"Informações de menores de idade não poderão ser submetidas à Plataforma PEBMED por pessoas com idade inferior a 18 anos, sem o prévio consentimento dos pais ou responsável."
page 409.txt,110,"É terminantemente proibido que menores de idade naveguem e façam uso das diversas ferramentas dos produtos da PEBMED, sem o referido consentimento."
page 409.txt,111,"
Caso informações de menores de idade sejam submetidas à Plataforma PEBMED, pedimos que o Usuário apresente o consentimento específico, dado por pelo menos um dos pais ou pelo responsável legal, em nome do menor."
page 409.txt,112,"Com a aceitação dos termos previstos nesta Política de Privacidade, no ato do cadastro, ficará tacitamente entendido que este consentimento foi dado pelos pais ou responsável, e que as informações inseridas no cadastro, junto com as informações dos menores de idade, são destes responsáveis, ficando estes exclusivamente responsáveis pelo conteúdo acessado pelos menores de idade."
page 409.txt,113,"
- Período de retenção e exportação dos dados
"
page 409.txt,114,"A PEBMED não irá reter informações pessoais mais tempo do que o necessário para o cumprimento da finalidade para as quais as mesmas foram processadas, incluindo a segurança do processamento em conformidade com as obrigações jurídicas e regulamentares (por exemplo, auditoria, contabilidade e termos de retenção estatutária), litígios quanto ao processamento, e para o estabelecimento, exercício ou defesa de seu interesse legítimo."
page 409.txt,116,"No entanto, ao cancelar o seu cadastro, o Usuário terá o prazo de 30 (trinta) dias a contar do último dia de acesso nos produtos da PEBMED para fazer uma requisição sobre os seus dados."
page 409.txt,117,"Após este prazo, a PEBMED não garantirá mais a disponibilidade dos dados do Usuário, sendo que o Usuário tem ciência que, pela legislação em vigor, este possui uma obrigação de manter um backup físico destes arquivos pelos prazos exigidos em lei, independente dos serviços e/ou produtos fornecidos pelos produtos da PEBMED."
page 409.txt,119,"Podemos divulgar informações pessoais quando acreditamos que (1) é necessário para cumprir os requisitos legais válidos tais como uma lei, regulamento, mandado de busca, intimação ou ordem judicial; ou (2) é razoável em resposta a uma ameaça física ao Usuário ou outros, para proteger a propriedade ou defender ou fazer valer os direitos legais da PEBMED ou outros."
page 409.txt,120,"
- Canal de comunicação com o Usuário
Se o Usuário tiver qualquer dúvida sobre a presente Política de Privacidade ou sugestão sobre Os produtos da PEBMED, ele poderá encaminhar um e-mail para o contato@pebmed.com.br."
page 409.txt,122,"A sua mensagem será encaminhada para o membro responsável pelo tratamento das informações do Usuário, à luz da Lei de Proteção de Dados Pessoais, que, para todos os fins e efeitos, é Pedro Gemal Lanzieri."
page 409.txt,123,"
- Direito de apresentar queixa
"
page 409.txt,124,"Se o Usuário considerar que o processamento das suas informações pessoais, por parte da PEBMED, não está em conformidade com as leis de proteção de dados aplicáveis, tem o direito de apresentar queixa: (i) diretamente junto da PEBMED, mediante envio de um e-mail para contato@pebmed.com.br; e/ou (ii) junto das autoridades de proteção de dados competentes."
page 409.txt,125,"
- Nosso compromisso com sua Privacidade
Para estarmos certos de que suas informações pessoais estão seguras, comunicamos nossas diretrizes de privacidade e segurança aos funcionários e impomos estritamente as salvaguardas de privacidade na empresa."
page 409.txt,126,Reservamo-nos o direito de modificar esta Política de Privacidade a qualquer momento e as alterações entrarão em vigor após a publicação da Política de Privacidade modificada.
page 409.txt,127,Se fizermos quaisquer alterações materiais a esta Política iremos notificá-lo por e-mail (enviado para o endereço de e-mail incluído no perfil da sua conta) e/ou por meio de um anúncio no momento em que a mudança se tornar eficaz.
page 409.txt,128,A PEBMED encoraja o Usuário a revisar periodicamente esta Política de Privacidade para obter as informações mais recentes sobre nossas práticas de privacidade.
page 409.txt,129,"Se o Usuário não aceitar os termos desta Política de Privacidade, pedimos que o Usuário não se cadastre conosco e que não faça uso de nossos produtos e/ou serviços."
page 409.txt,130,"Ao continuar a usar os produtos e serviços após alterações feitas para esta Política de Privacidade, o Usuário concorda com tais mudanças automaticamente."
page 409.txt,131,"
Agradecemos a sua atenção."
page 409.txt,133,Bruno Afonso
page 409.txt,134,Lagoeiro
page 409.txt,135,"Jorge
"
page 409.txt,136,Data de atualização: 08 de Agosto de 2020.
page 409.txt,137,"
Contato por email: privacy@pebmed.com.br ou privacidade@pebmed.com.br
Contato por Whatsapp: 55 21 97376-4379 | Horário de atendimento: segunda a sexta, das 10h às 17h."
