Document,Parag_number,Paragraph_Text
page 14.txt,0,"Em tudo que a gente faz, buscamos proteger nossos dados e informações."
page 14.txt,1,A gente sabe que pra você também é assim.
page 14.txt,2,"Seus dados pessoais(""Dados"") são bens valiosos que devem ser preservados."
page 14.txt,3,Por isso você precisa saber exatamente como eles podem ser utilizados.
page 14.txt,4,Foi justamente para isso que criamos essa Política de Privacidade (“Política”).
page 14.txt,5,"
Para você aproveitar todos os benefícios dos Serviços e participar de promoções, eventos online, sorteios, votações, realizar compras, acessar Serviços gratuitos e realizar assinaturas de Serviços, o primeiro passo será a criação de uma Conta Globo ou o seu registro em nossos cadastros."
page 14.txt,6,"
Pelo seu cadastro da Conta Globo
"
page 14.txt,7,"Quando você cria a sua Conta Globo, nós perguntamos Dados como nome, e-mail, data de nascimento, gênero e localização para que você crie um login e senha."
page 14.txt,8,"
Coletamos alguns Dados sobre você quando você cria a sua Conta Globo, para que você crie um login e senha (“Conta Globo”)."
page 14.txt,9,"Durante o processo de cadastro, nós solicitamos Dados como seu nome completo, endereço de e-mail, data de nascimento, gênero, localização, CPF, endereço, telefone fixo e/ou celular e, no caso de assinatura de Serviços, dados de cobrança (conforme aplicável ao Serviço)."
page 14.txt,10,"
Pelo seu cadastro da Conta Globo
"
page 14.txt,11,"Quando você cria a sua Conta Globo, nós perguntamos Dados como nome, e-mail, data de nascimento, gênero e localização para que você crie um login e senha."
page 14.txt,12,"
Coletamos alguns Dados sobre você quando você cria a sua Conta Globo, para que você crie um login e senha (“Conta Globo”)."
page 14.txt,13,"Durante o processo de cadastro, nós solicitamos Dados como seu nome completo, endereço de e-mail, data de nascimento, gênero, localização, CPF, endereço, telefone fixo e/ou celular e, no caso de assinatura de Serviços, dados de cobrança (conforme aplicável ao Serviço)."
page 14.txt,15,"Dados de outros cadastros da Globo
"
page 14.txt,16,Coletamos
page 14.txt,17,"Dados similares aos do login da Conta Globo, quando você utiliza serviços específicos, tais como o nosso e-commerce e outros que não utilizam a Conta Globo."
page 14.txt,18,"
Coletamos seus Dados, ainda, quando você se cadastra para acessar nosso e-commerce, bem como Serviços específicos que não se utilizam da Conta Globo."
page 14.txt,19,"Nestes cadastros, solicitamos usualmente os mesmos Dados necessários para criar uma Conta Globo."
page 14.txt,21,"Dados de outros cadastros da Globo
"
page 14.txt,22,Coletamos
page 14.txt,23,"Dados similares aos do login da Conta Globo, quando você utiliza serviços específicos, tais como o nosso e-commerce e outros que não utilizam a Conta Globo."
page 14.txt,24,"
Coletamos seus Dados, ainda, quando você se cadastra para acessar nosso e-commerce, bem como Serviços específicos que não se utilizam da Conta Globo."
page 14.txt,25,"Nestes cadastros, solicitamos usualmente os mesmos Dados necessários para criar uma Conta Globo."
page 14.txt,26,"
Pela sua navegação nos nossos sites"
page 14.txt,27,"
Coletamos Dados quando você acessa os nossos sites, realiza buscas e preenche formulários, como no caso de enviar comentários e participar de votações."
page 14.txt,28,"
Também coletamos seus Dados quando você (i) utiliza os nossos Serviços; (ii) preenche formulários, faz comentários, participa de promoções, votações, eventos online, sorteios, realiza buscas e demais interações nos nossos Serviços; e (iii) acessa nossos Serviços pelo seu computador, telefone celular, smart TV e/ou outro dispositivo de acesso."
page 14.txt,29,"Os dados coletados a partir do seu acesso aos Serviços incluem: sua localização aproximada (latitude e longitude); seu endereço de IP; informações do seu dispositivo de acesso (como identificador da unidade, identificador de publicidade, nome e tipo de sistema operacional); informação da sua conexão de internet; tipo do seu navegador e as páginas e conteúdos que você acessa em nossos Serviços."
page 14.txt,30,"
Além disso, quando você interagir com determinados Serviços, podemos solicitar acesso à sua galeria de fotos, fotos em redes sociais, câmera e microfone do seu dispositivo de acesso, bem como sua lista de contatos."
page 14.txt,31,"Em tais situações, sempre será solicitada a sua prévia autorização para a coleta dos referidos Dados."
page 14.txt,32,"
Pela sua navegação nos nossos sites"
page 14.txt,33,"
Coletamos Dados quando você acessa os nossos sites, realiza buscas e preenche formulários, como no caso de enviar comentários e participar de votações."
page 14.txt,34,"
Também coletamos seus Dados quando você (i) utiliza os nossos Serviços; (ii) preenche formulários, faz comentários, participa de promoções, votações, eventos online, sorteios, realiza buscas e demais interações nos nossos Serviços; e (iii) acessa nossos Serviços pelo seu computador, telefone celular, smart TV e/ou outro dispositivo de acesso."
page 14.txt,35,"Os dados coletados a partir do seu acesso aos Serviços incluem: sua localização aproximada (latitude e longitude); seu endereço de IP; informações do seu dispositivo de acesso (como identificador da unidade, identificador de publicidade, nome e tipo de sistema operacional); informação da sua conexão de internet; tipo do seu navegador e as páginas e conteúdos que você acessa em nossos Serviços."
page 14.txt,36,"
Além disso, quando você interagir com determinados Serviços, podemos solicitar acesso à sua galeria de fotos, fotos em redes sociais, câmera e microfone do seu dispositivo de acesso, bem como sua lista de contatos."
page 14.txt,37,"Em tais situações, sempre será solicitada a sua prévia autorização para a coleta dos referidos Dados."
page 14.txt,39,"Através de terceiros
"
page 14.txt,40,"Alguns dos seus Dados podem ser obtidos por nós através de fontes disponíveis ao público, prestadores de serviços e nossos parceiros."
page 14.txt,42,"Coletamos Dados sobre você de fontes disponíveis ao público, prestadores de serviços e parceiros que nos forneçam os seus Dados de acordo com a legislação aplicável."
page 14.txt,44,"Através de terceiros
"
page 14.txt,45,"Alguns dos seus Dados podem ser obtidos por nós através de fontes disponíveis ao público, prestadores de serviços e nossos parceiros."
page 14.txt,47,"Coletamos Dados sobre você de fontes disponíveis ao público, prestadores de serviços e parceiros que nos forneçam os seus Dados de acordo com a legislação aplicável."
page 14.txt,49,"Através do uso de cookies
"
page 14.txt,50,Os cookies são usados para observar hábitos de visita.
page 14.txt,51,"Eles nos permitem lembrar suas preferências, entregar anúncios e analisar audiências."
page 14.txt,53,"O que são cookies e qual sua utilidade
Cookies são pequenos arquivos de texto enviados e armazenados no seu computador."
page 14.txt,54,"Estes pequenos arquivos servem para reconhecer, acompanhar e armazenar a sua navegação como usuário na Internet."
page 14.txt,55,"
Qual a utilidade dos cookies
"
page 14.txt,56,"O uso de cookies para acompanhar e armazenar informações possibilitará à Globo oferecer um serviço mais personalizado, de acordo com as características e interesses de seus usuários, possibilitando, inclusive, a oferta de conteúdo e publicidade específicos para cada pessoa, beneficiando a experiência do usuário na Internet."
page 14.txt,57,"
Em geral, os cookies são utilizados para:"
page 14.txt,58,"
·"
page 14.txt,59,"Proporcionar serviços diferenciados, lembrando quem você é e quais são os seus hábitos de navegação, além de acessar as informações do seu cadastro na Globo;"
page 14.txt,60,"
· Calcular a dimensão da audiência da Globo;"
page 14.txt,61,"
· Acompanhar o andamento de promoções."
page 14.txt,62,"Quando uma promoção organizada pela Globo usa cookies, as informações gravadas no cookie indicam a pontuação do usuário;"
page 14.txt,63,"
·"
page 14.txt,64,"Medir certos padrões de navegação, mapeando quais áreas dos portais dos Serviços você visitou e seus hábitos de visita como um todo."
page 14.txt,65,"Usamos essa informação para verificar a rotina de navegação dos nossos usuários, e assim oferecer conteúdo e/ou serviços cada vez mais personalizados;"
page 14.txt,66,"e
· Facilitar e agilizar o preenchimento de formulários."
page 14.txt,67,As informações contidas nos cookies de cada usuário podem ser utilizadas para preencher previamente os formulários de coleta de dados existentes na Internet.
page 14.txt,69,Categorias de cookies
page 14.txt,71,"Estritamente necessária
Necessários para o funcionamento do site."
page 14.txt,72,"Eles permitem que você navegue em nossos sites e use os serviços e recursos (por exemplo, cookies de segurança para autenticar usuários, evitar a utilização fraudulenta de credenciais de login e proteger os dados do usuário de terceiros não autorizados)."
page 14.txt,73,"
Desempenho"
page 14.txt,75,"Esses cookies normalmente coletam informações de forma anônima e permitem determinar informações, como o número de visitantes de uma página, como os visitantes chegaram ao site e as páginas acessadas."
page 14.txt,76,"
Funcionalidade
"
page 14.txt,77,"Os cookies desta categoria permitem que a Globo se lembre de informações sobre o comportamento e preferências do usuário, como, por exemplo, uma cidade escolhida."
page 14.txt,78,"
A perda das informações armazenadas em um cookie de preferência pode tornar a experiência no website menos funcional, mas não o impede de funcionar."
page 14.txt,79,"
Publicidade e direcionamento
"
page 14.txt,80,A Globo utiliza alguns cookies com o fim publicitário.
page 14.txt,81,Isto se faz para entregar anúncios e fazer campanhas publicitárias de acordo com um determinado público.
page 14.txt,82,Através desses é possível entregar anúncios de acordo com o seu perfil de consumo no site.
page 14.txt,84,"Utilização de cookies de terceiros
Prestadores de serviços de tecnologia poderão utilizar seus próprios cookies nos Serviços, com a nossa autorização, para prestação de serviços à Globo."
page 14.txt,85,Tais cookies coletarão os seus Dados nas nossas propriedades para as finalidades previstas nesta política.
page 14.txt,86,"
Como alterar ou bloquear cookies
"
page 14.txt,87,A maioria dos navegadores é configurada para aceitar automaticamente os cookies.
page 14.txt,88,"Você pode, contudo, alterar as configurações para bloquear cookies ou alertá-lo quando um cookie estiver sendo enviado ao seu dispositivo."
page 14.txt,89,"Existem várias formas de gerenciar cookies, sendo possível criar um bloqueio geral para cookies, bloquear cookies de um site específico e até mesmo bloquear cookies de terceiros em relação a um site."
page 14.txt,90,"Bloquear todos os cookies vai afetar o funcionamento da sua experiência, pois não será possível identificar suas preferências e recomendar conteúdo e publicidade relevantes."
page 14.txt,92,"Consulte as instruções do seu navegador para saber mais sobre como ajustar ou alterar suas configurações, lembrando que a configuração desejada deve ser replicada em todos os dispositivos utilizados para acessar os Serviços (como computadores, smartphones, tablets)."
page 14.txt,93,"Se desejar, consulte aqui os links para alterar a configuração de cookies nos principais navegadores."
page 14.txt,95,"Através do uso de cookies
"
page 14.txt,96,Os cookies são usados para observar hábitos de visita.
page 14.txt,97,"Eles nos permitem lembrar suas preferências, entregar anúncios e analisar audiências."
page 14.txt,99,"O que são cookies e qual sua utilidade
Cookies são pequenos arquivos de texto enviados e armazenados no seu computador."
page 14.txt,100,"Estes pequenos arquivos servem para reconhecer, acompanhar e armazenar a sua navegação como usuário na Internet."
page 14.txt,101,"
Qual a utilidade dos cookies
"
page 14.txt,102,"O uso de cookies para acompanhar e armazenar informações possibilitará à Globo oferecer um serviço mais personalizado, de acordo com as características e interesses de seus usuários, possibilitando, inclusive, a oferta de conteúdo e publicidade específicos para cada pessoa, beneficiando a experiência do usuário na Internet."
page 14.txt,103,"
Em geral, os cookies são utilizados para:"
page 14.txt,104,"
·"
page 14.txt,105,"Proporcionar serviços diferenciados, lembrando quem você é e quais são os seus hábitos de navegação, além de acessar as informações do seu cadastro na Globo;"
page 14.txt,106,"
· Calcular a dimensão da audiência da Globo;"
page 14.txt,107,"
· Acompanhar o andamento de promoções."
page 14.txt,108,"Quando uma promoção organizada pela Globo usa cookies, as informações gravadas no cookie indicam a pontuação do usuário;"
page 14.txt,109,"
·"
page 14.txt,110,"Medir certos padrões de navegação, mapeando quais áreas dos portais dos Serviços você visitou e seus hábitos de visita como um todo."
page 14.txt,111,"Usamos essa informação para verificar a rotina de navegação dos nossos usuários, e assim oferecer conteúdo e/ou serviços cada vez mais personalizados;"
page 14.txt,112,"e
· Facilitar e agilizar o preenchimento de formulários."
page 14.txt,113,As informações contidas nos cookies de cada usuário podem ser utilizadas para preencher previamente os formulários de coleta de dados existentes na Internet.
page 14.txt,115,Categorias de cookies
page 14.txt,117,"Estritamente necessária
Necessários para o funcionamento do site."
page 14.txt,118,"Eles permitem que você navegue em nossos sites e use os serviços e recursos (por exemplo, cookies de segurança para autenticar usuários, evitar a utilização fraudulenta de credenciais de login e proteger os dados do usuário de terceiros não autorizados)."
page 14.txt,119,"
Desempenho"
page 14.txt,121,"Esses cookies normalmente coletam informações de forma anônima e permitem determinar informações, como o número de visitantes de uma página, como os visitantes chegaram ao site e as páginas acessadas."
page 14.txt,122,"
Funcionalidade
"
page 14.txt,123,"Os cookies desta categoria permitem que a Globo se lembre de informações sobre o comportamento e preferências do usuário, como, por exemplo, uma cidade escolhida."
page 14.txt,124,"
A perda das informações armazenadas em um cookie de preferência pode tornar a experiência no website menos funcional, mas não o impede de funcionar."
page 14.txt,125,"
Publicidade e direcionamento
"
page 14.txt,126,A Globo utiliza alguns cookies com o fim publicitário.
page 14.txt,127,Isto se faz para entregar anúncios e fazer campanhas publicitárias de acordo com um determinado público.
page 14.txt,128,Através desses é possível entregar anúncios de acordo com o seu perfil de consumo no site.
page 14.txt,130,"Utilização de cookies de terceiros
Prestadores de serviços de tecnologia poderão utilizar seus próprios cookies nos Serviços, com a nossa autorização, para prestação de serviços à Globo."
page 14.txt,131,Tais cookies coletarão os seus Dados nas nossas propriedades para as finalidades previstas nesta política.
page 14.txt,132,"
Como alterar ou bloquear cookies
"
page 14.txt,133,A maioria dos navegadores é configurada para aceitar automaticamente os cookies.
page 14.txt,134,"Você pode, contudo, alterar as configurações para bloquear cookies ou alertá-lo quando um cookie estiver sendo enviado ao seu dispositivo."
page 14.txt,135,"Existem várias formas de gerenciar cookies, sendo possível criar um bloqueio geral para cookies, bloquear cookies de um site específico e até mesmo bloquear cookies de terceiros em relação a um site."
page 14.txt,136,"Bloquear todos os cookies vai afetar o funcionamento da sua experiência, pois não será possível identificar suas preferências e recomendar conteúdo e publicidade relevantes."
page 14.txt,138,"Consulte as instruções do seu navegador para saber mais sobre como ajustar ou alterar suas configurações, lembrando que a configuração desejada deve ser replicada em todos os dispositivos utilizados para acessar os Serviços (como computadores, smartphones, tablets)."
page 14.txt,139,"Se desejar, consulte aqui os links para alterar a configuração de cookies nos principais navegadores."
page 14.txt,141,"Você no controle
"
page 14.txt,142,A qualquer momento você pode visualizar e editar seus Dados contidos na Conta Globo ou em outros cadastros.
page 14.txt,143,"
Seus direitos podem ser exercidos das seguintes formas:"
page 14.txt,144,"
·"
page 14.txt,145,"Acessar os seus Dados e retificá-los quando os mesmos estiverem incompletos, inexatos ou desatualizados."
page 14.txt,146,"Por isso, nós disponibilizamos ferramentas e configurações em sua Conta Globoou em outros cadastros da Globo que você tenha (conforme aplicável) para que você possa acessar e corrigir os seus Dados associados a tais cadastros."
page 14.txt,147,"Caso você tenha dúvidas, você também pode solicitar o acesso e a retificação dos seus Dados, bem como confirmar a existência de tratamento, através do nosso time de privacidade."
page 14.txt,148,privacidade.
page 14.txt,150,·
page 14.txt,151,Você pode solicitar a exclusão dos seus Dados através do cancelamento da sua Conta Globo ou de outros cadastros da Globo que você tenha (conforme aplicável) e a Globo fará a exclusão definitiva de seus Dados em até 180 dias.
page 14.txt,152,"Após a exclusão, a Globo poderá manter os seus Dados somente (a) pelo prazo necessário para fins de processos judiciais, administrativos e arbitrais, (b) para cumprimento de obrigação legal e/ou regulatória, (c) para o exercício regular de direitos, como, por exemplo, fazer valer os direitos da Globo com base no contrato de assinatura e/ou Termos de Uso aplicáveis ou (d) em formato anonimizado."
page 14.txt,154,·
page 14.txt,155,Você tem o direito de receber seus Dados em um formato simplificado.
page 14.txt,156,"Para tanto, disponibilizamos a opção de download dos Dados vinculados à Conta Globo."
page 14.txt,158,"Você no controle
"
page 14.txt,159,A qualquer momento você pode visualizar e editar seus Dados contidos na Conta Globo ou em outros cadastros.
page 14.txt,160,"
Seus direitos podem ser exercidos das seguintes formas:"
page 14.txt,161,"
·"
page 14.txt,162,"Acessar os seus Dados e retificá-los quando os mesmos estiverem incompletos, inexatos ou desatualizados."
page 14.txt,163,"Por isso, nós disponibilizamos ferramentas e configurações em sua Conta Globoou em outros cadastros da Globo que você tenha (conforme aplicável) para que você possa acessar e corrigir os seus Dados associados a tais cadastros."
page 14.txt,164,"Caso você tenha dúvidas, você também pode solicitar o acesso e a retificação dos seus Dados, bem como confirmar a existência de tratamento, através do nosso time de privacidade."
page 14.txt,165,privacidade.
page 14.txt,167,·
page 14.txt,168,Você pode solicitar a exclusão dos seus Dados através do cancelamento da sua Conta Globo ou de outros cadastros da Globo que você tenha (conforme aplicável) e a Globo fará a exclusão definitiva de seus Dados em até 180 dias.
page 14.txt,169,"Após a exclusão, a Globo poderá manter os seus Dados somente (a) pelo prazo necessário para fins de processos judiciais, administrativos e arbitrais, (b) para cumprimento de obrigação legal e/ou regulatória, (c) para o exercício regular de direitos, como, por exemplo, fazer valer os direitos da Globo com base no contrato de assinatura e/ou Termos de Uso aplicáveis ou (d) em formato anonimizado."
page 14.txt,171,·
page 14.txt,172,Você tem o direito de receber seus Dados em um formato simplificado.
page 14.txt,173,"Para tanto, disponibilizamos a opção de download dos Dados vinculados à Conta Globo."
page 14.txt,174,"
Onde armazenamos, tratamos e transferimos os seus Dados
"
page 14.txt,175,"Seus Dados podem ser transferidos, armazenados e tratados no Brasil e no exterior, respeitando procedimentos de segurança e confidencialidade."
page 14.txt,177,"Você consente que os seus Dados poderão ser transferidos, armazenados e tratados no Brasil ou em território estrangeiro pela Globo ou por Parceiros, de acordo com essa Política."
page 14.txt,178,"Onde quer que seus Dados sejam transferidos, armazenados ou tratados por nós ou por nossos Parceiros, saiba que tomaremos as medidas técnicas e organizacionais de segurança e confidencialidade e as proteções para garantir um nível adequado de proteção de Dados (consulte a seção “"
page 14.txt,179,Como mantemos a segurança dos seus Dados” abaixo).
page 14.txt,180,"
Onde armazenamos, tratamos e transferimos os seus Dados
"
page 14.txt,181,"Seus Dados podem ser transferidos, armazenados e tratados no Brasil e no exterior, respeitando procedimentos de segurança e confidencialidade."
page 14.txt,183,"Você consente que os seus Dados poderão ser transferidos, armazenados e tratados no Brasil ou em território estrangeiro pela Globo ou por Parceiros, de acordo com essa Política."
page 14.txt,184,"Onde quer que seus Dados sejam transferidos, armazenados ou tratados por nós ou por nossos Parceiros, saiba que tomaremos as medidas técnicas e organizacionais de segurança e confidencialidade e as proteções para garantir um nível adequado de proteção de Dados (consulte a seção “"
page 14.txt,185,Como mantemos a segurança dos seus Dados” abaixo).
page 14.txt,186,"
Como usamos os seus Dados?"
page 14.txt,188,Utilizamos seus Dados para:
page 14.txt,189,"
Fornecer Serviços a você
"
page 14.txt,190,"Seus Dados são coletados para que possamos entregar conteúdo, processar pagamentos e direcionar serviços que possam ser do seu interesse."
page 14.txt,191,"
o Cumprir com os termos e condições desta Política, dos Termos de Uso e dos contratos de assinatura (conforme aplicável);"
page 14.txt,192,"
o Viabilizar a compra e entrega dos nossos produtos, através de e-commerce;"
page 14.txt,193,"
o Entregar conteúdo impresso;"
page 14.txt,194,"
o Processar o pagamento, no caso de você contratar um Serviço pago;"
page 14.txt,195,"
o Confirmar e completar seus Dados, conforme a relação estabelecida com você;"
page 14.txt,196,"
o Cumprir as exigências de promoções, ações comerciais ou concursos, no caso de promoções, ações comerciais concursos realizados pela Globo, ou patrocinados por outras empresas, ou ainda, por meio de parcerias com a Globo, desde que você tenha concordado em participar de tais promoções ou concursos;"
page 14.txt,197,"
o Enviar confirmações e atender a seus pedidos, no caso dos Serviços pagos; e
o Obter histórico de crédito para ajudar a detectar e evitar casos de fraude."
page 14.txt,199,"Fornecer Serviços a você
"
page 14.txt,200,"Seus Dados são coletados para que possamos entregar conteúdo, processar pagamentos e direcionar serviços que possam ser do seu interesse."
page 14.txt,201,"
o Cumprir com os termos e condições desta Política, dos Termos de Uso e dos contratos de assinatura (conforme aplicável);"
page 14.txt,202,"
o Viabilizar a compra e entrega dos nossos produtos, através de e-commerce;"
page 14.txt,203,"
o Entregar conteúdo impresso;"
page 14.txt,204,"
o Processar o pagamento, no caso de você contratar um Serviço pago;"
page 14.txt,205,"
o Confirmar e completar seus Dados, conforme a relação estabelecida com você;"
page 14.txt,206,"
o Cumprir as exigências de promoções, ações comerciais ou concursos, no caso de promoções, ações comerciais concursos realizados pela Globo, ou patrocinados por outras empresas, ou ainda, por meio de parcerias com a Globo, desde que você tenha concordado em participar de tais promoções ou concursos;"
page 14.txt,207,"
o Enviar confirmações e atender a seus pedidos, no caso dos Serviços pagos; e
o Obter histórico de crédito para ajudar a detectar e evitar casos de fraude."
page 14.txt,208,"
Nos comunicar com você
"
page 14.txt,209,"Coletamos seus Dados para aprimorar nossos serviços, responder quando você entra em contato e para lhe manter informado sobre assuntos relevantes."
page 14.txt,210,"
o Responder quando você entra em contato com a Globo, conforme a relação estabelecida com você;"
page 14.txt,211,"
o Realizar enquetes e pesquisas com o intuito de testar, resolver problemas, aprimorar ou avaliar nossos Serviços;"
page 14.txt,212,"
o Comunicar sobre eventos, promoções e/ou anúncios conduzidos por nós e/ou pelas Empresas Relacionadas (conforme definido da seção “Com quem compartilhamos seus Dados” abaixo) e/ou, ainda, por nossos parceiros e anunciantes, em sua conta de e-mail, por mensagem de texto, aplicativo de mensagens, ligação telefônica (incluindo telemarketing) e notificação instantânea (push);"
page 14.txt,213,"
o Informar sobre mudanças em nossos termos, serviços ou políticas (incluindo esta Política); e
o Ofertar novos Serviços a você, através da sua conta de e-mail, por mensagem de texto, aplicativo de mensagens, ligação telefônica (incluindo telemarketing) e notificação instantânea (push), inclusive aqueles cuja contratação você iniciou, mas não finalizou."
page 14.txt,214,"
Nos comunicar com você
"
page 14.txt,215,"Coletamos seus Dados para aprimorar nossos serviços, responder quando você entra em contato e para lhe manter informado sobre assuntos relevantes."
page 14.txt,216,"
o Responder quando você entra em contato com a Globo, conforme a relação estabelecida com você;"
page 14.txt,217,"
o Realizar enquetes e pesquisas com o intuito de testar, resolver problemas, aprimorar ou avaliar nossos Serviços;"
page 14.txt,218,"
o Comunicar sobre eventos, promoções e/ou anúncios conduzidos por nós e/ou pelas Empresas Relacionadas (conforme definido da seção “Com quem compartilhamos seus Dados” abaixo) e/ou, ainda, por nossos parceiros e anunciantes, em sua conta de e-mail, por mensagem de texto, aplicativo de mensagens, ligação telefônica (incluindo telemarketing) e notificação instantânea (push);"
page 14.txt,219,"
o Informar sobre mudanças em nossos termos, serviços ou políticas (incluindo esta Política); e
o Ofertar novos Serviços a você, através da sua conta de e-mail, por mensagem de texto, aplicativo de mensagens, ligação telefônica (incluindo telemarketing) e notificação instantânea (push), inclusive aqueles cuja contratação você iniciou, mas não finalizou."
page 14.txt,221,"Prover segurança e proteger direitos
"
page 14.txt,222,"Mantemos determinados Dados a fim de evitar atividades ilegais, fraudulentas e suspeitas e para promover suporte técnico e operacional."
page 14.txt,223,"
o Prover suporte técnico e operacional e garantir a segurança e a funcionalidade dos Serviços;
o Prevenir atividades ilegais, fraudulentas ou suspeitas, que possam provocar danos à Globo ou a terceiros;
o Prevenir problemas técnicos ou de segurança;"
page 14.txt,224,"
o Proteger nossos direitos e propriedades, inclusive de invasões e hackeamento;"
page 14.txt,225,"e
o Proteger os direitos de propriedade de terceiros que usam nossos Serviços."
page 14.txt,227,"Prover segurança e proteger direitos
"
page 14.txt,228,"Mantemos determinados Dados a fim de evitar atividades ilegais, fraudulentas e suspeitas e para promover suporte técnico e operacional."
page 14.txt,229,"
o Prover suporte técnico e operacional e garantir a segurança e a funcionalidade dos Serviços;
o Prevenir atividades ilegais, fraudulentas ou suspeitas, que possam provocar danos à Globo ou a terceiros;
o Prevenir problemas técnicos ou de segurança;"
page 14.txt,230,"
o Proteger nossos direitos e propriedades, inclusive de invasões e hackeamento;"
page 14.txt,231,"e
o Proteger os direitos de propriedade de terceiros que usam nossos Serviços."
page 14.txt,233,"Personalizar a sua experiência
"
page 14.txt,234,"Seus Dados nos ajudam a criar uma experiência mais personalizada, selecionando conteúdos e publicidades de acordo com os seus interesses."
page 14.txt,235,"
o Selecionar e personalizar anúncios para você, dentro ou fora dos Serviços;
o Customizar os conteúdos e a publicidade que mostramos em nossos Serviços;
o Fazer inferências sobre conteúdos e temas que possam ser do seu interesse;"
page 14.txt,236,"
o Identificar e recomendar conteúdos, produtos e serviços da Globo e das Empresas Relacionadas que possam ser do seu interesse; e
o Criar um perfil sobre você, personalizando a sua experiência em nossos Serviços e nos serviços das Empresas Relacionadas."
page 14.txt,238,"Personalizar a sua experiência
"
page 14.txt,239,"Seus Dados nos ajudam a criar uma experiência mais personalizada, selecionando conteúdos e publicidades de acordo com os seus interesses."
page 14.txt,240,"
o Selecionar e personalizar anúncios para você, dentro ou fora dos Serviços;
o Customizar os conteúdos e a publicidade que mostramos em nossos Serviços;
o Fazer inferências sobre conteúdos e temas que possam ser do seu interesse;"
page 14.txt,241,"
o Identificar e recomendar conteúdos, produtos e serviços da Globo e das Empresas Relacionadas que possam ser do seu interesse; e
o Criar um perfil sobre você, personalizando a sua experiência em nossos Serviços e nos serviços das Empresas Relacionadas."
page 14.txt,243,Aprimorar
page 14.txt,244,", analisar os Serviços e desenvolver novos produtos e serviços
Seus Dados podem ser usados para atividades de pesquisa, análises e inovação dos nossos produtos e serviços."
page 14.txt,245,"
o Desenvolver, avaliar o desempenho, testar e aprimorar os Serviços, bem como novos conteúdos e serviços;"
page 14.txt,246,"
o Realizar atividades de pesquisa, análises e inovação relacionadas à performance e aprimoramento dos nossos Serviços, ou os das Empresas Relacionadas, ou ainda de nossos parceiros e patrocinadores;"
page 14.txt,247,"
o Apoiar anunciantes e parceiros na avaliação da efetividade e alcance de anúncios e também para entender os perfis de pessoas que acessam tais anúncios;"
page 14.txt,248,"
o Monitorar atividades e tendências de uso;"
page 14.txt,249,"
o Mensurar interações e audiência dos Serviços;"
page 14.txt,250,"
o Desenvolver aprendizado de máquina;"
page 14.txt,251,"e
o Reconhecer e acompanhar a sua navegação."
page 14.txt,252,"
Aprimorar, analisar os Serviços e desenvolver novos produtos e serviços
"
page 14.txt,253,"Seus Dados podem ser usados para atividades de pesquisa, análises e inovação dos nossos produtos e serviços."
page 14.txt,254,"
o Desenvolver, avaliar o desempenho, testar e aprimorar os Serviços, bem como novos conteúdos e serviços;"
page 14.txt,255,"
o Realizar atividades de pesquisa, análises e inovação relacionadas à performance e aprimoramento dos nossos Serviços, ou os das Empresas Relacionadas, ou ainda de nossos parceiros e patrocinadores;"
page 14.txt,256,"
o Apoiar anunciantes e parceiros na avaliação da efetividade e alcance de anúncios e também para entender os perfis de pessoas que acessam tais anúncios;"
page 14.txt,257,"
o Monitorar atividades e tendências de uso;"
page 14.txt,258,"
o Mensurar interações e audiência dos Serviços;"
page 14.txt,259,"
o Desenvolver aprendizado de máquina;"
page 14.txt,260,"e
o Reconhecer e acompanhar a sua navegação."
page 14.txt,261,"
Cumprir nossas obrigações legais e regulatórias
"
page 14.txt,262,"Os seus Dados podem ser necessários para que possamos cumprir determinações e medidas legais e regulatórias, sejam judiciais e administrativas."
page 14.txt,263,"
o Cumprir determinações legais, judiciais e administrativas e ofícios de autoridades competentes; e
o Tomar ou provocar medidas legais, judiciais e administrativas para defender nossos direitos e direitos de terceiros, inclusive em qualquer processo judicial ou administrativo."
page 14.txt,264,"
Cumprir nossas obrigações legais e regulatórias
"
page 14.txt,265,"Os seus Dados podem ser necessários para que possamos cumprir determinações e medidas legais e regulatórias, sejam judiciais e administrativas."
page 14.txt,266,"
o Cumprir determinações legais, judiciais e administrativas e ofícios de autoridades competentes; e
o Tomar ou provocar medidas legais, judiciais e administrativas para defender nossos direitos e direitos de terceiros, inclusive em qualquer processo judicial ou administrativo."
page 14.txt,268,"Promover o bem-estar social
Seus Dados podem nos ajudar a realizar, apoiar e incentivar pesquisas, projetos sociais e iniciativas relacionadas ao bem-estar social, cidadania, saúde, educação e cultura."
page 14.txt,269,"
o Realizar, apoiar e incentivar pesquisas, projetos sociais e iniciativas relacionadas ao bem-estar social geral, cidadania, saúde, educação e cultura."
page 14.txt,271,"Promover o bem-estar social
Seus Dados podem nos ajudar a realizar, apoiar e incentivar pesquisas, projetos sociais e iniciativas relacionadas ao bem-estar social, cidadania, saúde, educação e cultura."
page 14.txt,272,"
o Realizar, apoiar e incentivar pesquisas, projetos sociais e iniciativas relacionadas ao bem-estar social geral, cidadania, saúde, educação e cultura."
page 14.txt,273,"
Utilizar Dados obtidos de terceiros"
page 14.txt,274,"
Os Dados obtidos de terceiros são utilizados conforme a lei aplicável e nos termos de nossas políticas."
page 14.txt,275,"
o Utilizar os Dados com as mesmas finalidades permitidas na forma da lei ao terceiro que compartilhou seus dados com a Globo, assim como nos termos desta Política."
page 14.txt,276,"
Utilizar Dados obtidos de terceiros"
page 14.txt,277,"
Os Dados obtidos de terceiros são utilizados conforme a lei aplicável e nos termos de nossas políticas."
page 14.txt,278,"
o Utilizar os Dados com as mesmas finalidades permitidas na forma da lei ao terceiro que compartilhou seus dados com a Globo, assim como nos termos desta Política."
page 14.txt,279,"
Como tratamos Dados de menores"
page 14.txt,281,Sabemos o quanto é importante a privacidade e proteção dos Dados de menores.
page 14.txt,282,"
Não permitimos que menores de 8 anos criem uma Conta Globo ou que menores de 18 anos contratem Serviços pagos."
page 14.txt,283,"Nestes casos, os menores devem estar representados ou assistidos pelos responsáveis legais, na forma da lei."
page 14.txt,284,"
Estabelecemos, ainda, um fluxo de consentimento parental para que menores entre 8 e 16 anos possam criar a Conta Globo."
page 14.txt,285,"Tal fluxo consiste em solicitar a autorização do responsável legal para que o menor crie a Conta Globo, o que inclui o preenchimento opcional do CPF do responsável para fins de comprovação da maioridade."
page 14.txt,286,"
Como tratamos Dados de menores"
page 14.txt,288,Sabemos o quanto é importante a privacidade e proteção dos Dados de menores.
page 14.txt,289,"
Não permitimos que menores de 8 anos criem uma Conta Globo ou que menores de 18 anos contratem Serviços pagos."
page 14.txt,290,"Nestes casos, os menores devem estar representados ou assistidos pelos responsáveis legais, na forma da lei."
page 14.txt,291,"
Estabelecemos, ainda, um fluxo de consentimento parental para que menores entre 8 e 16 anos possam criar a Conta Globo."
page 14.txt,292,"Tal fluxo consiste em solicitar a autorização do responsável legal para que o menor crie a Conta Globo, o que inclui o preenchimento opcional do CPF do responsável para fins de comprovação da maioridade."
page 14.txt,293,"
Com quem compartilhamos os seus Dados?"
page 14.txt,295,"Podemos compartilhar seus Dados com terceiros, que seguem nossos padrões de segurança e confidencialidade."
page 14.txt,297,"Quais empresas Globo são as controladoras dos seus Dados
"
page 14.txt,298,"As empresas Globo compartilham entre si infraestrutura, sistemas e tecnologia para que você tenha uma experiência integrada, inovadora, eficiente e segura em todos os Serviços."
page 14.txt,300,Os seus Dados são controlados por todas as empresas Globo listadas abaixo:
page 14.txt,301,"
Globo Comunicação e Participações S.A (CNPJ /MF 27.865.757/0001-02) (“Som Livre”, “TV Globo”, “Globo.com”, “Globoplay” e “Canais Globo”)"
page 14.txt,302,;
page 14.txt,303,"
Editora Globo S.A. (CNPJ/MF 04.067.191/0001-60) (“Editora Globo” e “Jornal O Globo”)"
page 14.txt,304,;
page 14.txt,305,"
Podemos compartilhar seus Dados com terceiros, que seguem nossos padrões de segurança e confidencialidade."
page 14.txt,306,"
Seus Dados serão compartilhados com as categorias de terceiros (abaixo) (em conjunto, “Parceiros”) sempre de acordo com essa Política, o termo de uso do respectivo Serviço (quando houver), a legislação aplicável, para os fins abaixo estabelecidos."
page 14.txt,307,"
Patrocinadores e Anunciantes
"
page 14.txt,308,"Para fins de cumprimento de exigências de ações comerciais, promoções ou concursos, no caso de ações comerciais, promoções ou concursos patrocinados por outras empresas ou por meio de parcerias com a Globo, desde que você tenha concordado em participar de tais ações ou promoções e concursos."
page 14.txt,310,Empresas de pesquisa
page 14.txt,311,"
Para oferecer um serviço mais adequado ao seu perfil, nós e/ou nossos parceiros de pesquisa entraremos em contato com você para realizar enquetes e pesquisas com o intuito de testar, resolver problemas ou avaliar nossos Serviços."
page 14.txt,312,"
Empresas Relacionadas
Para (i) identificar produtos e serviços das Empresas Relacionadas que possam ser do seu interesse; (ii) criar um perfil mais personalizado sobre você com o propósito de ajudar a personalizar a sua experiência nos serviços de Empresas Relacionadas;"
page 14.txt,313,"(iii) ofertar publicidade baseada em seus interesses; (iv) realizar pesquisas e análises para auxiliar na melhoria dos serviços das Empresas Relacionadas (por exemplo, recomendando a você programas que possam ser do seu interesse); e (v) comunicar ações comerciais, promoções ou concursos conduzidos pelas Empresas Relacionadas e/ou pela Globo em parceria com as Empresas Relacionadas."
page 14.txt,314,"Por Empresas Relacionadas entendem-se todas empresas que são ou venham a ser controladas, controladoras, coligadas ou estar sob controle comum da Organizações Globo e Participações S.A.
"
page 14.txt,315,"Prestadores de Serviços de Tecnologia da Informação
Para (i) prestar serviços de nuvem para a nossa plataforma; (ii) hospedar os Serviços e conteúdos; e (iii) fornecer suporte técnico e operacional para os Serviços."
page 14.txt,316,"Nestas circunstâncias, seus Dados serão armazenados e processados em plataformas de terceiros, que podem estar localizadas no Brasil ou no exterior."
page 14.txt,318,"Prestador de Serviços de Suporte Técnico
Para que terceiros que nos prestem serviços de suporte técnico forneçam assistência aos usuários ou assinantes."
page 14.txt,319,"Nestas circunstâncias, seus Dados serão processados por tais terceiros."
page 14.txt,321,"Prestadores de Serviços de Marketing
Para oferecer anúncio relevante ao seu perfil, e-mail marketing, telemarketing, SMS, notificação instantânea (push), contamos com serviços de terceiros."
page 14.txt,322,"
Instituições Financeiras, Provedores de Meios de Pagamento, Integradores de Meios de Pagamento e Empresas de Cartões de Crédito."
page 14.txt,323,"
Para processar o pagamento no caso de você contratar um Serviço pago, vamos compartilhar o seu número de cartão de crédito, dados bancários, dados de cobrança e informações de contato com instituições financeiras, provedores de meios de pagamento, integradores de meios de pagamento e empresas de cartões de crédito."
page 14.txt,325,Parceiros de Análise de Dados e de Crédito.
page 14.txt,326,"
Para confirmar e completar seus Dados, cruzaremos os Dados que você nos fornece com aqueles que você compartilhou com empresas de análise de Dados, inclusive de crédito."
page 14.txt,328,"Autoridade Governamentais
"
page 14.txt,329,"Para (i) cumprir determinações legais, judiciais e administrativas e também cumprir ofícios de autoridades competentes e (ii) tomar ou provocar medidas legais, judiciais e administrativas para defender nossos direitos previstos nesta Política e nos Termos de Uso, inclusive em qualquer processo judicial ou administrativo."
page 14.txt,330,"Por Autoridades Governamentais entendem-se autoridades policiais, entidades públicas e/ou outras organizações governamentais."
page 14.txt,332,"Entidades de segurança e prevenção a fraudes
Para (i) cumprir obrigação contratual; (ii) exercitar os termos e condições desta Política e/ou dos Termos de Uso e/ou contratos de assinatura aos quais você aceitou; (iii) prevenir atividades ilegais, fraudulentas ou suspeitas; (iv) prevenir problemas técnicos ou de segurança; e (v) denunciar violações e/ou proteger nossos direitos e propriedades."
page 14.txt,334,Parceiros de Mensuração.
page 14.txt,335,"
Para realizar análises de audiência, alcance e relevância e relatório de mensuração dos Serviços."
page 14.txt,337,Afiliadas da Globo (Rede Globo de Televisão).
page 14.txt,338,"
Para que possam gerenciar os seus serviços que se utilizem de nossas ferramentas tecnológicas."
page 14.txt,340,"Parceiros e compradores de novas companhias e/ou ativos
"
page 14.txt,341,"Para venda de negócios, ativos ou participações societárias da Globo, ou constituição de novas companhias e realização de investimentos."
page 14.txt,343,"Parceiros de Negócios
Para (i) aprimorar nossos Serviços; (ii) ampliar nossos negócios; (iii) desenvolver novos negócios, inclusive negócios que envolvam a prestação de serviços a terceiros de complementação de Dados, para fins de facilitar seu cadastro e melhorar sua experiência nos produtos e serviços dos parceiros."
page 14.txt,344,"
Terceiros e parceiros"
page 14.txt,346,"Podemos compartilhar seus Dados com terceiros, que seguem nossos padrões de segurança e confidencialidade."
page 14.txt,347,"
Seus Dados serão compartilhados com as categorias de terceiros (abaixo) (em conjunto, “Parceiros”) sempre de acordo com essa Política, o termo de uso do respectivo Serviço (quando houver), a legislação aplicável, para os fins abaixo estabelecidos."
page 14.txt,348,"
Patrocinadores e Anunciantes
"
page 14.txt,349,"Para fins de cumprimento de exigências de ações comerciais, promoções ou concursos, no caso de ações comerciais, promoções ou concursos patrocinados por outras empresas ou por meio de parcerias com a Globo, desde que você tenha concordado em participar de tais ações ou promoções e concursos."
page 14.txt,351,Empresas de pesquisa
page 14.txt,352,"
Para oferecer um serviço mais adequado ao seu perfil, nós e/ou nossos parceiros de pesquisa entraremos em contato com você para realizar enquetes e pesquisas com o intuito de testar, resolver problemas ou avaliar nossos Serviços."
page 14.txt,353,"
Empresas Relacionadas
Para (i) identificar produtos e serviços das Empresas Relacionadas que possam ser do seu interesse; (ii) criar um perfil mais personalizado sobre você com o propósito de ajudar a personalizar a sua experiência nos serviços de Empresas Relacionadas;"
page 14.txt,354,"(iii) ofertar publicidade baseada em seus interesses; (iv) realizar pesquisas e análises para auxiliar na melhoria dos serviços das Empresas Relacionadas (por exemplo, recomendando a você programas que possam ser do seu interesse); e (v) comunicar ações comerciais, promoções ou concursos conduzidos pelas Empresas Relacionadas e/ou pela Globo em parceria com as Empresas Relacionadas."
page 14.txt,355,"Por Empresas Relacionadas entendem-se todas empresas que são ou venham a ser controladas, controladoras, coligadas ou estar sob controle comum da Organizações Globo e Participações S.A.
"
page 14.txt,356,"Prestadores de Serviços de Tecnologia da Informação
Para (i) prestar serviços de nuvem para a nossa plataforma; (ii) hospedar os Serviços e conteúdos; e (iii) fornecer suporte técnico e operacional para os Serviços."
page 14.txt,357,"Nestas circunstâncias, seus Dados serão armazenados e processados em plataformas de terceiros, que podem estar localizadas no Brasil ou no exterior."
page 14.txt,359,"Prestador de Serviços de Suporte Técnico
Para que terceiros que nos prestem serviços de suporte técnico forneçam assistência aos usuários ou assinantes."
page 14.txt,360,"Nestas circunstâncias, seus Dados serão processados por tais terceiros."
page 14.txt,362,"Prestadores de Serviços de Marketing
Para oferecer anúncio relevante ao seu perfil, e-mail marketing, telemarketing, SMS, notificação instantânea (push), contamos com serviços de terceiros."
page 14.txt,363,"
Instituições Financeiras, Provedores de Meios de Pagamento, Integradores de Meios de Pagamento e Empresas de Cartões de Crédito."
page 14.txt,364,"
Para processar o pagamento no caso de você contratar um Serviço pago, vamos compartilhar o seu número de cartão de crédito, dados bancários, dados de cobrança e informações de contato com instituições financeiras, provedores de meios de pagamento, integradores de meios de pagamento e empresas de cartões de crédito."
page 14.txt,366,Parceiros de Análise de Dados e de Crédito.
page 14.txt,367,"
Para confirmar e completar seus Dados, cruzaremos os Dados que você nos fornece com aqueles que você compartilhou com empresas de análise de Dados, inclusive de crédito."
page 14.txt,369,"Autoridade Governamentais
"
page 14.txt,370,"Para (i) cumprir determinações legais, judiciais e administrativas e também cumprir ofícios de autoridades competentes e (ii) tomar ou provocar medidas legais, judiciais e administrativas para defender nossos direitos previstos nesta Política e nos Termos de Uso, inclusive em qualquer processo judicial ou administrativo."
page 14.txt,371,"Por Autoridades Governamentais entendem-se autoridades policiais, entidades públicas e/ou outras organizações governamentais."
page 14.txt,373,"Entidades de segurança e prevenção a fraudes
Para (i) cumprir obrigação contratual; (ii) exercitar os termos e condições desta Política e/ou dos Termos de Uso e/ou contratos de assinatura aos quais você aceitou; (iii) prevenir atividades ilegais, fraudulentas ou suspeitas; (iv) prevenir problemas técnicos ou de segurança; e (v) denunciar violações e/ou proteger nossos direitos e propriedades."
page 14.txt,375,Parceiros de Mensuração.
page 14.txt,376,"
Para realizar análises de audiência, alcance e relevância e relatório de mensuração dos Serviços."
page 14.txt,378,Afiliadas da Globo (Rede Globo de Televisão).
page 14.txt,379,"
Para que possam gerenciar os seus serviços que se utilizem de nossas ferramentas tecnológicas."
page 14.txt,381,"Parceiros e compradores de novas companhias e/ou ativos
"
page 14.txt,382,"Para venda de negócios, ativos ou participações societárias da Globo, ou constituição de novas companhias e realização de investimentos."
page 14.txt,384,"Parceiros de Negócios
Para (i) aprimorar nossos Serviços; (ii) ampliar nossos negócios; (iii) desenvolver novos negócios, inclusive negócios que envolvam a prestação de serviços a terceiros de complementação de Dados, para fins de facilitar seu cadastro e melhorar sua experiência nos produtos e serviços dos parceiros."
page 14.txt,385,"
Como Parceiros poderão coletar Dados sobre você a partir dos serviços
"
page 14.txt,386,"Seus Dados podem ser coletados em nossas propriedades ou por terceiros em suas propriedades, respeitando a política de Dados de cada empresa envolvida."
page 14.txt,388,"Parceiros podem coletar Dados a partir dos Serviços, conforme abaixo:"
page 14.txt,389,"
Dados coletados por Parceiros em nossas propriedades."
page 14.txt,390,"
Nós possuímos"
page 14.txt,391,"Parceiros que incluem tags, pixels, cookies e outras ferramentas de monitoramento em nossas propriedades."
page 14.txt,392,"Estas tecnologias permitem acompanhar suas atividades em nossas propriedades (como, por exemplo, mensurar atividades e tendências de uso dos Serviços), para lhe oferecer a melhor experiência de uso de nossos Serviços ou uma publicidade direcionada com frequência de exposição adequada, sempre buscando proporcionar a você uma experiência única e personalizada."
page 14.txt,393,"
Dados coletados por terceiros em suas próprias propriedades."
page 14.txt,394,"
Nós possuímos diversos parceiros, anunciantes e/ou patrocinadores que criam e oferecem a você bens e serviços, além de sorteios, ações comerciais e promoções através das suas próprias propriedades que são acessadas a partir dos Serviços."
page 14.txt,395,"Os Dados que você fornece quando visita e/ou completa transações nesses sites de terceiros são solicitados e obtidos por esses parceiros, anunciantes e/ou patrocinadores, estando assim sujeitos às suas próprias práticas de tratamento de Dados."
page 14.txt,396,"
Para obter informações sobre as normas de tratamento de Dados desses parceiros, anunciantes e/ou patrocinadores, recomendamos que você consulte as respectivas políticas de privacidade no próprio site do parceiro, anunciante e/ou patrocinador."
page 14.txt,397,"
Como Parceiros poderão coletar Dados sobre você a partir dos serviços
"
page 14.txt,398,"Seus Dados podem ser coletados em nossas propriedades ou por terceiros em suas propriedades, respeitando a política de Dados de cada empresa envolvida."
page 14.txt,400,"Parceiros podem coletar Dados a partir dos Serviços, conforme abaixo:"
page 14.txt,401,"
Dados coletados por Parceiros em nossas propriedades."
page 14.txt,402,"
Nós possuímos"
page 14.txt,403,"Parceiros que incluem tags, pixels, cookies e outras ferramentas de monitoramento em nossas propriedades."
page 14.txt,404,"Estas tecnologias permitem acompanhar suas atividades em nossas propriedades (como, por exemplo, mensurar atividades e tendências de uso dos Serviços), para lhe oferecer a melhor experiência de uso de nossos Serviços ou uma publicidade direcionada com frequência de exposição adequada, sempre buscando proporcionar a você uma experiência única e personalizada."
page 14.txt,405,"
Dados coletados por terceiros em suas próprias propriedades."
page 14.txt,406,"
Nós possuímos diversos parceiros, anunciantes e/ou patrocinadores que criam e oferecem a você bens e serviços, além de sorteios, ações comerciais e promoções através das suas próprias propriedades que são acessadas a partir dos Serviços."
page 14.txt,407,"Os Dados que você fornece quando visita e/ou completa transações nesses sites de terceiros são solicitados e obtidos por esses parceiros, anunciantes e/ou patrocinadores, estando assim sujeitos às suas próprias práticas de tratamento de Dados."
page 14.txt,408,"
Para obter informações sobre as normas de tratamento de Dados desses parceiros, anunciantes e/ou patrocinadores, recomendamos que você consulte as respectivas políticas de privacidade no próprio site do parceiro, anunciante e/ou patrocinador."
page 14.txt,409,"
Como protegemos os seus Dados?"
page 14.txt,411,"Adotamos práticas e tecnologias alinhadas aos padrões técnicos e regulatórios de mercado, bem como controles que são sempre revisados e aprimorados."
page 14.txt,412,"
Dados anonimizados"
page 14.txt,414,Os seus dados são coletados e tratados de forma que você não seja identificado pessoalmente.
page 14.txt,415,"
Além de tratarmos os Dados de acordo com esta Política, coletamos e tratamos também seus dados de forma anonimizada, ou seja, de modo a que você não seja identificado pessoalmente."
page 14.txt,417,Dados anonimizados
page 14.txt,419,Os seus dados são coletados e tratados de forma que você não seja identificado pessoalmente.
page 14.txt,420,"
Além de tratarmos os Dados de acordo com esta Política, coletamos e tratamos também seus dados de forma anonimizada, ou seja, de modo a que você não seja identificado pessoalmente."
page 14.txt,421,"
Como mantemos a segurança dos seus Dados
"
page 14.txt,422,A Globo implementa controles de segurança para proteger seus Dados.
page 14.txt,423,"
Adotamos práticas alinhadas aos padrões técnicos e regulatórios de mercado para segurança e privacidade de Dados, com ações abrangentes em tecnologia e nos processos organizacionais."
page 14.txt,424,"
Nossas medidas para preservar seus Dados contra acesso, uso, alteração, divulgação ou destruição não autorizados incluem a proteção física e lógica dos ativos, comunicações criptografadas, gestão sobre os acessos, adesão ao desenvolvimento seguro de software e políticas internas de conformidade que inserem a segurança no ciclo de vida dos nossos Serviços."
page 14.txt,425,"
Todos esses controles são continuamente revisados para acompanhar e reagir ao contexto de ameaças na Internet."
page 14.txt,426,"Ainda assim, não é possível garantir que os nossos Serviços sejam completamente invioláveis."
page 14.txt,427,Mas fique tranquilo:
page 14.txt,428,"contamos com equipes preparadas para detectar e responder prontamente, no caso da ocorrência de algum evento ou incidente que comprometa a segurança dos seus Dados ou de nossos Serviços."
page 14.txt,429,"
Como mantemos a segurança dos seus Dados
"
page 14.txt,430,A Globo implementa controles de segurança para proteger seus Dados.
page 14.txt,431,"
Adotamos práticas alinhadas aos padrões técnicos e regulatórios de mercado para segurança e privacidade de Dados, com ações abrangentes em tecnologia e nos processos organizacionais."
page 14.txt,432,"
Nossas medidas para preservar seus Dados contra acesso, uso, alteração, divulgação ou destruição não autorizados incluem a proteção física e lógica dos ativos, comunicações criptografadas, gestão sobre os acessos, adesão ao desenvolvimento seguro de software e políticas internas de conformidade que inserem a segurança no ciclo de vida dos nossos Serviços."
page 14.txt,433,"
Todos esses controles são continuamente revisados para acompanhar e reagir ao contexto de ameaças na Internet."
page 14.txt,434,"Ainda assim, não é possível garantir que os nossos Serviços sejam completamente invioláveis."
page 14.txt,435,Mas fique tranquilo:
page 14.txt,436,"contamos com equipes preparadas para detectar e responder prontamente, no caso da ocorrência de algum evento ou incidente que comprometa a segurança dos seus Dados ou de nossos Serviços."
page 14.txt,437,"
Contato
"
page 14.txt,438,"Caso precise de qualquer suporte ou tenha alguma dúvida, pedido ou sugestão em relação a essa Política, somos todos ouvidos."
page 14.txt,439,"
Como podemos avisar você sobre alterações na Política
"
page 14.txt,440,Estamos sempre melhorando nossa Política e as mudanças serão refletidas nesta página.
page 14.txt,441,"Então, antes de usar um de nossos Serviços dê uma olhadinha aqui."
page 14.txt,442,"Você sempre será avisado sobre qualquer alteração, seja através de aviso no Portal da Privacidade, nos Serviços, pelo envio de e-mail, SMS, notificação instantânea (push) ou através de outros meios."
page 14.txt,443,"
Quando publicarmos alterações na Política, atualizaremos a data em que a última alteração foi publicada."
page 14.txt,444,"
Lembre-se: Ao continuar a acessar os Serviços depois que tais alterações passarem a valer, você estará concordando em estar vinculado à nova versão da Política."
page 14.txt,445,"
Como podemos avisar você sobre alterações na Política"
page 14.txt,447,Estamos sempre melhorando nossa Política e as mudanças serão refletidas nesta página.
page 14.txt,448,"Então, antes de usar um de nossos Serviços dê uma olhadinha aqui."
page 14.txt,449,"Você sempre será avisado sobre qualquer alteração, seja através de aviso no Portal da Privacidade, nos Serviços, pelo envio de e-mail, SMS, notificação instantânea (push) ou através de outros meios."
page 14.txt,450,"
Quando publicarmos alterações na Política, atualizaremos a data em que a última alteração foi publicada."
page 14.txt,451,"
Lembre-se: Ao continuar a acessar os Serviços depois que tais alterações passarem a valer, você estará concordando em estar vinculado à nova versão da Política."
page 14.txt,452,"
Como entrar em contato
Essa Política é parte de um processo contínuo que busca utilizar suas informações da maneira mais segura e ética."
page 14.txt,453,Totalmente pensado para você.
page 14.txt,454,"Por isso, é muito importante para gente ouvir de você e conhecer suas impressões sobre o que conversamos aqui."
page 14.txt,455,O encarregado pelas questões de privacidade na Globo é o Carlos Octávio de Alexandre Queiroz.
page 14.txt,456,Você poderá entrar em contato preenchendo o formulário abaixo:
page 14.txt,457,"
Como entrar em contato
Essa Política é parte de um processo contínuo que busca utilizar suas informações da maneira mais segura e ética."
page 14.txt,458,Totalmente pensado para você.
page 14.txt,459,"Por isso, é muito importante para gente ouvir de você e conhecer suas impressões sobre o que conversamos aqui."
page 14.txt,460,O encarregado pelas questões de privacidade na Globo é o Carlos Octávio de Alexandre Queiroz.
page 14.txt,461,Você poderá entrar em contato preenchendo o formulário abaixo:
