Document,Parag_number,Paragraph_Text
page 52.txt,0,Política de privacidade
page 52.txt,2,O Banco BMG tem compromisso com a privacidade e a segurança de seus cliente e parceiros durante a navegação em nossos ambientes digitais.
page 52.txt,3,"Nesta política, você vai ficar por dentro de como coletamos e tratamos os seus dados respeitando sua privacidade."
page 52.txt,5,"O Grupo BMG (doravante designado como “BMG” ou “nós”) preza pela excelência no atendimento de seus clientes, preocupa-se com a sua privacidade e com a segurança de seus dados pessoais."
page 52.txt,6,"Por esta razão, é muito importante para nós que você saiba como tratamos seus Dados Pessoais e, quando necessário de acordo com a lei, garanta seu consentimento para o tratamento dos dados pessoais."
page 52.txt,7,"
Durante sua navegação em nosso site https://www.bancobmg.com.br (“Plataforma”), e para que possamos oferecer nossos serviços e produtos disponíveis na Plataforma (conjuntamente, “Serviços”), é necessário que tenhamos acesso a determinadas informações sobre você ou associadas a você (“Dados Pessoais”)."
page 52.txt,8,"Caso o seu acesso seja via aplicativo do Banco BMG SA, os termos e condições de privacidade e proteção de dados são aqueles estabelecidos e disponíveis a você no momento de acesso e cadastro no aplicativo."
page 52.txt,9,"
Para termos certeza de que você está ciente dos termos desta Política, é importante que você a leia atentamente e se manifeste, aceitando e concordando com todas as disposições aqui previstas."
page 52.txt,11,"Caso você esteja apenas navegando em nossa Plataforma e não seja cadastrado na Plataforma ou não use os Serviços, estes termos também se aplicam a você apenas com relação aos dados de “visitantes”."
page 52.txt,12,Damos ciência a você acerca dos dados tratados de visitantes.
page 52.txt,13,"
Ressaltamos que não é possível oferecer nossos serviços sem ter acesso a esses Dados Pessoais."
page 52.txt,14,"Ou seja, o tratamento dos Dados Pessoais é condição para que você tenha acesso aos nossos serviços via Plataforma."
page 52.txt,15,"
Esta política de privacidade (“Política”) explica, de maneira simples, objetiva e transparente, quais Dados Pessoais são coletados e tratados pelo BMG e para quais finalidades, além de indicar com quem esses Dados Pessoais podem ser compartilhados e quais os recursos disponíveis para que você possa fazer a gestão de seus Dados Pessoais."
page 52.txt,16,"
“Grupo BMG” inclui as seguintes empresas que prestam os serviços para você:"
page 52.txt,17,"
Banco Cifra S.A.
BCV – Banco de Crédito e Varejo S.A.
BMG Leasing S.A.
Help Franchising Participações Ltda
CBFÁCIL Corretora
BMG Participações em Negócios"
page 52.txt,18,Ltda
page 52.txt,19,"
Cifra Financeira
Granito"
page 52.txt,20,Soluções
page 52.txt,21,em Pagamentos S.A.
page 52.txt,23,"O conteúdo desta Política é o seguinte:
- Quais Dados Pessoais coletamos e tratamos
- Uso de cookies e outras tecnologias de monitoramento
- Porque coletamos e tratamos esses Dados Pessoais
- Quando excluímos os Dados Pessoais
- Quem mais terá acesso aos Dados Pessoais e porquê."
page 52.txt,24,"Compartilhamento de Dados Pessoais
- Quais os seus direitos com relação a esses Dados Pessoais
- Em qual local armazenamos os seus Dados Pessoais
- Como armazenamos e protegemos os seus Dados Pessoais
- O que você precisa saber sobre usa conta e senha de acesso?"
page 52.txt,25,"
- Qual sua responsabilidade perante seus dados?"
page 52.txt,26,"
- Uso de bases legais."
page 52.txt,27,Você precisa fornecer o seu consentimento para o Banco BMG usar os seus Dados Pessoais conforme descrito nesta Política?
page 52.txt,28,"
- Dados de menores de 18 (dezoito) anos
- Alterações nesta Política
- Como fazer uma reclamação
"
page 52.txt,29,"Se após a leitura desta Política você ainda tiver qualquer dúvida, ou por qualquer razão, precisar se comunicar conosco para assuntos envolvendo os seus Dados Pessoais, você pode entrar em contato pelos canais abaixo:"
page 52.txt,30,"
Encarregado de Proteção de Dados
Guilherme Vieira Neves através do e-mail: meusdados@bancobmg.com.br
SAC
24 horas todos os dias da semana
(reclamações, cancelamento e informações"
page 52.txt,31,"gerais)0800 979 9099
Deficiente auditivo ou de fala"
page 52.txt,32,"
24 horas todos os dias da semana
"
page 52.txt,33,"Ligações de telefone especial TDD0800 286 3636
"
page 52.txt,34,"Ouvidoria
2ª"
page 52.txt,35,"a 6ª, das 9h às 18h
(Ligações de celular e telefone fixo)0800 979 9099"
page 52.txt,37,Fontes dos Dados Pessoais.
page 52.txt,38,O BMG recebe ou de outra forma coleta seus Dados Pessoais quando:
page 52.txt,39,"
-você navega em nossa Plataforma (sem se cadastrar) (“Visitante”)
-você nos fornece a informação diretamente, seja através de cadastro ou formulários, solicitação de propostas, análise de crédito, contratação de nossos Serviços, contatos em nossos canais de comunicação entre outros meios."
page 52.txt,40,"Em nossa Plataforma, esses são os principais canais de coleta de Dados Pessoais:"
page 52.txt,41,Para você / BMG Card; Para você / BMGInvest; Para você / Crédito na Conta Atendimento / Fale conosco; Atendimento / Canal de Denúncia Campanhas em canais digitais do BMG.
page 52.txt,42,"
-você usa nossa Plataforma e os Serviços;"
page 52.txt,43,"
-você navega em nossa Plataforma como cliente;"
page 52.txt,44,"
-recebemos seus Dados Pessoais de fontes legítimas e nos termos da lei;"
page 52.txt,45,"
-recebemos seus Dados Pessoais para operacionalização de transações em que você realize a operação/transação ou seja o beneficiário;"
page 52.txt,46,"
-recebemos seus Dados Pessoais quando, apesar de não ter uma relação com o BMG de cliente, você é beneficiário de algum Serviço do BMG contratado por um cliente;"
page 52.txt,47,"
-recebemos seus Dados Pessoais de outras entidades do grupo econômico do BMG, através de compartilhamento, nos termos permitidos pela lei."
page 52.txt,49,VOCÊ EXPRESSAMENTE
page 52.txt,50,AUTORIZA
page 52.txt,51,O BMG
page 52.txt,52,A REALIZAR
page 52.txt,53,CONSULTAS
page 52.txt,54,"EM INSTITUIÇÕES PÚBLICAS,"
page 52.txt,55,NO SISTEMA DE
page 52.txt,56,INFORMAÇÕES
page 52.txt,57,DE
page 52.txt,58,CRÉDITO
page 52.txt,59,(SCR)
page 52.txt,60,"SOB GESTÃO DO BANCO CENTRAL, BUREAUS DE CRÉDITO E BUREAUS DE DADOS, EMPRESAS DE ANTIFRAUDE"
page 52.txt,61,E DEMAIS INSTITUIÇÕES
page 52.txt,62,COMPLEMENTARES QUE SE FIZEREM NECESSÁRIAS.
page 52.txt,64,Dados de terceiros.
page 52.txt,65,"Os Dados Pessoais de terceiros são fornecidos por outros usuários/clientes sobre você ou por você sobre outras pessoas (por exemplo, quando um usuário nos fornece dados e informações de outras pessoas beneficiárias de produtos e serviços contratados pelo usuário ou para a operacionalização de transações)."
page 52.txt,67,Descrição dos Dados Pessoais.
page 52.txt,68,"Os Dados Pessoais que tratamentos sobre você, incluem:"
page 52.txt,69,"
Informações de Cadastro e coletadas para prestação de Serviços:"
page 52.txt,70,"são as informações fornecidas por você no preenchimento de cadastros e formulários ou pelo acesso às áreas, funcionalidades e serviços do Banco BMG."
page 52.txt,71,"
Nome completo"
page 52.txt,72,"
Número do CPF, órgão emissor, UF, data de emissão
"
page 52.txt,73,"Número de RG
"
page 52.txt,74,"Cópia de documento de identidade (seja ele CNH, título de leitor, RNE, protocolo de pedido de refúgio, documentação de classe ou qualquer outro documento que, permitido por lei, tenha sido apresentado pelo titular)
Endereço de e-mail"
page 52.txt,76,"Telefone
"
page 52.txt,77,"Endereço completo (residencial e, se tiver, comercial)"
page 52.txt,78,"
Cópia de comprovante de endereço
Data de nascimento
Naturalidade e nacionalidade"
page 52.txt,79,"
Nome da mãe
Renda
Profissão
Pessoa politicamente exposta (PEP)
"
page 52.txt,80,Informações de transação:
page 52.txt,81,"São as informações que coletamos de bureaus de crédito, bureaus de dados, SCR, tais como Banco Central do Brasil, Comissão de Valores Mobiliários, Febraban, ABBC, para a confirmação dos seus dados, análise de crédito, prevenção à fraude e no envio de ofertas especiais."
page 52.txt,82,"Por meio deles nós recebemos dados complementares sobre você, ou validamos os dados que você nos enviou."
page 52.txt,83,"Entre os novos dados coletados, incluem:
Informações sobre Dispositivos: Coletaremos também informações sobre o dispositivo que você utiliza para acessar nossa Plataforma."
page 52.txt,84,Entre essas informações estão:
page 52.txt,85,"
Endereço de IP (Internet Protocol) e data/horário de acesso e término de acesso à Plataforma;
Geolocalização e outras informações de localização em tempo real, caso estejam habilitadas no aparelho do usuário."
page 52.txt,87,Lista de aplicativos instalados no dispositivo
page 52.txt,88,"
Marca, modelo, versão, IMEI e definição de tela do dispositivo identificador"
page 52.txt,90,"Versão atual do aplicativo ao qual determinado serviço está instalado
Identificador único universal (UUID)
Nível de bateria disponível no dispositivo
Data e hora na qual os dados foram capturados"
page 52.txt,91,"
Memória RAM e física total e disponível do dispositivo
Informações sobre uso de VPN
"
page 52.txt,92,"Tipo de conexão de dados
"
page 52.txt,93,"Informações sobre a utilização de PROXY
Informações enviadas e recebidas por SMS ou tecnologia semelhante
Endereço de IP."
page 52.txt,94,"Guardamos a data e horário de acesso à Plataforma relacionada a um determinado endereço IP por, no mínimo, 6 (seis) meses para cumprimento de obrigação legal."
page 52.txt,96,"Outras informações fornecidas por você: poderão ser coletadas outras informações voluntariamente fornecidas por você, por exemplo em comunicações com o BMG ou em comentários de Serviços."
page 52.txt,97,"Recomendamos que você não inclua seus Dados pessoais em comentários e resenhas de Serviços, principalmente dados pessoais sensíveis."
page 52.txt,99,Veracidade das Informações.
page 52.txt,100,Você se responsabiliza pela veracidade e exatidão de todos os dados informados por você ao BMG.
page 52.txt,101,"O cadastro de dados de terceiros estará sujeito a sanções relacionadas à falsa identidade ou estelionato, previstas no Código Penal Brasileiro ou outras regulamentações conforme o caso."
page 52.txt,103,Podemos utilizar certas tecnologias de monitoramento das atividades realizadas na Plataforma.
page 52.txt,104,"As informações coletadas por meio de tais tecnologias são utilizadas para realizar métricas de performance da Plataforma, identificar problemas no uso, captar o comportamento dos usuários de forma geral e coletar dados de impressão de conteúdos."
page 52.txt,105,A tecnologia que utilizamos para monitoramento é cookies.
page 52.txt,106,"
Cookies:"
page 52.txt,107,"Um cookie é um arquivo texto, colocado no disco rígido por um servidor web, sem capacidade de executar programas nem infectar seu computador com vírus."
page 52.txt,108,"Em nossa Plataforma, o uso de cookies serve para personalizar a sua experiência online, poupando o seu tempo e otimizando sua navegação."
page 52.txt,110,"Utilizamos cookies para coletar dados de navegação automaticamente, incluindo informações como tipo de dispositivo (celular ou computador, por exemplo), navegador, páginas acessadas, termos de busca, entre outros."
page 52.txt,111,Nós utilizamos os cookies para identificar características gerais de nosso público (perfil) e poder adaptar nosso serviço para te oferecer uma melhor.
page 52.txt,113,Os cookies nos ajudam a fornecer um site melhor e de acordo com seus hábitos e preferências.
page 52.txt,114,"Vale lembrar que é possível desativar a utilização de cookies na configuração de seu navegador, entretanto, algumas funcionalidades da Plataforma podem deixar de funcionar corretamente caso essa seja sua escolha."
page 52.txt,115,"
3.1."
page 52.txt,116,Dados Pessoais
page 52.txt,117,Coletados.
page 52.txt,118,"As informações coletadas são utilizadas para as seguintes finalidades:
REALIZAÇÃO DE SEU CADASTRO E ATUALIZAÇÃO DE SEU CADASTRO;
REALIZAÇÃO DE PROCESSO DE AUTENTICAÇÃO E IDENTIFICAÇÃO;
VERIFICAÇÃO DE AUTENTICIDADE DAS INFORMAÇÕES E DOCUMENTOS FORNECIDOS;
AVALIAÇÃO DE PEDIDOS DE PROPOSTAS DE SERVIÇOS, PRELIMINARMENTE"
page 52.txt,119,À CONTRATAÇÃO DOS SERVIÇOS;
page 52.txt,120,"
CONTRATAÇÃO DOS SERVIÇOS E OPERACIONALIZAÇÃO DOS SERVIÇOS CONTRATADOS;
PRESTAÇÃO DE"
page 52.txt,121,NOSSOS SERVIÇOS E DISPONIBILIZAÇÃO DA PLATAFORMA;
page 52.txt,122,"
REALIZAR PROCESSO DE KNOW YOUR CLIENT (KYC) E DE MEDIDAS DE PREVENÇÃO"
page 52.txt,123,À LAVAGEM DE DINHEIRO E ANTITERRORISMO;
page 52.txt,124,"
PARA ANÁLISE DE CRÉDITO;
VERIFICAÇÃO ANTIFRAUDE, COMO FORMA DE GARANTIR MAIOR SEGURANÇA AO BMG, AO USUÁRIO E A TODA À SOCIEDADE, NA PREVENÇÃO DE FRAUDES NO SISTEMA FINANCEIRO;"
page 52.txt,125,"
ANÁLISE, GERENCIAMENTO E PREVENÇÃO DE RISCOS DA OFERTA E CONTRATAÇÃO DOS SERVIÇOS;
CUMPRIMENTO DE OBRIGAÇÕES CONTRATUAIS;
REALIZAÇÃO DE COBRANÇAS, EXTRAJUDICIAL OU JUDICIAL;
COMUNICAÇÃO E CONTATO COM VOCÊ (POR E-MAIL, CORREIO, SMS, MENSAGENS DE TEXTO, CHAT E/OU TELEFONE)"
page 52.txt,126,;
page 52.txt,127,"
ESCLARECIMENTO DE DÚVIDAS E RECLAMAÇÕES E GESTÃO DE CANAIS DE COMUNICAÇÃO;
PARA CUMPRIR"
page 52.txt,128,COM OBRIGAÇÕES LEGAIS OU REGULATÓRIAS
page 52.txt,129,;
page 52.txt,130,"
CUMPRIR"
page 52.txt,131,COM DECISÕES
page 52.txt,132,JUDICIAIS OU DE
page 52.txt,133,OUTRAS AUTORIDADES
page 52.txt,134,NA MEDIDA DO DETERMINADO
page 52.txt,135,"POR LEI;
MARKETING E ENVIO DE COMUNICADOS"
page 52.txt,136,"SOBRE NOVOS PRODUTOS, PROMOÇÕES, OFERTAS SEGMENTADAS, CONTEÚDOS RELEVANTES E OUTROS"
page 52.txt,137,";
ELABORAÇÃO RELATÓRIOS DE USO E DEMAIS INFORMAÇÕES ESTATÍSTICAS PARA CAMPANHAS DE MARKETING E COMUNICAÇÃO;
OTIMIZAÇÃO DA USABILIDADE DA PLATAFORMA;"
page 52.txt,138,"
ANÁLISE DE PERFIL DO USUÁRIO, INCLUSIVE ATRAVÉS DE ENRIQUECIMENTO DE INFORMAÇÕES PARA LHE PRESTAR SERVIÇOS MAIS ADEQUADOS;
VERIFICAÇÃO SE VOCÊ VISUALIZOU"
page 52.txt,139,"PUBLICIDADE DO BMG, INCLUSIVE EM SITES DE TERCEIROS"
page 52.txt,140,";
MELHORIAS DE PROCESSOS INTERNOS E CORREÇÃO DE PROBLEMAS"
page 52.txt,141,NA UTILIZAÇÃO DA PLATAFORMA
page 52.txt,142,";
AVALIAÇÃO, MANUTENÇÃO E APRIMORAMENTO DA SEGURANÇA DE NOSSOS SITES E APLICATIVOS, INCLUSIVE PARA IDENTIFICAR E PREVENIR EVENTUAIS AMEAÇAS DE SEGURANÇA DA INFORMAÇÃO E DESENVOLVER E USAR FERRAMENTAS ANTIFRAUDE;"
page 52.txt,143,"
PRESTAÇÃO DE SUPORTE AOS USUÁRIOS;
MAPEAMENTO DE COMPORTAMENTO E VISUALIZAÇÃO DO FLUXO DE UTILIZAÇÃO DO SITE."
page 52.txt,144,"
APERFEIÇOAMENTO DOS PRODUTOS"
page 52.txt,145,E SERVIÇOS
page 52.txt,146,"OFERECIDOS PELO BMG, BEM COMO DA PLATAFORMA, INCLUSIVE ATRAVÉS DE TESTES;"
page 52.txt,147,"
DESENVOLVIMENTO E APRIMORAMENTO DE NOVAS FUNCIONALIDADES, INCLUSIVE ATRAVÉS DE TESTES;
PROCESSOS JUDICIAIS, ADMINISTRATIVOS OU ARBITRAIS."
page 52.txt,148,PODEMOS
page 52.txt,149,UTILIZAR
page 52.txt,150,OS DADOS PESSOAIS
page 52.txt,151,"COLETADOS PARA INVESTIGAR E INSTRUIR EVENTUAIS PROCESSOS JUDICIAIS, ADMINISTRATIVOS OU ARBITRAIS DO QUAL VENHAMOS"
page 52.txt,152,A FAZER PARTE;
page 52.txt,153,"
REALIZAÇÃO DE AUDITORIAS INTERNAS E EXTERNAS;"
page 52.txt,154,"
Ressaltamos que todas as informações que possam identificá-lo individualmente, direta ou indiretamente não serão utilizadas para nenhuma outra finalidade, além das descritas acima."
page 52.txt,155,"
3.2 Decisões automatizadas."
page 52.txt,156,"A tomada de decisão automatizada ocorre quando um sistema eletrônico, valendo-se de Dados Pessoais, toma uma decisão sem intervenção humana que lhe afete de alguma forma."
page 52.txt,157,"Parte dos nossos processos utilizam mecanismos de decisões automatizadas e, por isso, garantimos o e exercício de seu direito de revisão de eventuais decisões tomadas unicamente com base em tratamentos automatizados, nos termos da lei."
page 52.txt,158,"
Nós estruturamos nossa Plataforma e as nossas operações para que os seus Dados Pessoais não sejam mantidos de maneira identificada por mais tempo do que o necessário."
page 52.txt,159,"Ou seja, nós mantemos os Dados Pessoais somente durante o período em que eles são necessários para a prestação dos Serviços, para as finalidades descritas acima, se formos obrigados por lei, para a defesa judicial ou administrativa ou se tivermos alguma outra razão legítima para mantê-los."
page 52.txt,161,"Podemos manter Dados Pessoais de maneira anonimizada, ou seja, sem que tais dados estejam ou possam ser relacionados a você, por períodos maiores."
page 52.txt,163,"Podemos eventualmente compartilhar seus Dados Pessoais com os terceiros identificados abaixo, sendo que, neste ato, você nos autoriza e fornece seu consentimento para realizar o compartilhamento de seus Dados Pessoais de acordo com as finalidades abaixo descritas."
page 52.txt,165,"Parceiros de negócios, tais como as Lojas Help Bureaus de crédito e demais correspondentes bancários:"
page 52.txt,166,"Podemos compartilhar seus dados de cadastro e informações de histórico financeiro (inclusive dados biométricos), para:"
page 52.txt,168,Oferecimento dos Serviços;
page 52.txt,170,"Intermediação da contratação dos Serviços, incluindo realização das atividades de análise de crédito, de risco e prevenção à fraude
Cumprimento com obrigações legais e regulatórias."
page 52.txt,172,Prestadores de serviços do Banco do BMG:
page 52.txt,173,"Podemos compartilhar seus dados de cadastro e informações de seu dispositivo com prestadores de serviço contratados pelo BMG, incluindo agências de crédito, bureau de crédito, bureau de dados e outras agências de dados, bem como acesso ao Sistema de Informações de Crédito do Banco Central do Brasil - SCR, para:"
page 52.txt,175,"Autenticação do usuário
"
page 52.txt,176,Verificação da veracidade das informações do usuário e dos documentos fornecidos;
page 52.txt,178,Análise de know
page 52.txt,179,your client (KYC) e medidas contra a lavagem de dinheiro e antiterrorismo
page 52.txt,181,Análise de crédito;
page 52.txt,182,"
Análise de risco e prevenção à fraude
Decisão a respeito de pedido e/ou proposta para contratação de quaisquer Serviços
Enriquecimento das informações do usuário para a análise de perfil;"
page 52.txt,183,"
Análise de renda"
page 52.txt,185,"Envio de campanhas publicitárias e ofertas de Serviços
Realização de marketing online
Suporte e manutenção da Plataforma
"
page 52.txt,186,"As informações tidas sobre os usuários em agências de notação de crédito, agências de crédito, bureaus de crédito e/ou agências de prevenção à fraude, e/ou no Sistema de Informações de Crédito do Banco Central do Brasil (SCR) podem estar ligadas a registros."
page 52.txt,187,"Para fins de tomada de decisão a respeito de pedido e/ou proposta para contratação de Serviços por um usuário, tal usuário e suas respectivas Associações serão tratadas como financeiramente independentes e pedido e/ou proposta para contratação de Serviços por um usuário será avaliado sem qualquer referência aos registros das Associações."
page 52.txt,188,"Assim, ao concordar com os termos desta Política, você (i) declara para todos os fins que não há qualquer informação relacionada a membros de sua família que possam afetar sua análise de crédito; e (ii) nos autoriza a checar a validade dessa declaração junto a agências de notação de crédito, agências de crédito, bureaus de crédito e/ou agências de prevenção de fraude e/ou Sistema de Informações de Crédito do Banco Central do Brasil (SCR)."
page 52.txt,189,"
Você fica ciente e concorda, desde já, que a análise de risco de crédito será feita também por agências de crédito, bureau de crédito e outras agências que detenham capacidade técnica para a avaliação do risco de crédito e que a pontuação de crédito (credit scoring) atribuída ao usuário por referidas agências levará em consideração diversos dados previamente mantidos na base de dados e escolhidos à exclusivo critério dessas agências, de modo que o BMG não tem qualquer responsabilidade ou ingerência sobre os critérios adotados pelas agências para fins de atribuição de pontuação de crédito."
page 52.txt,190,"
Agentes:"
page 52.txt,191,"Nós empregamos outras companhias e pessoas (“Agentes”) para realizar tarefas em nosso nome, e, portanto, precisamos compartilhar Informações dos usuários da Plataforma com tais Agentes para que possamos permitir aos usuários o acesso e utilização da Plataforma e/ou a contratação dos Serviços."
page 52.txt,192,"A menos que digamos diferentemente, os Agentes não têm qualquer direito de utilizar as Informações que compartilhamos com eles além do necessário para nos auxiliar em suas tarefas, e/ou para a devida, efetiva e eficiente operação da plataforma e suas funcionalidades."
page 52.txt,194,"Terceiros como entidades de proteção ao crédito, agências de cobrança, dentre outros:"
page 52.txt,195,"Podemos compartilhar seus dados de cadastro, de seu dispositivo e informações de histórico financeiro, para:"
page 52.txt,196,"
Realização de cobranças em caso de inadimplemento;
Inscrição em cadastro de mal pagadores."
page 52.txt,198,"Autoridades judiciais, policiais ou governamentais ou outros terceiros com quem nós sejamos obrigados por lei, norma regulatória ou ordem judicial a compartilhar os Dados Pessoais:"
page 52.txt,199,"Podemos compartilhar seus dados de cadastro, de seu dispositivo e informações de histórico financeiro, para:"
page 52.txt,200,"
Cumprir com obrigações legais ou regulatórias;"
page 52.txt,201,"
Atendimento à ordem judicial em face do BMG ou de qualquer empresa de nosso grupo econômico
Auditorias."
page 52.txt,202,Podemos dar acesso aos seus Dados Pessoais a empresas de auditoria tão somente para a realização de auditorias nas operações do BMG e para cumprimento de obrigações legais ou regulatórias.
page 52.txt,204,Operações de fusões e aquisições:
page 52.txt,205,"Podemos compartilhar seus Dados Pessoais com potenciais compradores, em caso de venda ou transferência de parte ou da totalidade da atividade comercial, negócio ou operação do BMG."
page 52.txt,206,"Caso a venda ou transferência não sejam consumadas, solicitaremos ao potencial comprador que não faça uso e não divulgue seus Dados Pessoais de qualquer maneira ou forma, apagando-os por completo."
page 52.txt,208,Empresas do mesmo grupo econômico.
page 52.txt,209,"Podemos compartilhar seus Dados Pessoais referentes mencionados nesta política com outras empresas do mesmo grupo econômico do BMG para as finalidades de aprimorar ou desenvolver funcionalidades dos Meios Digitais e novos produtos, analisar o seu desempenho; avaliar hábitos de navegação dos usuários, assim como identificar perfis e necessidades desses; levantamento de dados estatísticos; desenvolvimento de medidas antifraude; comunicação entre os Clientes e o Banco BMG e/ou empresas do seu grupo econômico para divulgação de informações relativas aos aplicativos, produtos, serviços, promoções e novidades do Banco BMG e do seu grupo econômico."
page 52.txt,210,"
Qualquer compartilhamento de informações aqui descrito será realizado de acordo com padrões rígidos de segurança da informação e tecnologias aplicáveis, em cumprimento à lei, sobretudo, de forma a proteger o sigilo bancário e sua privacidade."
page 52.txt,211,"
Se os seus Dados Pessoais forem transferidos para outro país durante a prestação dos Serviços ou operação do BMG pelo BMG ou terceiros acima descritos, nós (e os terceiros, quando aplicável) adotaremos as medidas exigidas por lei para assegurar que seus Dados Pessoais continuem protegidos."
page 52.txt,212,"
Quando a Lei Geral de Proteção de Dados (Lei 13.709/2018 –) (“LGPD”) estiver em vigor, você terá direito de nos solicitar:"
page 52.txt,213,"
I. a confirmação de que realizamos o tratamento dos seus Dados Pessoais;
II."
page 52.txt,214,o acesso aos seus Dados Pessoais;
page 52.txt,215,"
III."
page 52.txt,216,"a correção de Dados Pessoais que estejam incompletos, inexatos ou desatualizados;"
page 52.txt,217,"
IV."
page 52.txt,218,"a anonimização, bloqueio ou eliminação de Dados Pessoais desnecessários, excessivos ou tratados em desconformidade com o disposto na LGPD;"
page 52.txt,219,"
V. a portabilidade dos seus Dados Pessoais a outro fornecedor de serviço ou produto, observados os nossos segredos comerciais e industriais, após a regulamentação pela Autoridade Nacional de Proteção de Dados;;"
page 52.txt,220,"
VI."
page 52.txt,221,"a eliminação dos Dados Pessoais tratados com base no seu consentimento, exceto nas hipóteses de conservação de Dados Pessoais previstas na LGPD;
VII."
page 52.txt,222,informação sobre com quem compartilhamos os seus Dados Pessoais;
page 52.txt,223,"
VIII."
page 52.txt,224,informação sobre a possibilidade de não fornecer o seu consentimento e as consequências;
page 52.txt,225,"
IX."
page 52.txt,226,"revogação do seu consentimento para o tratamento dos seus Dados Pessoais, quando os Dados Pessoais forem tratados com base no seu Consentimento (veja o item 6 abaixo).p>"
page 52.txt,227,"
Você pode exercer quaisquer dos direitos por meio (i) do nosso site https://www.bancobmg.com.br/meusdadosbmg (ii) de qualquer um de nossos Canais Digitais; ou (iii) de alguma de nossas lojas Help."
page 52.txt,228,"Caso não possamos, por razões técnicas ou legais, atender ao seu pedido, informaremos os motivos que nos impedem."
page 52.txt,229,"
Nós armazenamos seus Dados Pessoais de forma segura em locais de acesso restrito, pelo prazo previsto na legislação aplicável."
page 52.txt,230,"
Nós adotamos as melhores práticas técnicas e administrativas para proteger os Dados Pessoais de acessos não autorizados, destruição, perda, alteração, comunicação ou qualquer forma de tratamento inadequado ou ilícito."
page 52.txt,231,"
Ao mesmo tempo, não podemos garantir que o site é um ambiente completamente seguro."
page 52.txt,232,"Se você tiver qualquer preocupação ou suspeita de que os seus Dados Pessoais estão em risco, por exemplo, se alguém teve acesso à sua senha, por favor entre em contato conosco imediatamente enviando um e-mail para abuse@bancobmg.com.br."
page 52.txt,234,"Afim de garantir a máxima segurança sua e de seus dados, reforçamos que a sua senha de acesso em nosso site pessoal e intransferível."
page 52.txt,235,"É importante que você saiba disso e proteja sua senha, bem como limite o uso e o acesso desta exclusivamente ao seu computador e dispositivos, prevenindo a ocorrência de eventual acesso não autorizado à sua conta."
page 52.txt,236,É de sua exclusiva responsabilidade a manutenção de sua senha de acesso em local seguro e de acesso restrito.
page 52.txt,237,"
Para tanto, é necessário que ela não seja óbvia como datas de aniversário ou palavras encontradas em dicionários."
page 52.txt,238,É importante que a senha seja composta de caracteres especiais e alfanuméricos e que seja alterada periodicamente ou em caso de suspeita de acesso não autorizado.
page 52.txt,240,"Se você, por qualquer motivo, acreditar ou suspeitar que sua senha ou conta tenham sido acessados indevidamente, pedimos que entre em contato imediatamente com nossa central de atendimento através do telefone 0800 979 9099."
page 52.txt,241,"
O BMG não utiliza seu endereço de e-mail para nenhuma finalidade que não a de enviar informativos institucionais e conteúdo publicitários."
page 52.txt,242,Caso você não deseje receber mais este tipo de e-mail basta clicar no link de “opt out” no rodapé do e-mail;
page 52.txt,243,"
Nós não solicitaremos nenhum dado pessoal seu por e-mail (como senha, usuário, CPF, matrícula, etc)."
page 52.txt,244,"Assim, caso você receba algum e-mail suspeito em nosso nome, encaminhe-o para o e-mail abuse@bancobmg.com.br para analisarmos e darmos o seguimento adequado."
page 52.txt,246,"Ao usar nosso fórum ou postar comentários em nossa Plataforma, você está ciente de que todas as informações pessoais que você enviar lá podem ser lidas, coletadas ou usadas por outras pessoas, e podem ser usadas para enviar mensagens não solicitadas."
page 52.txt,247,Não somos responsáveis por nenhuma informação pessoal que você escolher enviar nesse contexto ou qualquer questão decorrente de tais envios.
page 52.txt,248,"
Você é responsável por: (i) todos e quaisquer atos ou omissões realizadas a partir do seu acesso; (ii) todo e qualquer produto adquirido junto à Plataforma do BMG; e (iii) informações pessoais enviadas e transmitidas na Plataforma ou a partir dela."
page 52.txt,250,"Nossa Plataforma está em contínuo desenvolvimento, podendo conter erros."
page 52.txt,251,"Nós não garantimos que (i) as funções contidas no site atendam às suas necessidades; (ii) a operação do site será ininterrupta ou livre de erros ou que das; (iii) todas as funcionalidades estejam permanentemente disponíveis; (iv) os defeitos serão corrigidos ou que a Plataforma será compatível e funcionará em qualquer dispositivo, com outro aplicativo, aplicações ou serviços de terceiros."
page 52.txt,252,"
Ainda, nós não asseguramos que nossa Plataforma estará livre de perda, interrupção, ataque, vírus, interferência, pirataria ou outra invasão de segurança e, portanto, não nos responsabilizamos por falhas dessa natureza."
page 52.txt,253,Caberá ao você realizar a instalação de um sistema antivírus.
page 52.txt,254,"
Nós não nos responsabilizamos por danos ou prejuízos causados por você ou por terceiros em decorrência ou relacionados: a) a falhas ou indisponibilidade técnica do sistema; b) ao seu uso ou à inabilidade em usar o site, incluindo, sem limitação, corrupção ou perda de dados, falha de transmissão ou recepção de dados; c) a falhas no sistema de informática ou nos servidores ou em relação à conectividade com a internet de modo geral, devendo você, às suas expensas, manter linha de telecomunicação, modem, software de comunicação, endereço de correio eletrônico e outros recursos necessários à comunicação com o BMG e à utilização dos seu website."
page 52.txt,256,Nossa Plataforma pode conter links para outros sites que não são de propriedade ou controlados por nós.
page 52.txt,257,"Por favor, esteja ciente de que o Banco BMG não é responsável pelas políticas de privacidade desses outros sites."
page 52.txt,258,Nós encorajamos você a estar ciente quando sair da nossa Plataforma e ler as declarações de privacidade de cada site que colete informações de identificação suas.
page 52.txt,259,Esta Política se aplica apenas às informações recolhidas por este site.
page 52.txt,261,A LGPD estabelece diversas situações em que é permitido o tratamento de Dados Pessoais independentemente do consentimento do titular daqueles dados.
page 52.txt,262,São as chamadas “bases legais para o tratamento de dados”.
page 52.txt,264,"Isso significa que, se você optar por utilizar a Plataforma, em alguns casos poderemos coletar e tratar os seus Dados Pessoais independentemente do seu consentimento (se houver uma “base legal” prevista na LGPD que nos permita fazer isso), como para a execução de medidas preliminares a contratação ou para a execução de contrato com você, para o cumprimento de obrigações legais e regulatórias, para o exercício regular de direito em contrato ou em processos judiciais, administrativos e arbitrais, para a proteção ao crédito, para a garantia da prevenção à fraude e à segurança do titular, nos processos de identificação e autenticação de cadastro em sistemas eletrônicos, para legítimos interesses do BMG ou de terceiros, entre outras.."
page 52.txt,265,Em outros casos pediremos o seu consentimento para usar os seus Dados Pessoais.
page 52.txt,266,"
Não coletamos ou conscientemente solicitamos Informações de menores de 18 anos."
page 52.txt,267,Usuários menores de 18 anos não devem tentar se registrar para ter acesso aos Serviços ou nos enviar qualquer Informação.
page 52.txt,268,"Se tomarmos conhecimento de que coletamos Informações de um indivíduo menor de 18 anos em nossa Plataforma, cancelaremos a conta criada na Plataforma."
page 52.txt,269,"
Nós poderemos alterar as disposições desta Política a nosso critério e a qualquer tempo."
page 52.txt,271,"Toda vez que alterarmos materialmente esta Política, essas alterações serão válidas, eficazes e vinculantes após: (1) serem divulgadas em nossa Plataforma; ou (2) serem enviadas a você por e-mail;"
page 52.txt,272,ou (3) serem a você comunicadas de outra forma.
page 52.txt,273,"
Você deverá verificar a versão atualizada desta Política toda vez que visitar a nossa Plataforma."
page 52.txt,274,"
Nas hipóteses em que as alterações nesta Política impliquem em mudanças nas nossas práticas de tratamento de Dados Pessoais que dependam do seu consentimento, você será solicitado a consentir com os novos termos desta Política após a alteração para que possam continuar utilizando o Site e recebendo os Serviços."
page 52.txt,275,"
Você pode fazer uma reclamação por meio de qualquer um dos contatos do BMG informados no início desta Política."
