Document,Parag_number,Paragraph_Text
page 346.txt,0,"Para favoritar, publicar imagem e texto no mural, ter e editar perfil (incluindo foto), no aplicativo Receitas Low Carb (em português), o usuário precisa fazer login no aplicativo por meio da conta Google."
page 346.txt,1,"Para visualizar as receitas nas listas do aplicativo, não se faz necessário a ação de login."
page 346.txt,3,O usuário está ciente e concorda com os seguintes termos:
page 346.txt,5,"O login é feito através da conta do Google, em que será coletado: nome como consta na conta Google e e-mail."
page 346.txt,6,Estes dados não serão cedidos ou comercializados com terceiros.
page 346.txt,8,O nome do usuário e foto poderão ser alterados no perfil do usuário.
page 346.txt,9,"Caso o usuário faça uma publicação no mural, o nome e a foto ficarão visíveis para todos usuários do aplicativo."
page 346.txt,10,"(O e-mail NÃO fica visível para os demais usuários)
"
page 346.txt,11,"A administração pode, ocasionalmente, enviar no e-mail dos usuários, informações referente ao aplicativo Receitas Low Carb (em português), como por exemplo, informar que haverá mudanças nos TERMOS DE USO e/ou POLÍTICA DE PRIVACIDADE."
page 346.txt,12,A administração NÃO enviará spam ou propaganda.
page 346.txt,13,"
Caso o usuário queira apagar o cadastro do app, basta que ele entre em contato por email através do aplicativo."
page 346.txt,14,"
A presente Política de Privacidade pode ser atualizados conforme novas funcionalidades forem implementadas ou se administração acreditar que é necessário incluir novos itens ou tornar mais claro qualquer item já existente."
