Document,Parag_number,Paragraph_Text
page 415.txt,0,"Aviso de privacidade da IMVU
Última atualização em: 11de novembro de 2020
"
page 415.txt,1,"Obrigado pela visita IMVU, Inc.'s (""IMVU"",“Nós”, “nós”, “nosso”) site localizado em www.imvu.com (Site”) e/ou Dispositivo móvel aplicação (""App"")."
page 415.txt,2,"Coletivamente, o Site e o Aplicativo são referidos como os “Serviços” ao longo deste Aviso de Notícia de Privacidade."
page 415.txt,3,"
Para prestar os Serviços, coletamos e processamos informações pessoais."
page 415.txt,4,"Este Aviso de Privacidade e nosso Aviso de Cookie governar como IMVU pode coletar,usar, armazenar e divulgar informações pessoais que obtemos por meio de ou de:
- Indivíduos que visitam, acessam, baixam ou usam os Serviços;
- Suas comunicações diretas conosco
- Quaisquer outras interações através das quais você fornece informações pessoais à IMVU
"
page 415.txt,5,"Este Aviso de Privacidade e nosso Aviso de Cookie cover our Site, our App, and any other websites, products, software, applications, data feeds, content or services on which an authorized link to this"
page 415.txt,6,Privacy Notice and Cookie Notice
page 415.txt,7,are posted.
page 415.txt,8,"
Recomendamos que você leia com atenção este Aviso de Privacidade, pois ele fornece informações importantes sobre suas informações pessoais."
page 415.txt,9,Também lhe diz sobre os seus direitos ao abrigo da lei.
page 415.txt,11,"Se você tiver quaisquer perguntas, comentários ou preocupações sobre este Aviso de Privacidade e/ou nossas práticas de dados, ou gostaria de exercer seus direitos, não hesite em nos contatar em privacy@imvu.com."
page 415.txt,12,"
SE VOCÊ FOR RESIDENTE"
page 415.txt,13,NA CALIFÓRNIA
page 415.txt,14,:
page 415.txt,15,"Se você é residente na Califórnia, todo este Aviso de Privacidade se aplica a você."
page 415.txt,16,"No entanto, consulte a seção intitulada ""Informações adicionais para Residentes da Califórnia"" baixo, que o informará em detalhes sobre nossas práticas de coleta de informações e seus direitos específicos."
page 415.txt,17,"
SE VOCÊ FOR"
page 415.txt,18,UM INDIVÍDUO LOCALIZADO NO EEA:
page 415.txt,19,"Se você estiver localizado no Espaço Econômico Europeu (“EEA”), todo este Aviso de Privacidade se aplica a você."
page 415.txt,20,"No entanto, consulte a seção intitulada ""Informações adicionais para pessoas físicas no Espaço Econômico Europeu"" abaixo, que o informará em detalhes sobre nossas bases jurídicas para processamento e quais direitos você tem em relação ao nosso processamento de seus dados pessoais."
page 415.txt,21,"
SE VOCÊ É RESIDENTE"
page 415.txt,22,EM NEVADA:
page 415.txt,23,"Se você é residente em Nevada, todo este Aviso de Privacidade se aplica a você."
page 415.txt,24,"Contudo, consulte a seção intitulada “"
page 415.txt,25,"Aviso para Consumidores de Nevada” abaixo, que também se aplica a você."
page 415.txt,26,"
Quem somos/controlador de dados
"
page 415.txt,27,"Se você usar nossos Serviços, exceto conforme indicado neste Aviso de Privacidade, o controlador de dados de suas informações será a IMVU, Inc., uma empresa de Delaware com as seguintes informações de contato:IMVU, Inc.P.O. Box 2772Redwood City, CA 94063-2052United States
Alterações a este Aviso de Privacidade
"
page 415.txt,28,"O IMVU pode atualizar este Aviso de Privacidade periodicamente, a seu exclusivo critério."
page 415.txt,29,"Nesse caso, publicaremos um Aviso de Privacidade atualizado nos Serviços, juntamente com um aviso de alteração."
page 415.txt,30,"Alterações, modificações, adições ou exclusões entrarão em vigor imediatamente após sua publicação nos Serviços, salvo indicação em contrário no aviso de alteração."
page 415.txt,31,"Se fizermos alterações significativas, também poderemos enviar aos usuários registrados uma notificação de que este Aviso de Privacidade foi alterado."
page 415.txt,32,Recomendamos que você reveja regularmente este Aviso de Privacidade em busca de quaisquer alterações.
page 415.txt,33,Seu uso continuado dos Serviços e/ou seu fornecimento contínuo de informações pessoais para nós após a publicação de tal aviso será considerado uma aceitação de quaisquer alterações e sujeito aos termos do Aviso de Privacidade então vigente.
page 415.txt,35,Privacidade de menores de idade
page 415.txt,36,"
Nossos Serviços não se destinam a crianças menores de 13 anos."
page 415.txt,37,IMVU não direciona os Serviços a crianças menores de 13 e não coleta intencionalmente informações pessoais de crianças menores de 13.
page 415.txt,38,"Se você tem menos de 13, por favor, não se registre para usar os Serviços e não nos forneça nenhuma informação sobre você."
page 415.txt,40,"Se você tiver entre 13 e 16 anos de idade e reside no EEA, obteremos o consentimento verificável de seus pais ou seu responsável para coletar determinadas informações, na medida exigida pela lei aplicável.anchor
"
page 415.txt,41,Quais informações pessoais coletamos e como elas são coletadas?
page 415.txt,42,"
Dependendo de quem você é e por que está usando nossos Serviços, coletamos diferentes tipos de informações."
page 415.txt,43,"
“Informações pessoais” – ou “Dados pessoais”, usados de forma intercambiável ao longo deste Aviso de Privacidade – significa qualquer informação sobre um indivíduo a partir do qual essa pessoa possa ser identificada."
page 415.txt,44,"Por exemplo, pode incluir seu nome, número de telefone, endereço de e-mail, informações de pagamento e seu endereço IP, ID do dispositivo e informações de localização."
page 415.txt,45,"Não inclui dados dos quais a identidade de um indivíduo foi definitivamente removida, juntamente com quaisquer identificadores conectados a esse indivíduo, também referidos como informações anonimizadas ou anonimizadas."
page 415.txt,47,"Quando você visita ou usa nossos Serviços, coletamos informações pessoais diretamente from you when you provide it to us, as well as indiretamente through automated technologies such as cookies."
page 415.txt,49,"Informações coletadas diretamente
Account Registration Information"
page 415.txt,51,"Para usar os Serviços, solicitamos que você forneça:"
page 415.txt,52,"
- Nome
- Avatar ou nome de usuário
- Senha
- Idade
Além disso, podemos coletar quaisquer informações pessoais que você opte por incluir voluntariamente em seu perfil, incluindo:"
page 415.txt,53,"
- Status de relacionamento
- Género
- País auto-selecionado
Observe que, a menos que você tenha definido suas preferências para ocultar determinadas informações de perfil, outros usuários em nossos Serviços"
page 415.txt,54,"poderão visualizar suas informações de perfil (que incluem seu nome de avatar, nome de exibição, idade, sexo e país (e nos Estados Unidos, seu Estado)."
page 415.txt,56,"Informações de registro do programa
"
page 415.txt,57,"Se você se juntar ao nosso Programa de Notificação de Criadores ou a alguns outros programas IMVU opcionais, exigimos informações adicionais para garantir o processamento de pagamentos e também solicitaremos o seu:"
page 415.txt,58,"
- Nome da conta
- Endereço postal
- Número de telefone
- Carteira de motorista ou outro identificador governamental
- Número de identificação fiscal"
page 415.txt,59,"
Usaremos essas informações para administrar o Programa de Notificação de Creator ou outros programas para os quais você se registrou, e poderemos usar essas informações para enviar avisos e informações conforme requeridas ou necessária."
page 415.txt,61,"Informações da transação
"
page 415.txt,62,"Caso queira ingressar em nosso programa VIP, adicionar credits à sua conta, adquirir direitos para usar um nome de avatar específico, ou adquirir outros bens ou serviços virtuais, solicitamos certas informações pessoais para verificar sua identidade para fins de detecção de fraude, para cobrança e para processar seus pedidos."
page 415.txt,63,Você deve nos fornecer o seu:
page 415.txt,64,"
- Informações de contato, incluindo nome, e-mail e endereço de cobrança
- Informações financeiras, incluindo número do cartão de crédito, data de validade, informações da conta do PayPal ou uma selfie (quando aplicável)."
page 415.txt,65,"Caso use uma ferramenta de compra vinculada à sua identidade (como PayPal), nos manteremos um token criptografado da compra em nossos arquivos."
page 415.txt,66,"
Além disso, podemos processar informações relacionadas com suas compras e outros fins comerciais internos, como credits comprados ou ganhos, os bens virtuais que você cria, vende e/ou compra, o preço virtual desses bens virtuais e o lucro que você obtém vendendo esses bens virtuais."
page 415.txt,68,"Comunicações por e-mail
"
page 415.txt,69,"Ao se registrar e usar os Serviços, você pode optar por receber e-mails de marketing do IMVU."
page 415.txt,70,"Além disso, podemos enviar atualizações por e-mail periodicamente."
page 415.txt,71,"Por exemplo quando alguém adicionar você como amigo, quando você receber uma nova mensagem de um de seus amigos ou de um usuário que ainda não seja seu amigo."
page 415.txt,72,"Se você se comunicar conosco por e-mail, processaremos o conteúdo da comunicação para responder à sua pergunta."
page 415.txt,73,"
If you do not wish to receive certain types"
page 415.txt,74,of
page 415.txt,75,"email communications, you may go to your Configurações da Conta dentro dos Serviços e clique em Mudar Preferências de E-mail para alterar suas opções."
page 415.txt,76,"Você não pode optar por não receber determinadas comunicações, como aquelas que o atualizam sobre nossos termos ou informam sobre atividades suspeitas em sua conta."
page 415.txt,78,Informações de conteúdo carregado
page 415.txt,79,"
Você pode fazer upload de fotos e outro conteúdo nos Serviços (por exemplo, para usar como seu Avatar imagem ou para o seu Feed)."
page 415.txt,80,Processamos essas informações se você optar por carregar conteúdo para os Serviços.
page 415.txt,81,"Esteja ciente de que, se você fizer isso, quaisquer fotos e outros conteúdos que você postar poderão ser visualizados por outros usuários dos Serviços."
page 415.txt,82,"Você pode remover sua(s) foto(s), vídeos, e outros conteúdos a qualquer momento acessando sua conta, selecionando seu conteúdo, e excluindo o conteúdo."
page 415.txt,83,"Por favor observe que você não pode fazer envio de conteúdo sobre outro indivíduo, a menos que tenha permissão expressa para fazê-lo."
page 415.txt,85,"Se você é menor e tiver entre 13 e 17 anos de idade, você poderá nos contatar por meio da Central de atendimento para remover determinados conteúdos que tenha enviado para os Serviços."
page 415.txt,87,"Informações do chat e blog
"
page 415.txt,88,"Caso você use os recursos de bate-papo, fóruns ou mensagens instantâneas nos Serviços, lembre-se de que qualquer Informação Pessoal enviada poderá ser lida, coletada ou utilizada pela IMVU e por outros usuários desses fóruns, e pode ser usada para lhe enviar mensagens não solicitadas."
page 415.txt,89,Não somos responsáveis pelas informações pessoais ou outras informações sobre você ou qualquer outra pessoa que você decida enviar a esses fóruns.
page 415.txt,90,"
Recomendamos que você não publique informações confidenciais ao usar a funcionalidade de bate-papo ou o quadro de mensagens."
page 415.txt,92,"Se você escolher se inscrever em nosso Feed ou Discussões por e-mail, coletaremos seu endereço de e-mail e usaremos seu endereço de e-mail para enviar uma verificação de e-mail, bem como mensagens de e-mail se as pessoas comentarem na mesma foto ou tópico que você."
page 415.txt,93,"Você pode cancelar a assinatura a qualquer momento, seguindo as instruções incluídas em cada comunicação por e-mail ou clicando no Request Support tab e selecionando ""Privacidade"" como Categoria de caso."
page 415.txt,95,Informações coletadas indiretamente
page 415.txt,96,"
We, or authorized third parties, collect some information, including Device and Usage Information described below, by automated means using cookies, web beacons, and server logs for analytic purposes."
page 415.txt,97,For more information on our use of these
page 415.txt,98,"technologies and the data that they collect, see the Aviso de Cookie.anchor
"
page 415.txt,99,Informações sobre dispositivo e uso
page 415.txt,100,"
When you download, use, or interact with the Services, even if you do not have an account, we,"
page 415.txt,101,"or authorized third parties (such as service providers or, as explained below , External Ad Partners), may collect information about your use of the Services via your device."
page 415.txt,102,"Device and Usage Information that we, or these authorized third parties, collect consists of:"
page 415.txt,103,"
- Information About your Device: information about the devices and software you use to access the Services – primarily the internet browser or mobile device that you use, the website"
page 415.txt,104,or source that linked
page 415.txt,105,"or referred you to the Services, your IP address or device ID (or other persistent identifier that uniquely"
page 415.txt,106,identifies
page 415.txt,107,your
page 415.txt,108,"computer or mobile device on the Internet),"
page 415.txt,109,"the operating system of your computer or mobile device, device screen size, and other similar technical information."
page 415.txt,110,"
- Informações de Uso: information about your interactions with the Services, including access dates and times, hardware and software information, device event information, crash data, and cookie data."
page 415.txt,111,This information allows
page 415.txt,112,us to understand
page 415.txt,113,"the screens that you view, how you have used the Services (which may include administrative and support communications with us or whether you have clicked on third party links), and other actions on the Services."
page 415.txt,114,"We, or our authorized third parties, automatically collect log data when you access and use the Services, even if you have not created an account or logged in."
page 415.txt,115,"We use this information to administer and improve the Services, analyze trends, track users’"
page 415.txt,116,"use of the Services, and gather broad demographic information for aggregate use."
page 415.txt,117,"
- Dados de Localização: nós, ou terceiros autorizados, coletamos seus dados de localização, incluindo cidade, código de área metropolitana, código postal, estado, país, latitude e longitude e código de área por meio de seu endereço IP."
page 415.txt,118,"Para desativar a coleta de informações de localização precisas de seu dispositivo móvel por meio dos Serviços, você pode acessar as configurações do seu dispositivo móvel e optar por limitar essa coleção."
page 415.txt,120,Informações de terceiros
page 415.txt,121,"
Em alguns casos, processamos Informações Pessoais de terceiros, que consistem em:"
page 415.txt,122,"
- Dados de nossos parceiros e provedores de serviços, como Informações sobre transações de provedores de serviços de pagamento
- Dados de nossos Parceiros Para Anúncios Externos (descritos aqui )."
page 415.txt,123,"
Por que coletamos suas informações pessoais e como as usamos
Nós, ou nossos parceiros autorizados, coletamos e processamos informações pessoais para:"
page 415.txt,124,"
- Fornecer-lhe os Serviços
- Garantir que nossos Serviços estejam operacionais e otimizados para a experiência do usuário, bem como para impor nossos termos de uso, se necessário
- Melhorar o conteúdo e a administração geral dos Serviços
- Melhore a experiência do usuário, inclusive para fornecer suporte ao cliente ou personalizar sua experiência
- Detectar fraudes, atividades ilegais ou violações de segurança
- Permitir que você participe do nosso Programa de Notificação do Creator ou de outros programas
- Permitir que terceiros entreguem publicidade a você e para possibilitar que você participe de promoções e pesquisas para fins de monetização
- Fornecer avisos a respeito de bens ou serviços que você comprou ou pode querer comprar no futuro, inclusive em alguns casos, para enviar-lhe comunicados diretos de marketing sobre os produtos e serviços do IMVU que julgarmos interessantes para você
- Responder às suas perguntas e solicitações, ou para se comunicar diretamente com você
- Realizar manutenção e atualizações do sistema e habilitar novos recursos
- Realizar análises estatísticas e analíticas
- Entender como você acessa e usa os Serviços para fornecer funcionalidades técnicas, desenvolver novos produtos e serviços, e analisar seu uso dos Serviços, como, por exemplo, sua interação com aplicativos, publicidade, produtos e serviços disponibilizados, vinculados ou oferecidos através dos Serviços
- Fornecer informações aos órgãos reguladores quando legalmente exigido e somente conforme descrito neste Aviso de Privacidade
"
page 415.txt,125,"Para residentes da Califórnia, por favor visite isso Seção para obter mais informações sobre objetivos específicos de coleta para cada categoria de informações pessoais coletadas no passado 12 meses
Para indivíduos localizados no EEA, por favor visite isso Seção para obter mais informações sobre nossas bases jurídicas para processamento."
page 415.txt,127,"Análises
"
page 415.txt,128,"Com as Informações de Dispositivo e Uso coletadas por nossos serviços de análise de terceiros, como o Google Analytics, geramos e processamos ""Informações Agregadas"", como dados estatísticos ou demográficos."
page 415.txt,129,"As Informações Agregadas podem ser derivadas de Dados Pessoais, mas não são consideradas Dados Pessoais de acordo com a lei se não revelarem direta ou indiretamente sua identidade."
page 415.txt,130,"Por exemplo, podemos monitorar o número total de visitantes em nossos Serviços ou o número de visitantes de cada página de nossos Serviços, e podemos agregar dados de uso para calcular a porcentagem de usuários que acessam um recurso específico dos Serviços e analisar esses dados para fins de tendências e estatísticas."
page 415.txt,132,"No entanto, se combinarmos ou conectarmos as Informações"
page 415.txt,133,"Agregadas aos seus dados pessoais para que possam identificá-lo direta ou indiretamente,"
page 415.txt,134,"trataremos os dados combinados como dados pessoais, que serão processados de acordo com este Aviso de Privacidade."
page 415.txt,135,"
Para obter mais informações sobre nosso uso de cookies e tecnologias semelhantes para fins analíticos, consulte nosso Aviso de Cookie.anchor
Publicidade, marketing e monetização"
page 415.txt,137,"IMVU parceiros com anunciantes terceiros, empresas de servidores de anúncios e redes de anúncios (coletivamente, “Parceiros"
page 415.txt,138,De Anúncios Externos”)
page 415.txt,139,"para fins de publicidade e monetização, bem como afiliados de marketing para ofertas específicas (“Provedores Offerwall”)."
page 415.txt,140,"
Parceiros"
page 415.txt,141,"De Anúncios Externos e, em alguns casos, Provedores de Offerwall, usam cookies, beacons, tags, pixels de rastreamento e tecnologias de rastreamento semelhantes para coletar Determinadas Informações de uso e dispositivo, incluindo endereço IP e ID do dispositivo."
page 415.txt,142,"Com este dispositivo e informações de uso e, em alguns casos, informações sobre suas visitas a outros sites e serviços, os Parceiros de Anúncios Externos fornecem anúncios sobre bens e serviços que podem ser do seu interesse, geralmente chamados de anúncios segmentados por comportamento ou anúncios redirecionados."
page 415.txt,143,"O uso de suas informações pessoais será regido pelos termos de suas políticas de privacidade, e elas podem explicar como você pode recusar determinados rastreamentos por seus anúncios."
page 415.txt,145,"Se você optar por participar da funcionalidade ""Credits Gratuitos"" ou ""Ganhar Credits"", observe que os Parceiros de Anúncios Externos relevantes também podem acompanhar o desempenho e usar dados relacionados aos anúncios bem como a forma como você usa os Serviços."
page 415.txt,146,"Para residentes da Califórnia, por favor clique aqui para obter mais informações."
page 415.txt,148,O que isso significa?
page 415.txt,149,"Quando você clica em um link para um Parceiro de Anúncio Externo em nossos Serviços, esse Parceiro de Anúncio Externo deixa um cookie (ou tecnologias de rastreamento semelhantes) para captura e coleta Informações do Dispositivo e Uso, para que ele possa rastrear suas atividades nos Serviços, a menos que você esteja no EEA e não tenha aceito, ou tenha bloqueado os cookies, conforme descrito abaixo."
page 415.txt,150,Essas informações podem ser combinadas com outras informações de outras fontes e usadas para fornecer publicidade segmentada.
page 415.txt,152,For more information
page 415.txt,153,"about interest-based advertising, please visit the Network Advertising Initiative website and/or the Digital Advertising Alliance (“DAA”)"
page 415.txt,154,Self-Regulatory Program for Online Behavioral Advertising website.
page 415.txt,155,To
page 415.txt,156,learn more about interest-based advertising in mobile apps and to opt out
page 415.txt,157,of this type of advertising by third parties that participate in the DAA’s AppChoices
page 415.txt,158,"tool, please"
page 415.txt,159,use this
page 415.txt,160,link to download the version of AppChoices for your device.
page 415.txt,161,Please note that any opt-out choice you
page 415.txt,162,exercise
page 415.txt,163,through these programs will apply to interest-based advertising by the third parties
page 415.txt,164,you select
page 415.txt,165,", but will still allow the collection of data for other purposes, including research, analytics, and internal operations."
page 415.txt,166,"You may also continue to receive advertising, but that advertising may be less relevant to your interests."
page 415.txt,167,"
You may have more options depending on your"
page 415.txt,168,mobile
page 415.txt,169,device and operating
page 415.txt,170,system.
page 415.txt,171,"For example, most device operating systems (e.g., iOS for Apple phones, Android for Android devices) provide their own instructions on how to limit or prevent"
page 415.txt,172,the delivery of tailored
page 415.txt,173,in-application advertisements.
page 415.txt,174,You may review the support materials and/or the privacy settings for the respective operating systems to learn more about these features and how they apply to tailored in-app advertisements.
page 415.txt,176,Por favor visite nosso Aviso de Cookie for more information on the types
page 415.txt,177,of cookies
page 415.txt,178,"that are used by us and our External Ad Partners within the Services,"
page 415.txt,179,as well as information on your choices and how to opt out.
page 415.txt,181,Gerenciando suas preferências
page 415.txt,182,"
Acessando e atualizando seus dados pessoais
"
page 415.txt,183,"Se os Dados Pessoais sobre você mudarem, ou se não desejar mais usar nossos Serviços, você poderá corrigir, atualizar, alterar ou desativar sua conta nas configurações da sua conta ou entrando em contato com a IMVU, usando as informações indicadas neste Aviso de Privacidade."
page 415.txt,184,Responderemos à sua solicitação dentro de um prazo razoável.
page 415.txt,185,"
Marketing direto
"
page 415.txt,186,O IMVU permite que você gerencie suas preferências de marketing clicando em um link contido em cada comunicação eletrônica enviada para você.
page 415.txt,187,Você pode usar suas configurações de preferência para nos informar como gostaria de receber comunicações de marketing.
page 415.txt,188,As atualizações das suas informações de preferência de privacidade serão enviadas assim que você confirmar suas alterações.
page 415.txt,189,"
Você também pode optar por não receber mais e-mails de marketing direto, clicando no link ao final de cada mensagem de e-mail recebida de nós."
page 415.txt,191,Informações
page 415.txt,192,"De Localização Precisas
"
page 415.txt,193,"Conforme explicado acima, para desativar a coleta de informações de localização precisas do seu dispositivo móvel por meio dos Serviços, você pode acessar as configurações do seu dispositivo móvel e optar por limitar essa coleção.anchor
Divulgação de suas informações pessoais"
page 415.txt,195,"Divulgamos suas informações pessoais em determinadas circunstâncias, como para nossos provedores de serviços ou em caso de venda, conforme descrito abaixo."
page 415.txt,197,Terceiros E Provedores
page 415.txt,198,De Serviços
page 415.txt,200,"IMVU de compartilhar as informações dos usuários com nossos agentes terceirizados, contratados ou provedores de serviços que são contratados para realizar serviços IMVU nome para auxiliar em determinados fins comerciais."
page 415.txt,201,Esses prestadores podem operar ou apoiar certas funções dos Serviços.
page 415.txt,202,Abaixo está uma lista de categorias de prestadores de serviços que podemos usar para executar essas funções (sujeito a alterações):
page 415.txt,203,"
- Serviços de análise
- Serviços de suporte ao cliente
- Pesquisas e promoções
- Serviços de cobrança e provedores de gateway de pagamento
- Serviços de rede de hospedagem e entrega de conteúdo
- Ferramentas de comunicação
- Prestadores de serviços profissionais, como auditores, advogados, consultores, contadores e seguradoras
"
page 415.txt,204,Os provedores de serviços processam suas informações pessoais com o propósito específico de nos fornecer seus serviços (e de acordo com nossas instruções).
page 415.txt,205,"
Conforme observado acima, também trabalhamos com Parceiros de Anúncios Externos e Provedores de Offerwall, que são responsáveis por fornecer determinados avisos aos residentes da Califórnia, conforme explicado abaixo em Informações Adicionais para Residentes da Califórnia.anchor
Transferências comerciais
"
page 415.txt,206,"As we continue to grow, we may purchase websites, applications, subsidiaries, or other businesses"
page 415.txt,207,or business units.
page 415.txt,208,"Alternatively, we may sell businesses"
page 415.txt,209,"or business units, merge with other entities, obtain financing, and/or sell assets or stock, in some cases, as part of a reorganization or liquidation in bankruptcy."
page 415.txt,210,"In order to evaluate and/or as part of these transactions, we may transfer your personal information to a successor entity upon a merger, consolidation, or other corporate"
page 415.txt,211,reorganization in which
page 415.txt,212,"IMVU participates, to investors and/or to a purchaser"
page 415.txt,213,"or acquirer of all or a portion of IMVU’s assets, bankruptcy included."
page 415.txt,215,Fóruns públicos e áreas comunitárias
page 415.txt,217,Oferecemos aos usuários a possibilidade de usar fóruns e meios semelhantes de debate público.
page 415.txt,218,"Caso você use os recursos de mensagens, publicações ou bate-papo no IMVU, lembre-se de que qualquer dado pessoal que enviar estará disponível para qualquer pessoa com acesso a esse conteúdo, incluindo outros usuários, e poderá ser lido, coletado ou utilizado por outros usuários desses fóruns, e pode ser usado para lhe enviar mensagens não solicitadas."
page 415.txt,219,Não nos responsabilizamos pela forma como outras pessoas utilizam as informações publicadas dessa maneira.
page 415.txt,221,Informações anônimas
page 415.txt,222,"
Compartilhamos informações não pessoais anonimizadas, agregadas ou coletadas automaticamente com entidades externas para diversas finalidades, incluindo (i) conformidade às obrigações de comunicação; (ii) para fins comerciais ou de marketing; (iii) nos ajudar e auxiliar outras partes a entender os interesses, hábitos, e padrões de uso dos nossos usuários de determinados programas, conteúdos, serviços, anúncios, promoções, e/ou funcionalidades disponíveis através dos Serviços."
page 415.txt,223,"Nós não compartilhamos informações pessoais sobre você neste caso.anchor
Obrigações legais e segurança
"
page 415.txt,224,"O IMVU pode preservar ou divulgar suas informações pessoais em circunstâncias limitadas (exceto as estabelecidas neste Aviso de Privacidade), incluindo: (i) com seu consentimento; (ii) quando nós acreditarmos de boa fé é exigido por lei, como em virtude de uma intimação, ou outra ordem judicial ou administrativa (conforme explicado abaixo); (iii) para proteger a segurança de qualquer pessoa; (iv) proteger a segurança de nossos Serviços ou impedir spam, abuso ou outra atividade maliciosa em relação aos Serviços; ou (v) para proteger nossos direitos ou propriedade ou os direitos ou propriedade daqueles que usam os Serviços."
page 415.txt,225,"
Se formos obrigados a divulgar informações pessoais por lei, como em conformidade com uma intimação, mandado ou outra ordem judicial ou administrativa, nossa política é responder a solicitações que são devidamente emitidas pela polícia nos Estados Unidos ou por meio de mecanismo de assistência jurídica mútua (como um tratado)."
page 415.txt,226,"Observe que, se recebermos informações que nos dão uma crença de boa-fé de que existe uma emergência envolvendo perigo de morte ou ferimentos físicos graves a uma pessoa, poderemos fornecer informações às autoridades que tentam impedir ou atenuar o perigo (se as tivermos), a ser determinado caso a caso."
page 415.txt,227,"
Processamento de pagamentos"
page 415.txt,229,"Usamos processadores de pagamento de terceiros, em conformidade com a PCI, que coletam informações de pagamento em nosso nome para concluir transações."
page 415.txt,230,"Embora recebamos uma confirmação de pagamento quando um usuário faz uma compra, não temos acesso e não podemos processar as informações do seu cartão de crédito."
page 415.txt,232,Ingressos de Terceiros
page 415.txt,233,"
Você pode se registrar para ingressar ou fazer login nos Serviços diretamente ou usando um login de plataforma de terceiros, como Apple Entrar ou Facebook Conectar."
page 415.txt,234,IMVU só usa essas plataformas de terceiros para fins de autenticação de usuários e não passa nenhuma informação pessoal para a plataforma de terceiros.
page 415.txt,235,"Se você optar por entrar nos Serviços por meio de uma plataforma de terceiros, a plataforma de terceiros pode coletar informações pessoais sobre você e sua atividade, dependendo de como você ajustou suas configurações de privacidade com essa plataforma de terceiros."
page 415.txt,236,O uso de login de terceiros para fins de autenticação está sujeito às políticas de privacidade dessas plataformas.
page 415.txt,238,"Ofertas de Terceiros e Sites Parceiros de Marcas
"
page 415.txt,239,"Se você deseja completar uma oferta de terceiros para ganhar gratuitamente Credit nos Serviços com um Provedor Offerwall no Site, você será redirecionado para o site do Provedor Offerwall para a oferta que deseja completar."
page 415.txt,240,As informações coletadas nesses sites de entidades externas não são cobertas pelo nosso Aviso de Privacidade.
page 415.txt,241,"Para obter informações sobre como sites de oferta de terceiros coletam e usam suas informações em troca de Credit, consulte suas respectivas políticas de privacidade e suas políticas sobre como lidar com incentivos financeiros para residentes da Califórnia."
page 415.txt,242,"Esses sites de terceiros compartilham conosco seu número de identificação de cliente assim que a oferta for concluída, para que possamos corresponder o número ao seu avatar, a fim de Credit sua conta com os Credits que você ganhou dos sites de terceiros para completar sua oferta (s)."
page 415.txt,244,Por favor observe que algumas páginas podem ter a aparência de nossos Serviços (isso é.
page 415.txt,245,", www.imvu.com. ), no entanto essas páginas são veiculadas por terceiros e nosso Aviso de Privacidade não se aplica às informações coletadas nesses sites de marca conjunta."
page 415.txt,246,Você deve ler a política ou declaração de privacidade do nosso parceiro de marca no site da parceria entre marcas.
page 415.txt,247,"
Não Rastrear"
page 415.txt,249,A IMVU não rastreia indivíduos entre várias plataformas.
page 415.txt,250,"
Protegendo suas informações pessoais"
page 415.txt,252,Nenhum método de transmissão pela Internet (ou método de armazenamento eletrônico) é 100% seguro;
page 415.txt,253,"no entanto, tomamos as medidas razoavelmente necessárias para prestar nossos Serviços com segurança."
page 415.txt,254,"Colocamos em prática medidas de segurança razoavelmente adequadas, destinadas a evitar que seus dados pessoais sejam acidentalmente perdidos, usados ou acessados de forma não autorizada, alterados ou divulgados."
page 415.txt,255,"Limitamos o acesso aos Dados Pessoais apenas aos funcionários, agentes, contratados e terceiros que têm a necessidade de conhecê-los."
page 415.txt,256,"
Nós também temos procedimentos para lidar com qualquer suspeita de violação de segurança de dados."
page 415.txt,257,"Se necessário, notificaremos você e qualquer regulador aplicável sobre uma suspeita de violação de segurança de dados."
page 415.txt,258,Nós também exigimos que as partes para quem transferimos suas informações pessoais forneçam padrões aceitáveis de segurança.
page 415.txt,259,"
Transferências Internacionais
"
page 415.txt,260,"Estamos localizados nos Estados Unidos, e as Informações Pessoais que coletamos são armazenadas em servidores localizados nos Estados Unidos."
page 415.txt,261,"Isso significa que suas Informações Pessoais serão coletadas, processadas e armazenadas nos Estados Unidos, que podem ter leis de proteção de dados que são diferentes (e às vezes menos protetoras) das leis do seu país ou região, como o GDPR."
page 415.txt,263,"Ao nos enviar Informações Pessoais, você concorda e consente com o processamento de suas Informações Pessoais nos Estados Unidos, que pode não oferecer um nível equivalente de proteção ao exigido em outros países (principalmente a União Europeia) e com o processamento dessas informações por nós em servidores localizados nos Estados Unidos, conforme descrito neste Aviso de Privacidade."
page 415.txt,264,"
Nós implementamos salvaguardas projetadas para garantir que as Informações Pessoais que processamos permaneçam protegidas de acordo com este Aviso de Privacidade, inclusive quando processadas internacionalmente ou por fornecedores e parceiros de serviços terceirizados."
page 415.txt,265,"As salvaguardas que podemos tomar a nosso critério incluem, por exemplo, celebrar acordos vinculativos em conexão com quaisquer transferências posteriores de informações pessoais."
page 415.txt,266,Nós podemos implementar outros mecanismos e tomar salvaguardas apropriadas semelhantes com nossos fornecedores e parceiros de serviços terceirizados.
page 415.txt,267,"Mais detalhes podem ser fornecidos mediante solicitação.anchor
Como entrar em contato conosco sobre privacidade
"
page 415.txt,268,"Caso você tenha alguma questão a respeito deste Aviso de Privacidade, entre em contato com a IMVU, Inc aqui, clicando na guia ""Solicitar assistência"" e selecionando ""Privacidade"" como Categoria de Caso, ou por correspondência pelo endereço:
Privacy OfficerIMVU, Inc.PO Box 2772Redwood City, CA 94063email:
privacy@imvu.com
Adicionalmente, para indivíduos localizados no EEA: www.imvu.com/next/policyhub/gdprconsent/.anchor
Aviso aos consumidores de Nevada
Não vendemos suas informações pessoais dentro do escopo e de acordo com o significado definido de ""venda"" sob a NRS 603A.anchor
"
page 415.txt,269,"Informações adicionais para pessoas físicas no Espaço Econômico Europeu
Categorias de destinatários de dados pessoais"
page 415.txt,271,The categories of recipients of Personal Data with whom we may share your Personal
page 415.txt,272,Data are listed in Divulgação de suas informações pessoais.
page 415.txt,273,acima.
page 415.txt,274,"
Finalidade do processamento e base jurídica"
page 415.txt,276,O IMVU processa suas informações pessoais para uma série de propósitos diferentes.
page 415.txt,277,"Alguns são essenciais para fornecermos os Serviços que você usa ou para cumprir as nossas obrigações jurídicas, alguns nos ajudam a executar os Serviços de forma eficiente e eficaz, e outros ainda nos permitem lhe fornecer informações e ofertas mais relevantes e personalizadas."
page 415.txt,278,Em todos os casos é necessário termos um motivo e uma base jurídica para processar suas informações pessoais.
page 415.txt,279,Confira abaixo uma breve explicação de alguns dos fundamentos jurídicos mais comuns que nos regem abaixo.
page 415.txt,280,"
- Desempenho de um Contrato: Podemos processar seus dados pessoais com a finalidade de executar sob os termos de um contrato do qual você é parte - em outras palavras, sua capacidade de usar os Serviços."
page 415.txt,281,"Por exemplo, se você comprar itens virtuais nos Serviços, processaremos seus dados a fim de realizar a transação de pagamento."
page 415.txt,282,"
- Interesses legítimos Nós podemos processar dados pessoais onde for necessário para nossos interesses comerciais legítimos, mas apenas na medida em que não sejam superados por seus próprios interesses ou direitos e liberdades fundamentais."
page 415.txt,283,"Geralmente confiamos em interesses legítimos para fornecer e manter Serviços que funcionem bem e de forma segura, para realizar prevenção de fraudes, e para geralmente melhorar os Serviços."
page 415.txt,284,"Ao contar com essa base legal, se necessário, nós realizamos uma avaliação de interesse legítimo para garantir que consideraremos e equilibraremos qualquer impacto potencial em você (ambos positivos e negativos) e os seus direitos sob as leis de proteção de dados."
page 415.txt,285,"
- Consentimento"
page 415.txt,286,"O IMVU contará com o consentimento quando for necessário, como quando solicitarmos que confirme as suas preferências de marketing."
page 415.txt,287,"Quando precisarmos do consentimento, você será solicitado a confirmar que concede sua permissão ao IMVU para processar seus dados pessoais."
page 415.txt,288,Você tem o direito de retirar seu consentimento a qualquer momento caso não queira fazer parte da atividade de processamento do IMVU onde o seu consentimento foi solicitado.
page 415.txt,289,"
- Obrigação legal"
page 415.txt,290,O IMVU estará ocasionalmente sob a obrigação legal de obter e divulgar seus dados pessoais ou poderá cooperar em uma investigação legal ou governamental.
page 415.txt,291,"Sempre que possível, iremos notificá-lo quando estivermos processando os seus dados devido a uma obrigação jurídica, no entanto, isso nem sempre será possível."
page 415.txt,292,O IMVU pode determinar que precisa fornecer seus dados para evitar atividades criminosas ou ajudar a detectar atividades criminosas;
page 415.txt,293,"nesse caso, podemos compartilhar informações com as autoridades sem notificá-lo."
page 415.txt,294,"É essencial que o IMVU cumpra seus requisitos legais, regulamentares e contratuais, portanto, se você se opuser a esse processamento, o IMVU não poderá prestar seus Serviços a você."
page 415.txt,295,"
A tabela a seguir ilustra com mais detalhes como as bases legais acima para o processamento podem se aplicar às nossas finalidades principais para o processamento de diferentes tipos de dados pessoais."
page 415.txt,296,"Observe que, no que diz respeito às bases jurídicas, nós confiamos apenas em uma base para cada atividade de processamento específica, mas para fins desta análise seguinte,nós podemos listar mais de uma, que dependerá então do tipo específico de processamento e das circunstâncias."
page 415.txt,297,Quebramos cada atividade de processamento por bases legais e categorias de dados pessoais processados:
page 415.txt,298,"
- Fornecer acesso e uso dos Serviços, incluindo o registro de você nos Serviços e a ativação de compras e pedidos [Legal Basis: Performance of a Contract] [Personal Data: Account Registration Information, Program Registration Information, Device & Usage Information, Transaction Information, Email Communications, Information from"
page 415.txt,299,"Third Parties]
- Permitir que você participe do nosso Programa de Notificação do Creator ou de outros programas [Legal Basis: Legitimate Interests] [Personal Data: Account Registration Information, Program Registration Information, Device & Usage Information, Email Communications, Uploaded Content Information, Chat and Blog Information, Transaction Information, Information from"
page 415.txt,300,Third Parties]
page 415.txt,301,"
- Ensure that our Services are operational and optimized for user experience, as well as to enforce our Terms of Use with you if necessary [Legal Basis: Legitimate Interests or Performance of a Contract, depending on the specific use] [Personal Data: Account Registration Information, Program Registration Information, Device & Usage Information, Uploaded Content Information, Email Communications, Information from Third Parties, Transaction Information]
- Melhorar o conteúdo e a administração geral dos Serviços [Legal Basis: Legitimate Interests] [Personal Data: Account Registration Information, Program Registration Information, Device & Usage Information]
- Melhore a experiência do usuário, inclusive para fornecer suporte ao cliente ou personalizar sua experiência [Legal Basis: Legitimate Interests or Performance of a Contract, depending on the"
page 415.txt,302,"specific use] [Personal Data: Account Registration Information, Program Registration Information, Device & Usage Information, Uploaded Content Information, Email Communications, Information from"
page 415.txt,303,"Third Parties, Transaction Information]
- Detectar fraudes, atividades ilegais ou violações de segurança [Legal Basis: Legitimate Interests] [Personal Data: Account Registration Information, Program Registration Information, Device & Usage Information, Information from"
page 415.txt,304,"Third Parties, Transaction Information]
- Permita que terceiros forneçam publicidade para você, e para permitir que você participe de promoções e pesquisas para fins de monetização [Legal Basis: Legitimate Interests or Consent, depending on the specific circumstances] [Personal Data: Account Registration Information, Device & Usage Information, Transaction Information]
- Provide you with notices regarding goods"
page 415.txt,305,or services that you have purchased or may wish
page 415.txt,306,to
page 415.txt,307,purchase
page 415.txt,308,in
page 415.txt,309,"the future [Legal Basis: Legitimate Interests or Performance of a Contract, depending on the specific use] [Personal Data: Account Registration Information, Program Registration Information, Device & Usage Information, Uploaded Content Information, Email Communications, Information from"
page 415.txt,310,"Third Parties, Transaction Information]
- Responder às suas perguntas e solicitações, ou para se comunicar diretamente com você [Legal Basis: Legitimate Interests or Performance of a Contract, depending on the specific use] [Personal Data: Account Registration Information, Program Registration Information, Device & Usage Information, Email Communications, Transaction Information]
- Realizar manutenção e atualizações do sistema e habilitar novos recursos [Legal Basis: Legitimate Interests] [Personal Data: Account Registration Information, Program Registration Information, Device & Usage Information]
- Realizar análises estatísticas e analíticas [Legal Basis: Legitimate Interests or Consent, depending on the circumstances] [Personal Data: Device & Usage Information, Email Communications, Information from"
page 415.txt,311,"Third Parties, Transaction Information]
- Understand how you access and use the Services in order to provide technical functionality, to develop new products and services, and to analyze your use of the Services, such as your interaction with applications, advertising, products, and services that are made available, linked to, or offered through the Services [Legal Basis: Legitimate Interests] [Personal Data: Account Registration Information, Program Registration Information, Device & Usage Information, Email Communications, Uploaded Content Information, Chat and Blog Information, Transaction Information, Information from"
page 415.txt,312,Third Parties]
page 415.txt,313,"
- Fornecer informações aos órgãos reguladores quando legalmente exigido e somente conforme descrito neste Aviso de Privacidade [Legal Basis: Compliance with a Legal Obligations] [Personal Data:"
page 415.txt,314,Only such information as may be required]
page 415.txt,316,Por quanto tempo mantemos suas informações pessoais?
page 415.txt,317,"
Nós usamos os seguintes critérios para determinar nossos períodos de retenção: a quantidade, natureza e sensibilidade de suas informações, os motivos pelos quais coletamos e processamos seus dados pessoais, o tempo pelo qual mantemos um relacionamento contínuo com você e fornecemos acesso a nossos Serviços, e os requisitos legais aplicáveis."
page 415.txt,318,"Nós manteremos as informações pessoais que coletamos de você quando houver uma necessidade legítima comercial contínua para isso (por exemplo, para cumprir os requisitos legais, tributários ou contábeis aplicáveis), quando nós não conseguirmos verificar razoavelmente sua identidade ou caso exigido pelo GDPR."
page 415.txt,319,"Além disso, nós não podemos excluir informações quando estas forem necessárias para o estabelecimento, exercício, ou defesa de reivindicações legais (também conhecidas como ""retenção para litígio"")."
page 415.txt,320,"Neste caso, as informações poderão ser retidas desde que necessárias para o exercício das respectivas reivindicações jurídicas potenciais."
page 415.txt,321,"
When we have no ongoing business need to process your personal information, we will either delete or anonymize it or, if this is not possible (for example, because your personal information has been stored in backup archives), we will securely store"
page 415.txt,322,your personal information and isolate it from
page 415.txt,323,any
page 415.txt,324,further processing until deletion is possible.
page 415.txt,325,"If you have questions about, or need further information concerning, our data retention periods, please send an email at privacy@imvu.com."
page 415.txt,326,"
Tenha controle de suas informações: seus direitos
"
page 415.txt,327,"If the GDPR applies to you because you are in the EEA, you have certain rights in relation to your Personal Data:
- O direito de ser informado – nossa obrigação de informar que processamos seus Dados Pessoais (e é isso que estamos fazendo neste Aviso de Privacidade)
- O direito de acesso – o seu direito de solicitar uma cópia dos Dados Pessoais que mantemos sobre você (também conhecido como 'solicitação de acesso do titular dos dados')
- O direito de retificação – o seu direito de solicitar que corrijamos os Dados Pessoais sobre você, se estiverem incompletos ou imprecisos (embora geralmente recomendamos primeiro fazer alterações nas Configurações da sua Conta)"
page 415.txt,328,;
page 415.txt,329,"
- O direito de apagar (também conhecido como o 'direito de ser esquecido') – sob certas circunstâncias, você pode solicitar que excluamos os Dados Pessoais que temos sobre você (a menos que exista um motivo legal superior para mantê-los);
- O direito de restringir o processamento – o seu direito, sob certas circunstâncias, de nos pedir para suspender o processamento de seus Dados Pessoais;
- O direito à portabilidade de dados – seu direito de solicitar uma cópia dos seus Dados Pessoais em um formato comum (por exemplo, um arquivo."
page 415.txt,330,arquivo)
page 415.txt,331,"
- O direito de contestar – seu direito de contestar o processamento de seus Dados Pessoais (por exemplo, se você opuser o processamento de seus dados para marketing direto)
- Direitos em relação à tomada de decisão e criação de perfil automatizados – nossa obrigação de ser transparente sobre qualquer criação de perfil que fazemos ou qualquer tomada de decisão automatizada
"
page 415.txt,332,Esses direitos estão sujeitos a certas regras para quando você pode exercê-los.
page 415.txt,333,"Se você está localizado no EEE e deseja exercer qualquer um dos direitos estabelecidos acima, entre em contato conosco (veja Como entrar em contato conosco sobre privacidade)."
page 415.txt,334,"
Você não terá que pagar uma taxa para acessar seus Dados Pessoais (ou para exercer quaisquer outros direitos), a menos que sua solicitação seja claramente infundada, repetitiva ou excessiva."
page 415.txt,335,"Como alternativa, podemos nos recusar a atender à sua solicitação nessas circunstâncias."
page 415.txt,336,"
We may need to request"
page 415.txt,337,specific information from you to help us confirm your identity.
page 415.txt,338,This is a security measure to ensure that personal data is not disclosed to any person who has no right to receive it.
page 415.txt,339,"Note that if we are unable to reasonably confirm your identity, we will not be able to honor certain requests."
page 415.txt,341,Responderemos a todos os pedidos legítimos dentro de um mês.
page 415.txt,342,"Ocasionalmente, pode levar mais de um mês se sua solicitação for particularmente complexa ou se você tiver feito várias solicitações."
page 415.txt,343,"Nesse caso, você será notificado e mantido atualizado, conforme exigido por lei."
page 415.txt,344,"
Além disso, se você não desejar mais receber nossas informações de marketing/promocionais, lembramos que você pode retirar seu consentimento para o marketing direto a qualquer momento diretamente no link de cancelamento de inscrição, incluído em cada mensagem eletrônica de marketing que enviamos a você."
page 415.txt,345,"Se você fizer isso, atualizaremos prontamente nossos bancos de dados e tomaremos todas as medidas razoáveis para atender a sua solicitação o mais rapidamente possível, mas podemos continuar a contatá-lo na medida do necessário para os fins de prestação de nossos Serviços."
page 415.txt,346,"
Por fim, você tem o direito de apresentar uma reclamação a qualquer momento à autoridade supervisora devido a problemas de proteção de dados em seu país de residência."
page 415.txt,347,"No entanto, gostaríamos de ter a chance de resolver suas preocupações antes de abordar a autoridade supervisora;"
page 415.txt,348,"portanto, entre em contato diretamente conosco primeiro.anchor
Informações adicionais para residentes da Califórnia
"
page 415.txt,349,"Este Aviso de Privacidade para Residentes da Califórnia (""Aviso da CCPA"") complementa as informações contidas no Aviso de Privacidade e se aplica somente a todos os visitantes, usuários e outras pessoas que residem no Estado da Califórnia (""Consumidores"")."
page 415.txt,350,"Criamos este Aviso da CCPA para cumprir a Lei de Privacidade do Consumidor da Califórnia de 2018 (""CCPA"")."
page 415.txt,352,"Por favor, note que este Aviso CCPA não se aplica a funcionários e candidatos a emprego."
page 415.txt,354,Categorias de informações que coletamos
page 415.txt,355,"
Os Serviços do IMVU coletam informações pessoais conforme esse termo é definido na CCPA."
page 415.txt,356,"Nos últimos doze (12) meses, o IMVU coletou as seguintes categorias de informações pessoais de ou sobre Consumidores:
- A. Identificadores , such as a real name, unique personal identifier, online identifier, IP Address, email address, or account name
- B. Personal information categories listed in the California Customer Records Statute (Cal."
page 415.txt,357,Civ.
page 415.txt,358,Code § 1798.80(e))
page 415.txt,359,", such as a name, signature or telephone number
- C. Características de classificação protegidas de acordo com a lei federal ou da Califórnia , such as age or gender
- D. Informações comerciais , such as records of products purchased, obtained, or considered, or other purchasing"
page 415.txt,360,"or consuming histories or tendencies
- F. Internet ou outra atividade de rede semelhante , such as browsing history or information on a Consumer"
page 415.txt,361,’s interaction with a website
page 415.txt,362,or application.
page 415.txt,363,"
- G. Dados de geolocalização , such as physical location."
page 415.txt,364,"
- J. Inferências tiradas de outras informações pessoais , such as profile information reflecting a person"
page 415.txt,365,’s preferences.
page 415.txt,367,"As informações pessoais não incluem:
- Informações publicamente disponíveis nos registros do governo."
page 415.txt,368,"
- Informações de consumidor desidentificadas ou agregadas."
page 415.txt,369,"
- Certas outras informações que já são regulamentadas por outras leis ou regulamentos."
page 415.txt,370,"
- Informações especificamente isentas do âmbito de aplicação da CCPA."
page 415.txt,371,"
Categories of Sources of Personal Information
"
page 415.txt,372,"As explained in more detail aqui, IMVU obtém as categorias de informações pessoais listadas acima a partir das seguintes categorias de fontes:
- Diretamente de você."
page 415.txt,373,"For example, when you sign up to use the Services."
page 415.txt,374,This includes
page 415.txt,375,the following
page 415.txt,376,categories of personal information
page 415.txt,377,:
page 415.txt,378,"
A. Identificadores
B. Categorias de informações pessoais listadas no estatuto de Registros de Clientes da Califórnia (Cal."
page 415.txt,379,Civ.
page 415.txt,380,Código § 1798.80(e)).
page 415.txt,381,"
C. Características de classificação protegidas de acordo com a lei federal ou da Califórnia
D. Informações comerciais"
page 415.txt,383,"G. Dados de geolocalização
- Indiretamente."
page 415.txt,384,"Por exemplo, observando suas ações em nossos Serviços, inclusive pelo uso de cookies ou de terceiros."
page 415.txt,385,Isso inclui as seguintes categorias de Informações Pessoais:
page 415.txt,386,"
D. Informações comerciais
F. Internet ou outra atividade de rede semelhante
"
page 415.txt,387,G. Dados de geolocalização
page 415.txt,388,"
J. Inferências tiradas de outras informações pessoais"
page 415.txt,389,"
- Observando o comportamento dos Consumidores através de suas compras e atividades no Site, Plataforma e Serviços."
page 415.txt,390,Isso inclui as seguintes categorias de informações pessoais:
page 415.txt,391,"
F. Internet ou outra atividade de rede semelhante
"
page 415.txt,392,G. Dados de geolocalização
page 415.txt,393,"
J. Inferências tiradas de outras informações pessoais"
page 415.txt,395,"Uso de Informações Pessoais
"
page 415.txt,396,Podemos usar ou divulgar as informações pessoais que coletamos para um ou mais dos seguintes fins comerciais:
page 415.txt,397,"
- Provide you access to, and use of, the Services, including registering you for the Services and enabling purchases and orders: A. Identifiers; B. Personal information categories listed in the California Customer Records statute (Cal."
page 415.txt,398,Civ.
page 415.txt,399,Code § 1798.80(e))
page 415.txt,400,; C. Protected classification characteristics under California or federal law; D. Commercial information;
page 415.txt,401,F. Internet or other similar network activity;
page 415.txt,402,G. Geolocation data;
page 415.txt,403,"J. Inferences drawn from other personal information
- Permitir que você participe do nosso Programa de Notificação do Creator ou de outros programas: A. Identifiers;"
page 415.txt,404,B. Personal information categories listed in the California Customer Records statute (Cal.
page 415.txt,405,Civ.
page 415.txt,406,Code § 1798.80(e))
page 415.txt,407,; C. Protected classification characteristics under California or federal law; D. Commercial information;
page 415.txt,408,F. Internet or other similar network activity;
page 415.txt,409,G. Geolocation data;
page 415.txt,410,"J. Inferences drawn from other personal information
- Garantir que nossos Serviços estejam operacionais e otimizados para a experiência do usuário, bem como para impor nossos termos de uso, se necessário:"
page 415.txt,411,A. Identificadores; B.
page 415.txt,412,As categorias de informações pessoais enumeradas no Cliente de Califórnia Registram o estatuto (Código.
page 415.txt,413,Civil.
page 415.txt,414,Código § 1798.80(e));
page 415.txt,415,C. Características de classificação protegidas nos termos da lei federal ou da Califórnia; D. Informações comerciais;
page 415.txt,416,"F. Internet ou outra atividade de rede similar; G. Dados de geolocalização
- Melhorar o conteúdo e a administração geral dos Serviços: D. Commercial information;"
page 415.txt,417,F. Internet or other similar network activity;
page 415.txt,418,G. Geolocation data;
page 415.txt,419,"J. Inferences drawn from other personal information
- Enhance user experience, including to provide you with customer support or to personalize your experience: A. Identifiers;"
page 415.txt,420,B. Personal information categories listed in the California Customer Records statute (Cal.
page 415.txt,421,Civ.
page 415.txt,422,Code § 1798.80(e))
page 415.txt,423,"; D. Commercial information; F. Internet or other similar network activity
- Detectar fraudes, atividades ilegais ou violações de segurança: A. Identifiers;"
page 415.txt,424,B. Personal information categories listed in the California Customer Records statute (Cal.
page 415.txt,425,Civ.
page 415.txt,426,Code § 1798.80(e))
page 415.txt,427,; C. Protected classification characteristics under California or federal law; D. Commercial information;
page 415.txt,428,"F. Internet or other similar network activity
- Enable third parties to deliver advertising to you, and to enable you to participate in promotions and surveys,"
page 415.txt,429,for monetization purposes:
page 415.txt,430,D. Commercial information; F. Internet or other similar network activity;
page 415.txt,431,"J. Inferences drawn from other personal information
- Provide you with notices"
page 415.txt,432,regarding goods
page 415.txt,433,or services that you have purchased or may wish
page 415.txt,434,to
page 415.txt,435,purchase in
page 415.txt,436,the future: A. Identifiers
page 415.txt,437,; D. Commercial information;
page 415.txt,438,F. Internet or other similar network activity;
page 415.txt,439,"J. Inferences drawn from other personal information
- Perform system maintenance and upgrades, and enable new features: F. Internet ou outra atividade de rede semelhante
- Conduct statistical analyses and analytics:"
page 415.txt,440,D. Informações comerciais;
page 415.txt,441,"F. Internet ou outras atividades semelhantes de rede
- Entender como você acessa e usa os Serviços para fornecer funcionalidades técnicas, desenvolver novos produtos e serviços, e analisar seu uso dos Serviços, como, por exemplo, sua interação com aplicativos, publicidade, produtos e serviços disponibilizados, vinculados ou oferecidos através dos Serviços: A. Identifiers; D. Commercial information;"
page 415.txt,442,F. Internet or other similar network activity;
page 415.txt,443,"J. Inferences drawn from other personal information
- Provide information to regulatory"
page 415.txt,444,"bodies when legally required, and only as outlined in this Privacy Notice:"
page 415.txt,445,"Qualquer categoria de informações pessoais que possa ser exigida e apenas conforme descrito neste Aviso de Privacidade
Divulgação de Informações Pessoais
IMVU may disclose your personal information to a third party for a business purpose."
page 415.txt,446,When we disclose personal information
page 415.txt,447,"for a business purpose, we enter into a contract that describes the purpose and requires the recipient"
page 415.txt,448,to
page 415.txt,449,both keep
page 415.txt,450,that personal information confidential and not
page 415.txt,451,use it for any purpose except performing
page 415.txt,452,the services for us.
page 415.txt,453,"As explained in more detail acima, we also share your personal information with certain categories of third parties who assist us in providing our Services and with our business."
page 415.txt,455,"Divulgação sobre Informações Pessoais
"
page 415.txt,456,"Nos 12 meses anteriores, a Empresa divulgou as seguintes categorias de Informações Pessoais para fins comerciais:"
page 415.txt,457,"
- A. Identificadores
- B. Categorias de informações pessoais listadas no estatuto de Registros de Clientes da Califórnia (Cal."
page 415.txt,458,Civ.
page 415.txt,459,Código § 1798.80(e)).
page 415.txt,460,"
- C. Características de classificação protegidas de acordo com a lei federal ou da Califórnia
- D. Informações comerciais
- F. Internet ou outra atividade de rede semelhante
- G. Dados de geolocalização
- J. Inferências tiradas de outras informações pessoais
"
page 415.txt,461,Divulgamos suas informações pessoais para fins comerciais às seguintes categorias de prestadores de serviços ou terceiros:
page 415.txt,462,"
- Empresas que fazem o possível para nos ajudar a prestar os Serviços: prestadores de serviços de hospedagem, provedores de engajamento de usuários e suporte ao cliente, determinados provedores de análise, provedores de serviços de pagamento, ferramentas de comunicação;
- Prestadores de serviços profissionais, como auditores, advogados, consultores, contadores e seguradoras."
page 415.txt,463,"
IMVU não “vende” informações pessoais como a maioria das pessoas normalmente entenderia esse termo."
page 415.txt,464,"No entanto, compartilhamos ou permitimos que Parceiros de publicidade externos coletem informações pessoais sobre consumidores por meio de nossos Serviços para nos ajudar com a publicidade."
page 415.txt,465,"Se desejar cancelar nosso compartilhamento de suas informações pessoais com Parceiros de Anúncios Externos para fins publicitários, visite www.imvu.com/next/policyhub/ccpa/ ou a seção intitulada Publicidade, marketing e monetização acima."
page 415.txt,466,"
Seus direitos e escolhas
"
page 415.txt,467,"A CCPA fornece aos consumidores direitos específicos sobre suas Informações Pessoais, desde que possamos verificar suas identidades, conforme explicado aqui aqui ."
page 415.txt,468,Esta seção descreve seus direitos sob a CCPA e explica como exercê-los.
page 415.txt,469,"
Conforme explicado acima, se desejar cancelar o compartilhamento de suas informações pessoais com Parceiros de anúncios externos para fins publicitários, visite www.imvu.com/next/policyhub/ccpa/ ou a seção intitulada Publicidade, Marketing e Monetização acima."
page 415.txt,471,"Acesso a informações específicas e direitos de portabilidade de dados
"
page 415.txt,472,Você tem o direito de solicitar que o IMVU lhe divulgue determinadas informações sobre nossa coleta e uso de suas informações pessoais nos últimos 12 meses.
page 415.txt,473,"Assim que recebermos sua solicitação e verificar sua identidade (see Exercising Access, Data Portability, and Deletion Rights) , we will disclose such information to you."
page 415.txt,475,Direitos de solicitação de exclusão
page 415.txt,476,"
Você tem o direito de solicitar que a IMVU exclua todas as suas informações pessoais que coletamos e mantemos, sujeito a certas exceções."
page 415.txt,477,"Assim que recebermos sua solicitação e verificar sua identidade (see Exercising Access, Data Portability, and Deletion Rights) , vamos deletar (e instruiremos nossos provedores de serviço a excluir) suas informações pessoais de nossos registros, a menos que haja uma exceção."
page 415.txt,478,"
Nós Podemos negar sua solicitação de exclusão se a retenção das informações for necessária para nós ou para nosso (s) provedor (es) de serviços por determinados motivos conforme permitido e estabelecido na CCPA."
page 415.txt,479,Estas razões incluem (apenas para citar alguns):
page 415.txt,480,"
- Concluir a transação para a qual as informações pessoais foram coletadas
- Fornecer um bem ou serviço solicitado por você
- Detectar incidentes de segurança, proteger-se contra atividades maliciosas, enganosas, fraudulentas ou ilegais, ou processar os responsáveis por essas atividades
- Depurar produtos para identificar e reparar erros que prejudicam a funcionalidade pretendida existente."
page 415.txt,481,"
- Cumprimento de uma obrigação legal
Exercendo seus Direitos de Consumidor
"
page 415.txt,482,"Somente você, ou uma pessoa registrada na Secretaria de Estado da Califórnia, que você autoriza a agir em seu nome, poderá fazer uma solicitação verificável do Consumidor relacionada às suas Informações Pessoais."
page 415.txt,483,Você também pode fazer uma solicitação verificável do Consumidor em nome de seu filho menor.
page 415.txt,485,Um agente autorizado é uma pessoa singular ou uma entidade comercial registrada na Secretaria de Estado que um Consumidor tenha autorizado a agir em seu nome.
page 415.txt,486,"Quando um Consumidor usa um agente autorizado para enviar uma solicitação de conhecimento ou exclusão, o IMVU pode exigir que o Consumidor forneça ao agente autorizado permissão por escrito para fazê-lo e verificar sua própria identidade diretamente com o IMVU, a menos que o Consumidor tenha fornecido uma procuração válida ao agente autorizado."
page 415.txt,487,O IMVU pode negar uma solicitação de um agente que não apresente prova de que foi autorizado pelo Consumidor para agir em seu nome.
page 415.txt,488,"
Para exercer os direitos de acesso, portabilidade de dados e exclusão descritos acima, envie-nos uma solicitação verificável do Consumidor:
- Ligando para 1-877-319-4688 ou 1-877-319-IMVU."
page 415.txt,489,"
- Login em seu IMVU conta e navegando para www.imvu.com/next/policyhub/ccpa/ ou e-mail privacy@imvu.com."
page 415.txt,490,"
Você só pode fazer uma solicitação verificável do Consumidor para acesso ou portabilidade de dados duas vezes dentro de um período de 12 meses."
page 415.txt,491,A solicitação verificável do Consumidor deve:
page 415.txt,492,"
- Fornecer informações suficientes que nos permitam verificar razoavelmente que você é a pessoa sobre a qual coletamos informações pessoais, ou um representante autorizado."
page 415.txt,493,"
- Descrever sua solicitação com detalhes suficientes que nos permitam entender, avaliar e responder adequadamente a ela."
page 415.txt,495,Não podemos responder à sua solicitação ou fornecer informações pessoais se não pudermos verificar sua identidade ou autoridade para fazer a solicitação e confirmar que as Informações Pessoais estão relacionadas a você.
page 415.txt,496,"
Fazer uma solicitação verificável do Consumidor não exige que você crie uma conta conosco."
page 415.txt,497,"Por favor observe que os métodos de verificação estão estabelecidos na CCPA, que também exige que consideremos vários fatores, tais como tipo, sensibilidade, e valor das informações pessoais ou risco de danos causados por acesso ou exclusão não autorizada, em caso a caso."
page 415.txt,498,"
Usaremos apenas as informações pessoais fornecidas em uma solicitação verificável do Consumidor para verificar a identidade ou autoridade do solicitante para fazer a solicitação."
page 415.txt,499,"
Tempo de Resposta"
page 415.txt,501,"Nós nos esforçamos para responder a uma solicitação verificável do Consumidor no prazo de quarenta e cinco 45 dias após seu recebimento, ou conforme exigido pela CCPA."
page 415.txt,502,"Se precisarmos de mais tempo (até 90 dias), informaremos o motivo e o período de extensão por escrito."
page 415.txt,503,"
Quaisquer divulgações que fornecermos cobrirão apenas o período de 12 meses que antecedem o recebimento da solicitação verificável do Consumidor."
page 415.txt,504,"Se aplicável, em nossa resposta, também explicaremos os motivos pelos quais não podemos cumprir um pedido."
page 415.txt,505,"Para solicitações de portabilidade de dados, selecionaremos um formato para fornecer suas Informações Pessoais prontamente utilizáveis e permitir que você transmita as informações de uma entidade para outra entidade sem impedimentos."
page 415.txt,506,"
Não cobramos taxa para processar ou responder à sua solicitação verificável do Consumidor, a menos que seja excessiva, repetitiva ou manifestamente infundada."
page 415.txt,507,"Se determinarmos que a solicitação justifica uma taxa, informaremos o motivo dessa decisão e forneceremos uma estimativa de custo antes de concluir sua solicitação."
page 415.txt,509,"Aviso de não discriminação e incentivos financeiros
"
page 415.txt,510,Não discriminaremos você de uma maneira proibida pela CCPA por exercer seus direitos.
page 415.txt,511,"Por favor observe que para usar nossos Serviços, exigimos a coleta de suas informações pessoais - por exemplo, para se inscrever ou concluir uma transação paga."
page 415.txt,512,"Embora você possa solicitar a exclusão de suas informações pessoais sob a CCPA, essas exclusões podem afetar a capacidade do IMVU de oferecer os Serviços."
page 415.txt,513,"
Além disso, em nossos Serviços, ou Provedores Offerwall podem oferecer incentivos financeiros, incluindo, em alguns casos, na forma de IMVU credits, que estão diretamente relacionados ao valor fornecido aos parceiros de parede de oferta de terceiros pelas informações pessoais para a coleta, venda, retenção, e uso do suas informações pessoais, conforme permitido pela CCPA."
page 415.txt,514,"Por favor note que participar em programas de incentivo é totalmente opcional, você terá que aceitar afirmativamente o programa e você pode optar por não participar de cada programa seguindo as instruções na descrição do programa aplicável e os termos fornecidos pelo parceiro de parede de oferta."
page 415.txt,515,Os programas de incentivo financeiro e seus termos estão localizados no muro de oferta ou no site do parceiro de parede de oferta quando você clica em uma oferta para participar de uma oferta.
page 415.txt,516,"
Nossos provedores"
page 415.txt,517,"Offerwall determinam quais incentivos financeiros e Credit são fornecidos a você, independentemente de IMVU, e, como tal, são responsáveis por (a) determinar o valor de suas informações pessoais, (b) fornecer a você um aviso adequado de incentivo financeiro sob o CCPA, se aplicável a eles, bem como a capacidade de aceitar e posteriormente optar -out, e (c) garantir que eles não discriminem você se você exercer seus direitos sob o CCPA."
page 415.txt,519,"Podemos adicionar ou alterar programas de incentivo e/ou seus termos, publicando avisos nas descrições e termos do programa vinculados acima então verifique-os regularmente."
page 415.txt,520,"
Outros direitos de privacidade da Califórnia
"
page 415.txt,521,Os residentes da Califórnia podem solicitar informações sobre nossas divulgações de certas categorias de informações pessoais a terceiros para fins de marketing direto de terceiros.
page 415.txt,522,Os residentes da Califórnia podem fazer tal solicitação para nós em privacy@imvu.com .
page 415.txt,523,"Forneceremos uma lista das categorias de informações Pessoais divulgadas a esses terceiros para fins de marketing direto durante o ano civil imediatamente anterior, juntamente com os nomes e endereços desses terceiros."
page 415.txt,524,Esta solicitação pode ser feita não mais do que uma vez por ano civil.
page 415.txt,525,Reservamos o direito de não responder a solicitações enviadas para endereços que não seja o e-mail especificado nesta seção.
page 415.txt,527,"Caso você tenha alguma questão a respeito deste Aviso da CCPA, entre em contato com a IMVU, Inc. aqui, clicando na guia ""Solicitar assistência"" e selecionando ""Privacidade"" como Categoria de Caso, ou por correspondência pelo endereço:
Privacy OfficerIMVU, Inc.PO Box 2772Redwood City, CA 94063email:"
page 415.txt,528,"privacy@imvu.com
anchor
"
page 415.txt,529,"Aviso de cookies da IMVU
Última atualização em: 11de novembro de 2020"
page 415.txt,530,"
Este Aviso de Cookies explica como usamos cookies em conexão com os Serviços e suas escolhas relacionadas."
page 415.txt,532,"Os termos em maiúscula utilizados neste Aviso de Cookies, mas não definidos neste documento, terão os significados que lhes são atribuídos no Aviso de Privacidade da IMVU."
page 415.txt,534,"Se você não aceitar o uso desses cookies, desative-os seguindo as instruções neste Aviso de Cookie - por exemplo, clicando no Cookie configurações link (em nosso banner de cookies e também disponível em botão abaixo ) se você estiver localizado no Espaço Econômico Europeu (“EEE”) ou alterando seu navegador configurações para que os cookies dos Serviços não possam ser colocados no seu computador ou dispositivo móvel."
page 415.txt,536,O que são cookies?
page 415.txt,537,"
Como a maioria dos sites, usamos cookies e outras tecnologias padrão da Internet para nos ajudar a melhorar nossos Serviços."
page 415.txt,538,"Os cookies realizam vários trabalhos diferentes, como permitir que você navegue entre as páginas com eficiência, lembrar suas preferências e, geralmente, melhorar a experiência do usuário."
page 415.txt,539,Eles também podem ajudar a garantir que os anúncios exibidos on-line sejam mais relevantes para você e seus interesses.
page 415.txt,541,Um cookie é um pequeno arquivo de texto armazenado no computador de um usuário para fins de registros.
page 415.txt,542,"Quando você visita, acessa ou utiliza os Serviços, podemos, por meio de cookies, beacons, tags, scripts e/ou tecnologias similares, coletar automaticamente informações técnicas, incluindo Informações do Dispositivo e Uso, e outras informações técnicas semelhantes."
page 415.txt,544,Um cookie pode ser classificado por sua vida útil e pelo domínio ao qual pertence.
page 415.txt,545,"Com relação ao tempo de vida, um cookie é um cookie de sessão , que é apagado quando o usuário fecha o navegador, ou um cookie persistente , que permanece no computador/dispositivo do usuário por um período de tempo pré-definido."
page 415.txt,546,"Quanto ao domínio ao qual pertence um cookie, é um cookie primário, que é definido por IMVU, ou um cookie de terceiros armazenado por um domínio diferente"
page 415.txt,548,"Utilizamos cookies persistentes e de sessão, e ativamos cookies primários e de terceiros."
page 415.txt,549,"O IMVU rastreia o uso dos Serviços pelos usuários, no entanto não rastreia usuários em sites de terceiros."
page 415.txt,550,"
Abaixo está uma descrição mais detalhada de como e por que usamos cookies."
page 415.txt,552,Como e por que usamos cookies?
page 415.txt,554,"Cookies estritamente necessários
"
page 415.txt,555,Esses cookies são necessários para o funcionamento dos Serviços e não podem ser desativados em nossos sistemas.
page 415.txt,556,"Geralmente eles são definidos apenas em resposta a ações feitas por você, que equivalem a uma solicitação de acesso aos nossos Serviços, como definir suas preferências de privacidade, fazer login ou preencher formulários."
page 415.txt,557,"Você pode configurar seu navegador para bloquear ou alertá-lo sobre esses cookies, mas, se você fizer, algumas partes dos Serviços não funcionarão."
page 415.txt,559,"Cookies de Desempenho
"
page 415.txt,560,Esses cookies nos permitem contabilizar a quantidade de visitas e fontes de tráfego para que possamos medir e melhorar o desempenho dos nossos Serviços.
page 415.txt,561,"Eles nos ajudam a saber quais páginas são as mais e menos populares, e para ver como os visitantes navegam nos Serviços."
page 415.txt,562,"Os cookies de desempenho são usados para nos ajudar com nossas análises, incluindo a:"
page 415.txt,563,"
- Compile statistics and analytics about your use of, and interaction with the Services, including details about how and where our Services are accessed, how often you visit or use the Services, the date and time of your visits, your actions on the Services, and information regarding in-game activities, and other similar traffic, usage, and trend data (see Device and Usage Information above)."
page 415.txt,564,"Essas ferramentas analíticas nos permitem entender melhor a funcionalidade do nosso software móvel no seu dispositivo e obter conhecimento sobre como o software móvel é usado para melhorar a sua experiência
- Coletar importantes dados de funcionalidade, testando, e desempenho de dados referentes aos nossos Serviços, incluindo dados de desempenho relacionados aos Serviços, como atividades em rede, carga de CPU, e uso de recursos, entre outros dados relevantes
- Moderar o comportamento do usuário nos Serviços, tais como a proteção contra fraude de pagamento e outras atividades indevidas."
page 415.txt,565,"
Usamos ferramentas e tecnologias de terceiros para nos ajudar a coletar essas informações."
page 415.txt,566,"Por exemplo, usamos o Google Analytics para coletar e processar certos dados analíticos com tecnologias, tais como pixels de rastreamento."
page 415.txt,567,"
Cookies de Direcionamento
"
page 415.txt,568,Esses cookies podem ser colocados em nossos Serviços por nossos Parceiros de Anúncios Externos para fins publicitários.
page 415.txt,569,Eles podem ser usados por essas empresas para criar um perfil de seus interesses e mostrar anúncios relevantes em outros sites.
page 415.txt,571,O que isso significa?
page 415.txt,572,When you click on a link to
page 415.txt,573,an External
page 415.txt,574,"Ad Partners on our Services, that"
page 415.txt,575,External
page 415.txt,576,Partner will drop
page 415.txt,577,"a cookie (or similar tracking technologies) to capture and collect Device and Usage Information, so that it can track your activity on the Services, unless you are a user in the EEA and have not opted in, or have blocked cookies as described in the Privacy Notice."
page 415.txt,578,This information may be combined with other information from other sources and be used to deliver targeted advertising.
page 415.txt,579,"
Suas escolhas"
page 415.txt,581,"A maioria dos navegadores web e de dispositivos móveis aceitam cookies automaticamente, no entanto, se preferir, você pode alterar seu navegador para prevenir isso ou notificá-lo cada vez que um cookie é lançado."
page 415.txt,582,Alguns criadores de navegadores fornecem ajuda abrangente relacionada ao gerenciamento de cookies em seus produtos.
page 415.txt,583,Por favor consulte as configurações do seu navegador da web para obter mais informações.
page 415.txt,584,"
Você também pode aprender mais sobre cookies visitando www.allaboutcookies.org , que inclui informações úteis sobre cookies e como bloqueá-los usando diferentes tipos de navegadores ou dispositivos móvel."
page 415.txt,586,"No entanto, observe que ao bloquear ou excluir todos cookies usados nos Serviços, você não aproveitará ao máximo os Serviços e talvez você não conseguirá fazer login corretamente nos Serviços."
page 415.txt,587,"
Além disso, as ferramentas a seguir permitem ajustar configurações específicas:"
page 415.txt,588,"
Para desativar o Google Analytics no site, você pode baixar um plug-in clicando aqui ou visitar os avisos de privacidade do Google para saber mais sobre suas práticas e / ou ajustar suas configurações."
page 415.txt,590,"Se você estiver interessado em saber mais sobre e/ou optar por não receber publicidade direcionada, recomendamos que você visite uma das páginas de exclusão desenvolvidas pelo setor de publicidade:
- Página NAI Excluir: http://www.networkadvertising.org/choices
- Página de recusa da DAA: www.aboutads.info/choices ou http://www.youronlinechoices.com/
- Se você estiver localizado no EEA, também poderá cancelar a publicidade comportamental on-line visitando https://www.edaa.eu/what-we-do/european-principles/
"
page 415.txt,591,"Por favor observe que, embora fornecemos esses links, não temos acesso a, ou controle sobre, o uso de cookies ou outras tecnologias de rastreamento por terceiros, exceto conforme explicado neste Aviso de Privacidade."
page 415.txt,592,"Para residentes da Califórnia, Por favor clique aqui para mais informações."
page 415.txt,593,"
Caso não deseje receber nossos anúncios personalizados, visite as páginas de recusa de recebimento de anúncios (""opt-out pages"") nos links acima para saber mais sobre como optar por não receber anúncios personalizados de empresas parceiras."
page 415.txt,595,"Alterações a este Aviso de Cookies
"
page 415.txt,596,"A IMVU pode atualizar este Aviso de Cookies periodicamente, a seu exclusivo critério."
page 415.txt,597,"Nesse caso, publicaremos um Aviso de Cookies atualizado nos Serviços."
page 415.txt,598,"Alterações, modificações, adições ou exclusões entrarão em vigor imediatamente após a publicação nos Serviços."
page 415.txt,599,Recomendamos que você reveja regularmente este Aviso de Cookies em busca de quaisquer alterações.
page 415.txt,600,Seu uso continuado dos Serviços e/ou seu fornecimento contínuo de informações pessoais para nós após a publicação de tal aviso será considerado uma aceitação de quaisquer alterações e sujeito aos termos do Aviso de Cookies então vigente.
