Document,Parag_number,Paragraph_Text
page 299.txt,0,"MapaRadar - Política de Privacidade
O que fazemos com as suas informações
1."
page 299.txt,1,"O termo ""informações pessoais"" usado aqui, é definido como qualquer informação que identifica ou pode ser usada para identificar, contatar ou localizar a pessoa, a quem tal informação pertence."
page 299.txt,2,"As informações pessoais que coletamos estará sujeita a esta Política de Privacidade, a qual é alterada de tempos em tempos."
page 299.txt,3,"
2."
page 299.txt,4,Quando você se cadastra no MapaRadar pedimos o seu endereço de e-mail.
page 299.txt,5,"
3."
page 299.txt,6,"O MapaRadar utiliza as informações que são coletadas para os seguintes propósitos gerais: fornecimento de produtos e serviços, cobrança, identificação e autenticação, melhoria de serviços, contato e pesquisa."
page 299.txt,7,"
4."
page 299.txt,8,"Como parte do processo de compra e venda no MapaRadar, você irá obter o endereço de e-mail e/ou endereço de entrega de seus clientes."
page 299.txt,9,"Ao aceitar nosso Acordo de Usuário, você concorda que, com respeito às Informações Pessoais de outros usuários que você obtém através do MapaRadar ou através de uma comunicação relacionada do MapaRadar ou transação facilitada do MapaRadar, o MapaRadar concede a você uma licença para utilizar tais informações apenas para comunicações relacionadas ao MapaRadar que não sejam mensagens comerciais não solicitadas."
page 299.txt,10,O MapaRadar não tolera spam.
page 299.txt,11,"Portanto, sem limitar o precedente, você não está licenciado a adicionar o nome de alguém que tenha comprado um item seu, para sua lista de correio (e-mail ou correio físico) sem que tenha consentimento expresso deles."
page 299.txt,12,"
Segurança
"
page 299.txt,13,A segurança de suas informações pessoais é importante para nós.
page 299.txt,14,"Nenhum método de transmissão pela Internet, ou método de armazenamento eletrônico é 100% seguro."
page 299.txt,15,"Portanto, enquanto nos esforçamos para utilizar meios comercialmente aceitáveis para proteger suas informações pessoais, não podemos garantir sua segurança absoluta."
page 299.txt,16,"Se você tem dúvidas sobre a segurança em nosso Site, você pode enviar um e-mail para contato@maparadar.com."
page 299.txt,17,"
Divulgação
1."
page 299.txt,18,MapaRadar pode utilizar terceiros prestadores de serviços para fornecer determinados serviços para você e nós podemos compartilhar informações pessoais com esses prestadores de serviços.
page 299.txt,19,"Exigimos que qualquer empresa com a qual podemos compartilhar Informações Pessoais, proteja os dados de uma forma consistente com essa política, e limite o uso de tais Informações Pessoais para o desempenho dos serviços do MapaRadar."
page 299.txt,20,"
2."
page 299.txt,21,"MapaRadar pode divulgar Informações Pessoais em circunstâncias especiais, como para cumprir ordens judiciais obrigando-nos a fazê-lo ou quando suas ações violam os Termos de Serviço."
page 299.txt,22,"
3."
page 299.txt,23,"Nós não vendemos ou fornecemos Informações Pessoais para outras empresas, para que elas façam o marketing dos seus próprios produtos ou serviços."
page 299.txt,25,"Armazenamento de Dados do Cliente
"
page 299.txt,26,"MapaRadar possui o armazenamento de dados, bancos de dados e todos os direitos da aplicação MapaRadar, entretanto, não fazemos nenhuma reivindicação dos direitos dos seus dados."
page 299.txt,27,"Você retém todos os direitos sobre os seus dados e nós nunca entraremos em contato com seus clientes diretamente, ou usaremos seus dados para a nossa própria vantagem comercial ou para competir com você, ou para divulgar para os seus clientes."
page 299.txt,29,"Dados de Localização do Cliente
MapaRadar possui recursos em seu aplicativo para armazenar localmente os dados de localização do cliente através das coordenadas de GPS quando o recurso Percursos é utilizado."
page 299.txt,30,"O MapaRadar não transmite essas informações para os servidores e também utiliza essas informações para identificar o cliente de qualquer forma, deixando essas informações única e exclusivamente para o próprio cliente visualizar o percurso realizado dirigindo utilizando a maior precisão possível."
page 299.txt,31,"
MapaRadar possui recursos de armazenar o caminho que o cliente fez por uma certa distância antes de se aproximar de um alerta."
page 299.txt,32,Estes clientes se identificam através de seu nome de usuário - o mesmo utilizado para entrar em nosso fórum.
page 299.txt,33,Este recurso armazena e transmite para o servidor o MapaRadar esta rota para tornar os alertas de radares mais precisos.
page 299.txt,34,"
Cookies
"
page 299.txt,35,"Um cookie é uma pequena quantidade de dados, que podem incluir um identificador único anônimo."
page 299.txt,36,Os cookies são enviados para o seu navegador a partir de um site da web e armazenado no disco rígido do seu computador.
page 299.txt,37,Para cada computador que acessa o nosso site é atribuído um cookie diferente por nós.
page 299.txt,38,"
Google Analytics e Remarketing"
page 299.txt,40,Nós usamos um serviço fornecido pelo Google chamado Google Analytics (GA).
page 299.txt,41,"O GA nos permite alcançar as pessoas que já visitaram o nosso site, e mostrar-lhes anúncios relevantes quando visitam outros sites na Internet da Rede de Display do Google."
page 299.txt,42,"Isso é chamado de ""remarketing""."
page 299.txt,44,"Os cookies podem ser usados para rastrear sua sessão no nosso site, para veicular anúncios personalizados do Google e de outros fornecedores terceiros."
page 299.txt,45,"Quando você visita este site, você pode ver anúncios publicados no site pelo Google ou outros terceiros."
page 299.txt,46,"Através de nossos cookies e de cookies de terceiros, esses terceiros podem coletar informações sobre você enquanto você estiver visitando esse site e outros sites."
page 299.txt,47,"Eles podem usar esses dados para mostrar anúncios nesse site e através da Internet, baseado em suas visitas anteriores a este site e a outros lugares na Internet."
page 299.txt,48,Nós não coletamos essas informações ou controlamos o conteúdo dos anúncios que você vai ver.
page 299.txt,49,"
Optando Por Não Ver"
page 299.txt,50,"
Você pode ser capaz de optar por não ver anúncios personalizados da Rede de Display do Google, visitando o Gerenciador de Preferências de Anúncios (http://www.google.com.br/ads/preferences/), e o Complemento do Navegador do Google Analytics Opt-out (http://www.google.ca/ads/preferences/plugin/)."
page 299.txt,52,"O uso deste site sem ""optar por não ver"" significa que você entende e concorda com a coleta de dados para lhe fornecer anúncios de remarketing usando o GA e os cookies de outros fornecedores terceiros baseados em suas visitas anteriores a este site e a outros lugares na Internet."
page 299.txt,54,"Alterações a esta Política de Privacidade
Reservamos o direito de modificar esta declaração de privacidade a qualquer momento, portanto, revise-a frequentemente."
page 299.txt,55,"Se fizermos alterações materiais a esta política, iremos notificá-lo aqui ou por meio de um aviso em nossa homepage, de modo que você está ciente das informações que coletamos, como as usamos, e sob quais circunstâncias, se houver, as divulgamos."
page 299.txt,57,"Perguntas
"
page 299.txt,58,"Quaisquer dúvidas sobre esta Política de Privacidade devem ser endereçadas a contato@maparadar.com
Última Atualização em 10 de janeiro de 2017"
