Document,Parag_number,Paragraph_Text
page 273.txt,0,A sua privacidade é importante para nós.
page 273.txt,1,"É política do QiDent respeitar a sua privacidade em relação a qualquer informação sua que possamos coletar no site QiDent, e outros sites que possuímos e operamos."
page 273.txt,2,"
Solicitamos informações pessoais apenas quando realmente precisamos delas para lhe fornecer um serviço."
page 273.txt,3,"Fazemo-lo por meios justos e legais, com o seu conhecimento e consentimento."
page 273.txt,4,Também informamos por que estamos coletando e como será usado.
page 273.txt,5,"
Apenas retemos as informações coletadas pelo tempo necessário para fornecer o serviço solicitado."
page 273.txt,6,"Quando armazenamos dados, protegemos dentro de meios comercialmente aceitáveis para evitar perdas e roubos, bem como acesso, divulgação, cópia, uso ou modificação não autorizados."
page 273.txt,7,"
Não compartilhamos informações de identificação pessoal publicamente ou com terceiros, exceto quando exigido por lei."
page 273.txt,9,O nosso site pode ter links para sites externos que não são operados por nós.
page 273.txt,10,Esteja ciente de que não temos controle sobre o conteúdo e práticas desses sites e não podemos aceitar responsabilidade por suas respectivas políticas de privacidade.
page 273.txt,11,"
Você é livre para recusar a nossa solicitação de informações pessoais, entendendo que talvez não possamos fornecer alguns dos serviços desejados."
page 273.txt,13,O uso continuado de nosso site será considerado como aceitação de nossas práticas em torno de privacidade e informações pessoais.
page 273.txt,14,"Se você tiver alguma dúvida sobre como lidamos com dados do usuário e informações pessoais, entre em contacto connosco."
page 273.txt,15,"
Esperemos que esteja esclarecido e, como mencionado anteriormente, se houver algo que você não tem certeza se precisa ou não, geralmente é mais seguro deixar os cookies ativados, caso interaja com um dos recursos que você usa em nosso site."
page 273.txt,17,Esta política é efetiva a partir de November/2020.
