Document,Parag_number,Paragraph_Text
page 231.txt,0,Esta política de privacidade rege o uso do aplicativo GNV Brasil para dispositivos móveis que foi criado por ITAPOX.
page 231.txt,1,O aplicativo é destinado a localização de postos de combustível que fornecem gás natural veicular (GNV).
page 231.txt,3,O Aplicativo obtém as informações fornecidas quando você faz o download e registra o Aplicativo.
page 231.txt,4,O registro conosco é opcional.
page 231.txt,5,"No entanto, tenha em mente que você pode não conseguir usar alguns dos recursos oferecidos pelo Aplicativo, a menos que você se registre conosco."
page 231.txt,6,"
Quando você se registra conosco e usa o Aplicativo, você geralmente fornece (a) seu nome, endereço de e-mail, idade, nome de usuário, senha e outras informações de registro; (b) informações relacionadas a transações, como quando você faz compras, responde a ofertas, ou faz download ou usa aplicativos de nós; (c) informações que você nos fornece quando nos contata para obter ajuda; (d) informações do cartão de crédito para compra e uso do Aplicativo, e; (e) informações inseridas em nosso sistema ao usar o Aplicativo, como informações de contato e informações de gerenciamento de projetos."
page 231.txt,7,"
Também podemos usar as informações que você nos forneceu para entrar em contato com você de tempos em tempos para fornecer informações importantes, avisos necessários e promoções de marketing."
page 231.txt,8,"
Além disso, o Aplicativo pode coletar determinadas informações automaticamente, incluindo, mas não limitado a, o tipo de dispositivo móvel usado, o ID de dispositivo exclusivo dos dispositivos móveis, o endereço IP do dispositivo móvel, o sistema operacional do celular, o tipo de dispositivo móvel."
page 231.txt,9,Navegadores de Internet que você usa e informações sobre como você usa o Aplicativo.
page 231.txt,11,"Quando você visita o aplicativo móvel, podemos usar a tecnologia GPS (ou outra tecnologia semelhante) para determinar sua localização atual, a fim de determinar a cidade em que você está localizado e exibir um mapa de localização com anúncios relevantes."
page 231.txt,12,Não compartilharemos sua localização atual com outros usuários ou parceiros.
page 231.txt,14,"Se você não quiser que usemos seu local para as finalidades acima, desative os serviços de localização para o aplicativo móvel localizado nas configurações da sua conta ou nas configurações do celular e / ou no aplicativo para dispositivos móveis."
page 231.txt,15,"
Somente dados anônimos agregados são periodicamente transmitidos para serviços externos para nos ajudar a melhorar o Aplicativo e o nosso serviço."
page 231.txt,16,Nós compartilharemos suas informações com terceiros apenas das formas descritas nesta declaração de privacidade.
page 231.txt,18,Podemos divulgar informações fornecidas e coletadas automaticamente pelo usuário:
page 231.txt,19,"
- conforme exigido por lei, como para cumprir uma intimação ou processo legal semelhante;"
page 231.txt,20,"
- quando acreditamos de boa fé que a divulgação é necessária para proteger nossos direitos, proteger sua segurança ou a segurança de outras pessoas, investigar fraudes ou responder a uma solicitação do governo;
- com nossos prestadores de serviços confiáveis que trabalham em nosso nome, não têm um uso independente das informações que divulgamos a eles e concordamos em aderir às regras estabelecidas nesta declaração de privacidade."
page 231.txt,21,"
- se ITAPOX estiver envolvido em uma fusão, aquisição ou venda de todos ou de uma parte de seus ativos, você será notificado por e-mail e / ou um aviso destacado em nosso site sobre qualquer alteração na propriedade ou nos usos deste informações, bem como quaisquer opções que você possa ter em relação a essas informações."
page 231.txt,22,"
Podemos trabalhar com empresas de análise para nos ajudar a entender como o Aplicativo está sendo usado, como a frequência e a duração do uso."
page 231.txt,23,"Trabalhamos com anunciantes e redes de publicidade de terceiros, que precisam saber como você interage com a publicidade fornecida no Aplicativo, o que nos ajuda a manter baixo o custo do Aplicativo."
page 231.txt,24,"Anunciantes e redes de publicidade usam algumas das informações coletadas pelo Aplicativo, incluindo, mas não se limitando a, o ID de identificação exclusivo do seu dispositivo móvel e seu número de telefone celular."
page 231.txt,25,"Para proteger o anonimato dessas informações, usamos uma tecnologia de criptografia para ajudar a garantir que esses terceiros não possam identificá-lo pessoalmente."
page 231.txt,26,"Esses terceiros também podem obter informações anônimas sobre outros aplicativos que você baixou para seu dispositivo móvel, os sites para celular que você visita, suas informações de localização não precisas (por exemplo, seu CEP) e outras informações de localização não precisas para Ajudar a analisar e servir publicidade direcionada anônima no aplicativo e em outros lugares."
page 231.txt,27,Também podemos compartilhar versões criptografadas de informações que você forneceu a fim de permitir que nossos parceiros incluam outras informações disponíveis sobre você para análise ou uso relacionado à publicidade.
page 231.txt,28,"
Você pode parar toda a coleta de informações pelo Aplicativo facilmente, desinstalando o Aplicativo."
page 231.txt,29,Você pode usar os processos de desinstalação padrão que podem estar disponíveis como parte de seu dispositivo móvel ou via mercado ou rede de aplicativos móveis.
page 231.txt,30,Você também pode solicitar a desativação por e-mail em developer@itapox.com.
page 231.txt,31,"
Nós manteremos os dados Fornecidos pelo Usuário enquanto você usar o Aplicativo e por um tempo razoável a partir de então."
page 231.txt,32,"Nós reteremos as informações coletadas automaticamente por até 24 meses e, a partir daí, poderemos armazená-las de forma agregada."
page 231.txt,33,"Se você quiser que nós excluamos os Dados Fornecidos pelo Usuário que você forneceu através do Aplicativo, entre em contato conosco através do e-mail developer@itapox.com e nós responderemos em um tempo razoável."
page 231.txt,34,Observe que alguns ou todos os dados fornecidos pelo usuário podem ser necessários para que o aplicativo funcione corretamente.
page 231.txt,35,"
Nós não utilizamos o Aplicativo para solicitar conscientemente dados de crianças menores de 13 anos de idade ou comercializá-las."
page 231.txt,36,"Se um pai ou responsável tomar conhecimento de que seu filho nos forneceu informações sem o consentimento deles, ele deverá entrar em contato conosco pelo e-mail developer@itapox.com."
page 231.txt,37,Nós excluiremos essas informações de nossos arquivos em um tempo razoável.
page 231.txt,38,"
Estamos preocupados em proteger a confidencialidade de suas informações."
page 231.txt,39,"Fornecemos proteções físicas, eletrônicas e processuais para proteger as informações que processamos e mantemos."
page 231.txt,40,"Por exemplo, limitamos o acesso a essas informações a funcionários e contratados autorizados que precisam conhecer essas informações para operar, desenvolver ou melhorar nosso Aplicativo."
page 231.txt,41,"Por favor, esteja ciente de que, embora nos empenhemos em fornecer segurança razoável para as informações que processamos e mantemos, nenhum sistema de segurança pode evitar todas as possíveis violações de segurança."
page 231.txt,42,"
Esta Política de Privacidade pode ser atualizada de tempos em tempos por qualquer motivo."
page 231.txt,43,"Vamos notificá-lo de quaisquer alterações à nossa Política de Privacidade, publicando a nova Política de Privacidade aqui e informando você via e-mail ou mensagem de texto."
page 231.txt,44,"Recomenda-se que você consulte esta Política de Privacidade regularmente para quaisquer alterações, pois o uso continuado é considerado aprovação de todas as alterações."
page 231.txt,45,"
Ao usar o Aplicativo, você está consentindo com o processamento de suas informações conforme estabelecido nesta Política de Privacidade agora e conforme alterado por nós."
page 231.txt,46,"""Processamento"" significa usar cookies em um computador / dispositivo portátil ou usar ou tocar informações de qualquer maneira, incluindo, mas não se limitando a, coletar, armazenar, excluir, usar, combinar e divulgar informações, todas as quais atividades serão realizadas."
page 231.txt,48,"Se você tiver alguma dúvida sobre privacidade ao usar o aplicativo, ou tiver dúvidas sobre nossas práticas, entre em contato conosco por e-mail em developer@itapox.com."
