Document,Parag_number,Paragraph_Text
page 393.txt,0,Atualização: 17/12/2020
page 393.txt,2,Esta política de privacidade tem o objetivo de informá-lo sobre a utilização de seus dados pessoais pelo HAPPN.
page 393.txt,3,Aconselhamos que a leia atentamente.
page 393.txt,4,"Não obstante, colocamos à sua disposição um panorama dos dados coletados e as razões pelas quais o fazemos no seguinte link: https://www.happn.com/pt-br/privacy-basics/
"
page 393.txt,5,"Aplicativo: o aplicativo HAPPN, disponível na App Store da Apple e na Play Store do Google e no aplicativo Web HAPPN: https://app.happn.com."
page 393.txt,7,Autentificação de perfil:
page 393.txt,8,Função que permite autentificar a foto de perfil do Membro e obter o selo
page 393.txt,9,"“perfil autentificado”, comprovando aos outros Membros que sua foto de rosto adicionada ao perfil corresponde à sua verdadeira identidade visual em movimento (através de vídeo)."
page 393.txt,10,"
Boost: função que permite aos Membros aumentar a visibilidade do perfil durante a duração de ativação desta opção."
page 393.txt,12,Características do Membro: Informações concedidas pelo Membro descrevendo o seu perfil através de seu estilo de vida e suas características.
page 393.txt,13,O Membro pode selecionar as informações que deseja disponibilizar em seu perfil e filtrar os outros Membros que aparecem no Aplicativo de acordo com essas informações.
page 393.txt,14,"
Conta:"
page 393.txt,15,"espaço pessoal dedicado ao Membro no Aplicativo, ao qual tem acesso quando inscrito e conectado ao Aplicativo."
page 393.txt,16,Ele permite que os Membros tenham acesso aos Serviços.
page 393.txt,17,Um Membro tem o direito de possuir apenas uma única e exclusiva Conta.
page 393.txt,19,"Crush: ocorrência entre dois perfis, iniciada por um Like enviado por ambos os perfis."
page 393.txt,20,"Ele indica um interesse mútuo e acarreta uma notificação (“Você tem um Crush”), permitindo o início de uma conversa."
page 393.txt,21,"
Facebook Connect: função que permite aos Membros utilizar a sua conta de Facebook para identificar-se no Aplicativo com o objetivo de simplificar o procedimento de inscrição."
page 393.txt,22,"
FlashNote (função disponível unicamente em alguns países):"
page 393.txt,23,ação que resulta no envio de uma notificação para o Membro com quem você deseja conversar e que também concede a possibilidade de mandar uma mensagem particular personalizada para iniciar uma conversa privada.
page 393.txt,25,Fotos de perfil: fotos de perfil que permitam de maneira clara o reconhecimento do Membro:
page 393.txt,26,"assim, o Membro aceita colocar, no mínimo em primeira posição uma foto de seu rosto através da qual possa ser reconhecido facilmente."
page 393.txt,27,Esses dois critérios cumulativos representam uma condição fundamental para a utilização dos Serviços.
page 393.txt,28,"
Se a foto do rosto do Membro não for colocada em primeira posição, ela será inserida de maneira automática em primeira posição de maneira predefinida."
page 393.txt,29,"Caso o Membro adicione diversas fotos de seu rosto, ele poderá escolher livremente a ordem de disposição das mesmas."
page 393.txt,30,"
HAPPN: HAPPN, Sociedade anônima simplificada, matriculada no Registro de Comércio e Empresas de Paris sob o n° 535 217 723, e proprietária e única operadora do Aplicativo e da marca HAPPN."
page 393.txt,31,"
Ligação de Vídeo:"
page 393.txt,32,"função disponibilizada unicamente aos Membros que tiveram um Crush, permitindo fazer uma ligação e conversar com cada um de seus Crushs de maneira espontânea, por uma duração limitada de tempo."
page 393.txt,33,"Esta função pode ser acessada a partir da página “Mensagens”, clicando no ícone indicado para iniciar a Ligação de Vídeo."
page 393.txt,34,"Durante a Ligação de Vídeo, os Membros possuem as seguintes opções:"
page 393.txt,35,"
Like: ação, cujo símbolo é de um coração, com intenção de expressar interesse."
page 393.txt,36,Os Membros Premium possuem acesso à lista de Likes.
page 393.txt,37,"Com exceção do primeiro Like, esta ação é sigilosa para os não Membros até a obtenção de um Like recíproco."
page 393.txt,38,"
Local onde os caminhos se cruzaram: a sua Posição geográfica registrada quando você cruzar o caminho de um outro Membro e a opção de localização geográfica estiver ativada."
page 393.txt,39,"
Map (Cartografia): mapa que permite localizar os Membros cujos caminhos se cruzaram."
page 393.txt,41,Membro: pessoa inscrita no Aplicativo.
page 393.txt,42,"
Membro"
page 393.txt,43,Premium: membro que possui uma assinatura do HAPPN Premium.
page 393.txt,44,"
Mensagens e/ou mensagens de voz:"
page 393.txt,45,"Apenas os Membros que tiveram um Crush (ou uma Flashnote, se for o caso) podem iniciar a ação “Conversar” no Aplicativo e enviar Mensagens um ao outro."
page 393.txt,46,As Mensagens são visíveis na caixa de mensagens que pode ser acessada no Aplicativo.
page 393.txt,48,Oi (Pedido de conversa):
page 393.txt,49,ação não sigilosa sugerida antes e/ou depois do Like que acarreta o envio de uma notificação ao Membro para qual foi enviado e constitui um convite para iniciar uma conversa com a pessoa em questão.
page 393.txt,51,Posição geográfica: a sua posição registrada pelo HAPPN e regularmente atualizada quando esta opção estiver ativada.
page 393.txt,52,"
Serviços: conjunto dos serviços, pagos ou gratuitos, oferecidos pelo HAPPN com o intuito de favorecer o encontro virtual ou real entre os Membros cujos caminhos se cruzaram e que possuam interesse um pelo outro, de acordo com os critérios de busca selecionados."
page 393.txt,54,"Os dados coletados são processados pela empresa HAPPN SAS, matriculada no Registro de Comércio de Empresas de Paris sob o n° 535 217 723, com sede social no endereço 8 rue du Sentier 75002 Paris, França e representada pelo seu Presidente, o senhor Didier Rappaport."
page 393.txt,56,O HAPPN atribui uma importância considerável à proteção de seus dados pessoais e ao respeito de sua vida pessoal.
page 393.txt,57,A presente política de privacidade (bem como nossa Carta de utilização de Cookies e nossas Condições gerais de utilização e qualquer documento ao qual é feita referência) possui o objetivo de informá-lo sobre a maneira como processamos os dados pessoais que você nos fornece e coletamos no contexto de sua utilização do Aplicativo e dos Serviços.
page 393.txt,58,Aconselhamos a leitura atenta do presente documento com vista a compreender nossas práticas relativas ao processamento de seus dados pessoais e conscientizar-se de seus direitos nesse âmbito.
page 393.txt,59,"
A presente Política de privacidade se aplica a todos os Serviços prestados pelo HAPPN que você utiliza (exceto os serviços fornecidos e explorados por terceiros."
page 393.txt,60,"Nesse caso, a política de privacidade dos terceiros em questão se aplica, e não as presentes disposições)."
page 393.txt,62,O HAPPN coleta e processa dados pessoais sobre você quando você utiliza o aplicativo HAPPN ou quando você se comunica com o HAPPN.
page 393.txt,63,Trata-se de informações que você nos transmite diretamente ou dados que coletamos automaticamente.
page 393.txt,64,"
Com o intuito de assegurar a compreensão de nossa política de privacidade, segue, antes de mais nada, um panorama dos dados pessoais que lhe dizem respeito, coletados e processados pelo HAPPN."
page 393.txt,65,"Você terá acesso, abaixo desta lista, aos detalhes a respeito de cada dado coletado."
page 393.txt,67,"Mensagens de texto e mensagens de voz enviadas e recebidas
"
page 393.txt,68,"Dados relativos às Ligações de vídeo (o conteúdo das ligações não é conservado)
Interesses e estilo de vida, características do Membro
De acordo com o modo de inscrição selecionado: E-mail ou número de telefone
3.1 Dados que você nos transmite diretamente
"
page 393.txt,69,"Ao utilizar os nossos Serviços, você nos transmite informações."
page 393.txt,70,Algumas delas são utilizadas para fins de identificação.
page 393.txt,71,"Quando você nos transmite essas informações, alguns dados tornam-se visíveis para os outros Membros do Aplicativo e são, conseqüentemente, tornados públicos no Aplicativo."
page 393.txt,72,"Para permitir que você as identifique com facilidade, essas informações são assinaladas abaixo como “Público”."
page 393.txt,73,O HAPPN não se responsabiliza pelos dados divulgados e tornados públicos por um Membro no HAPPN.
page 393.txt,74,"Não obstante, as outras informações não podem ser vistas por outros Membros e estes últimos não tem a possibilidade, conseqüentemente, de acessá-las."
page 393.txt,75,Essas informações são assinaladas abaixo como “Privado”.
page 393.txt,77,O HAPPN coleta e processa dados relativos à sua inscrição e dados relativos às suas interações com o HAPPN.
page 393.txt,78,"
3.1.1."
page 393.txt,79,"Dados relativos à inscrição e ao perfil do Membro
"
page 393.txt,80,Informações necessárias para a inscrição
page 393.txt,82,Trata-se de dados de base necessários para a inscrição com o intuito de obter acesso aos Serviços.
page 393.txt,83,"
Esses dados são recuperados pelo HAPPN de diferentes formas, de acordo com o modo de inscrição que você escolhe."
page 393.txt,85,"Se você optar por fazer a sua inscrição através de sua conta do Facebook, Apple ou Google, os seus dados serão coletados juntamente a estes últimos com o intuito de reduzir as formalidades."
page 393.txt,86,"Ao clicar no botão “Conexão através do Facebook/Apple/Google”, você concorda com a transferência de seus dados por partes deles."
page 393.txt,87,"
Além disso, você tem a possibilidade de proceder à inscrição através de um número de telefone celular."
page 393.txt,88,"Nesse caso, você transmitirá esses dados diretamente ao HAPPN."
page 393.txt,89,"
Esses dados se referem à sua identidade."
page 393.txt,90,"
De acordo com o modo de inscrição escolhido, certas informações são obrigatórias para o fornecimento dos Serviços."
page 393.txt,91,"Caso não as comunique, o HAPPN não será capaz de fornecer os Serviços proporcionados pelo Aplicativo e você não poderá criar uma Conta."
page 393.txt,92,"De qualquer forma, o seu nome (público), a sua idade (público), a sua data de nascimento (privado), o seu gênero e pelo menos uma Foto de perfil (público) são obrigatórios para a inscrição no Aplicativo."
page 393.txt,93,"Em seguida, você tem a possibilidade de adicionar ou retirar Fotos a qualquer momento, caso tenha adicionado pelo menos uma Foto de perfil incluindo o seu rosto."
page 393.txt,94,"Como indicado no parágrafo 1, “Definições”, a primeira Foto de perfil deve ser uma foto de rosto, senão uma de suas Fotos de rosto será inserida de maneira automática na primeira posição."
page 393.txt,96,"Se você decidir proceder à sua inscrição através de seu número de telefone, o seu número de telefone será obrigatório no momento da inscrição."
page 393.txt,98,"Se você decidir proceder à sua inscrição através do Facebook, nós coletaremos obrigatoriamente as informações relativas ao seu nome e idade."
page 393.txt,99,"Você também pode autorizar o Facebook a transmitir ao Happn o seu sobrenome, data de nascimento, gênero, e-mail e adicionar Fotos de perfil a partir de sua conta do Facebook."
page 393.txt,101,"Se você decidir proceder à sua inscrição através da Apple ou do Google, nós coletaremos obrigatoriamente as informações relativas ao seu nome e e-mail."
page 393.txt,102,Eles também podem transmitir o seu sobrenome ao HAPPN.
page 393.txt,103,"
Além disso, em caso de recusa da localização geográfica no momento de sua inscrição e, consequentemente, da coleta dos seus dados de localização pelo happn para disponibilizar os perfis dos Membros que cruzaram o seu caminho, você deve informar a sua cidade."
page 393.txt,104,Essa informação permitirá que o HAPPN exiba os perfis de Membros ao seu redor.
page 393.txt,106,As informações opcionais para completar o seu perfil
page 393.txt,107,"
Você pode fornecer outras informações suplementares para completar o seu perfil."
page 393.txt,108,"Essas informações são opcionais, fornecidas por livre e espontânea vontade, e são de sua exclusiva responsabilidade."
page 393.txt,109,Você pode completar o seu perfil diretamente no Aplicativo e/ou através do Facebook Connect ao sincronizar a sua Conta com o Facebook.
page 393.txt,110,Esses dados são os seguintes:
page 393.txt,112,A sua descrição corresponde a uma caixa de texto livre e o HAPPN não aconselha o Membro a informar dados que possam ser considerados sensíveis aos outros Membros ou ao HAPPN através do Aplicativo.
page 393.txt,113,São considerados dados sensíveis os dados classificados juridicamente como “sensíveis” em virtude do Regulamento geral para a proteção de dados (“RGPD”).
page 393.txt,114,"Trata-se, nomeadamente, de dados referentes à origem racial ou étnica, opiniões políticas, convicções religiosas ou filosóficas ou ação sindical, bem como saúde, vida sexual ou orientação sexual (“Dados sensíveis”)."
page 393.txt,115,"Se, apesar de tudo, o Membro insistir em comunicar esses dados em seu perfil, essa informação é considerada como “intencionalmente tornada pública” pelo Membro em questão, no sentido do RGPD."
page 393.txt,116,"
3.1.2."
page 393.txt,117,Dados referentes às interações com o HAPPN:
page 393.txt,119,"Quando você entra em contato com o serviço de atendimento e assistência ao cliente, informa sobre um problema relativo a nossos Serviços, denuncia um outro usuário, pede assistência, exerce seus direitos sobre seus dados pessoais ou quando você participa de nossas promoções, jogos e concursos, pesquisas, compartilha a sua experiência de utilização de nossos Serviços, depoimentos e responde os nossos questionários, o HAPPN coleta, de acordo com o caso, os seguintes dados pessoais sobre você:"
page 393.txt,120,"
Esses dados são coletados pelo HAPPN quando você envia um pedido de assistência ao nosso serviço de atendimento ao cliente, exerce os seus direitos sobre seus dados pessoais, informa um problema ou denuncia um outro usuário."
page 393.txt,121,Essas informações são necessárias para processar uma denúncia ou conceder uma resposta aos seus pedidos.
page 393.txt,122,Essas informações também são processadas quando uma denúncia é feita sobre você.
page 393.txt,123,"De fato, o HAPPN possui a obrigação jurídica de coletar as denúncias de seus Membros que informem sobre conteúdos ou comportamentos capazes de violar as nossas Condições gerais de utilização."
page 393.txt,124,"
Esses dados são coletados pelo HAPPN quando você participa de nossos jogos e concursos, responde a nossas pesquisas e questionários de satisfação, envia seus depoimentos."
page 393.txt,125,Os dados são obrigatórios se você desejar participar dos jogos e concursos organizados pelo HAPPN.
page 393.txt,126,"Sem esses dados, o HAPPN não poderá inscrevê-lo nos jogos ou concursos."
page 393.txt,127,"Não obstante, os dados referentes a seus depoimentos e à sua satisfação são opcionais."
page 393.txt,128,"
3.2 Dados que coletamos automaticamente"
page 393.txt,130,"Quando você utiliza os nossos serviços e funções, nós coletamos informações sobre a sua atividade no Aplicativo:"
page 393.txt,131,"
Quando você acessa os Serviços e utiliza o Aplicativo e suas funções, informações são coletadas e processadas relativamente à maneira como você os utiliza."
page 393.txt,132,A maior parte dessas informações coletadas pelo HAPPN é necessária para o fornecimento dos Serviços.
page 393.txt,133,"Sem esses dados, o HAPPN não poderá fornecer os Serviços prestados no aplicativo HAPPN."
page 393.txt,134,"Trata-se nomeadamente da data de inscrição, das datas de conexão, de seu status on-line e off-line, tipo e número de interações com os outros Membros (tais como Flashnotes, Ois, Likes, caminhos cruzados e Crushs), com suas outras contas conectadas à sua Conta (tais como Spotify, Instagram) ou ainda o número de transações efetuadas (compras de Flashnotes, Ois ou assinatura(s)), as notificações recebidas e suas preferência em termos de notificação."
page 393.txt,136,O principal interesse e objetivo do Aplicativo é permitir que você ache os outros Membros que cruzaram ou que poderiam cruzar o seu caminho.
page 393.txt,137,A sua Posição geográfica é coletada com seu consentimento expresso.
page 393.txt,138,"De fato, pedimos uma autorização para você com o intuito de coletar e processar os dados relativos à sua localização geográfica para permitir que o HAPPN identifique os Locais onde os caminhos se cruzaram com os outros Membros que aceitaram a localização geográfica."
page 393.txt,140,"A sua Localização geográfica é coletada pelo Happn regularmente, a não ser que você tenha feito escolhas de parâmetros mais restritos em seu aparelho."
page 393.txt,141,"
Quando as localizações geográficas de dois Membros se situam no mesmo raio, um ponto onde os caminhos se cruzaram é registrado pelo HAPPN."
page 393.txt,143,"Os Locais onde os caminhos se cruzaram são exibidos em seu perfil, mas os Membros não podem, de maneira alguma, ter acesso à sua localização exata."
page 393.txt,144,"De fato, cada Membro vê em seu Aplicativo a sua própria localização no instante em que os caminhos se cruzaram em um raio definido pelo HAPPN e não a posição do outro Membro."
page 393.txt,145,"Se você não conceder autorização para a utilização da localização geográfica, você deve informar a sua cidade."
page 393.txt,146,Essa informação permitirá que o HAPPN exiba os perfis de Membros ao seu redor.
page 393.txt,147,"
Esses locais onde os caminhos se cruzaram podem ser exibidos sob a forma de um feed de notícias ou no Map (Cartografia)."
page 393.txt,148,"
Você pode revogar o seu consentimento a qualquer momento e desativar a opção de localização geográfica em seu smartphone."
page 393.txt,149,"Nesse caso, o seu feed de notícias não será mais atualizado e você não poderá mais ver quais são os outros Membros que cruzaram o seu caminho posteriormente à desativação da opção de localização geográfica."
page 393.txt,150,"Quando não houver mais nenhum perfil em seu feed de notícias, pediremos que informe a sua cidade para que possamos exibir novos perfis de Membros ao seu redor."
page 393.txt,151,"
Você também pode solicitar que o seu perfil e, conseqüentemente, a localização dos caminhos cruzados, não seja mais exibida no Map (Cartografia)."
page 393.txt,152,"Nesse caso, você aparecerá somente no feed de notícias dos outros Membros."
page 393.txt,153,"Da mesma forma, você não poderá mais ver os perfis dos Membros cujos caminhos cruzaram com o seu no Map (Cartografia), mas somente no seu feed de notícias."
page 393.txt,154,"Para tal, você deve acessar o aplicativo, clicar em “Minhas preferências” e, em seguida, na parte de baixo de sua tela, desativar a opção"
page 393.txt,155,“Compartilhar os locais onde os caminhos se cruzaram”.
page 393.txt,157,As mensagens são enviadas e armazenadas nos servidores do HAPPN para garantir o funcionamento do Serviço de transmissão dos diálogos entre os Membros que tiveram um Crush ou quando um Membro utiliza a função Flashnote.
page 393.txt,158,As mensagens de texto e mensagens de voz são estritamente privadas e de responsabilidade exclusiva dos Membros interessados.
page 393.txt,159,Os responsáveis autorizados pelo HAPPN não possuem nenhum direito de vigilância com relação a essas conversas.
page 393.txt,160,"Essas mensagens não são transmitidas ou comunicadas a terceiros, salvo em caso de requisição jurídica e/ou em conformidade com as disposições regulamentares ou da legislação em vigor."
page 393.txt,161,"Além disso, as Mensagens são estritamente privadas e não poderão ser acessadas por outros Membros que não sejam partes envolvidas na conversa ou quaisquer terceiros."
page 393.txt,163,"Informações relativas às Ligações de vídeo (data e hora do início e do fim das Ligações…) (privado)
"
page 393.txt,164,"Quando você quiser fazer uma Ligação de vídeo no aplicativo HAPPN, dados técnicos de seu telefone são necessários para estabelecer a comunicação entre dois Membros."
page 393.txt,165,"As datas e horas de início e fim das ligações serão conservadas pelo HAPPN, mas o HAPPN não conserva o conteúdo das Ligações de vídeo."
page 393.txt,166,Essas Ligações de vídeo são instantâneas.
page 393.txt,168,"O Aplicativo possibilita a definição dos parâmetros relativos à busca por Membros baseada em idade, gênero e as Características do Membro preenchidas."
page 393.txt,169,"Você pode modificar esses parâmetros e informar no Aplicativo a faixa etária, as Características do Membro e, após conceder seu consentimento prévio sobre a coleta e processamento desse dado pelo HAPPN, o gênero das pessoas buscadas, com o intuito de ter acesso exclusivo aos perfis que cruzaram o seu caminho e correspondem a seus critérios."
page 393.txt,170,"Assim, você verá em seu feed de notícias apenas os Membros que cruzaram o seu caminho e se encaixam em suas preferências de busca."
page 393.txt,171,"
Nós coletamos informações a partir e nos aparelhos e equipamentos que você utiliza para ter acesso aos nossos Serviços, tais como registros de servidores que podem incluir, nomeadamente, informações como endereços de IP, versão do aplicativo, versão e modelo do celular, ID do celular ou do aparelho, língua selecionada, sistema operacional, falhas do aplicativo, identificadores de publicidade."
page 393.txt,172,"Esses dados podem ser coletados através de cookies ou outros traçadores: para mais informações, favor acessar a Carta de utilização dos cookies."
page 393.txt,174,Dados relativos às transações:
page 393.txt,175,O HAPPN não coleta ou processa nenhum dado bancário.
page 393.txt,176,"A App Store da Apple e a Play Store do Google decidiram não comunicar certos dados aos aplicativos de celular, incluindo dados relativos às transações."
page 393.txt,177,"Esses dados são coletados e processados de maneira exclusiva por essas plataformas, sem que o HAPPN possa modificar o referido modo de pagamento se o desejar."
page 393.txt,178,"As únicas informações trocadas entre o HAPPN e a App Store da Apple e a Play Store do Google se referem a dados técnicos que não permitem a sua identificação (por exemplo, um número de transação) para fins de validação de transações."
page 393.txt,179,"Assim, o HAPPN conservará o seu histórico de compras e de assinaturas, mas não conservará nenhuma informação relativa ao modo de pagamento."
page 393.txt,180,"
4.1."
page 393.txt,181,"Fornecimento dos serviços e funções em conformidade com as condições de utilização
Gestão das Ligações de vídeo entre os Membros
"
page 393.txt,182,"Gestão das assinaturas e dos Serviços pagos comprados (Ois, FlashNote, créditos de ligações, etc.)"
page 393.txt,184,"Embasamento jurídico: Execução do contrato
"
page 393.txt,185,Os dados coletados pelo HAPPN são necessários para o funcionamento correto do Aplicativo e para o fornecimento dos Serviços disponibilizados aos Membros de acordo com o contrato que nos vincula (Condições gerais de utilização).
page 393.txt,186,"
4.2."
page 393.txt,187,"Exibir os perfis que cruzaram ou que poderiam cruzar o seu caminho
"
page 393.txt,188,"Embasamento jurídico: Consentimento
"
page 393.txt,189,"Após conceder o seu consentimento, você pode revogá-lo a qualquer momento ao desativar a opção de localização geográfica em seu smartphone."
page 393.txt,190,A revogação do seu consentimento não cancela os processamentos realizados previamente a essa revogação.
page 393.txt,191,"
Maiores informações?"
page 393.txt,193,O principal interesse e objetivo do Aplicativo é permitir que você ache os outros Membros que cruzaram ou que poderiam cruzar o seu caminho.
page 393.txt,194,"De fato, ela permite identificar os locais em que seu caminho cruzou com o de outros Membros que tenham consentido a localização geográfica."
page 393.txt,195,Esses locais onde os caminhos se cruzaram permitem ao HAPPN apresentar os perfis dos Membros que cruzaram ou poderiam ter cruzado o seu caminho e correspondem a seus critérios de busca.
page 393.txt,196,"
De acordo com a sua atividade no Aplicativo, sua localização e informações fornecidas em seu perfil, este último pode ser evidenciado junto a outros Membros."
page 393.txt,197,Também podemos recomendar o seu perfil a outros Membros que possam te interessar e cujo caminho você tenha cruzado ou possa cruzar.
page 393.txt,198,O seu perfil também é evidenciado quando você utiliza a função Boost definida no parágrafo 1.
page 393.txt,200,"Embasamento jurídico: Execução do contrato
"
page 393.txt,201,"Esse processamento nos permite fornecer os Serviços e, in fine, aumentar as suas chances de encontrar Membros que te agradem."
page 393.txt,202,"
4.3."
page 393.txt,203,Proporcionar ofertas e conteúdos pertinentes (marketing e publicidade)
page 393.txt,204,"
Envio da newsletter do HAPPN por e-mail."
page 393.txt,205,O envio da newsletter é cancelado quando a mesma não é aberta pelos Membros há mais de um ano.
page 393.txt,207,Embasamento jurídico:
page 393.txt,208,"Interesse legítimo
"
page 393.txt,209,Esses processamentos são baseados no interesse legítimo do HAPPN em comunicar a você as suas ofertas.
page 393.txt,210,"Com relação à newsletter, você pode manifestar a sua oposição a qualquer momento ao recebimento de e-mails da parte do HAPPN ao clicar no link “cancelar a assinatura” previsto com esse objetivo nos e-mails que você recebe."
page 393.txt,212,Efetuar operações de marketing e publicidade fora do aplicativo:
page 393.txt,213,"nós efetuamos operações de marketing e publicidade fora do aplicativo HAPPN em outros sites, redes sociais e outros aplicativos."
page 393.txt,214,"Quando você já é Membro do Aplicativo HAPPN, nós podemos compartilhar o seu e-mail e número de telefone com essas redes para excluí-lo de nossas campanhas de Marketing."
page 393.txt,215,Essas informações são transmitidas com uma função de “hashing”.
page 393.txt,216,Esse compartilhamento também pode permitir que o HAPPN divulgue suas campanhas junto a perfis similares aos seus e que possam se interessar por nossos Serviços.
page 393.txt,217,A existência do seu perfil nunca será informada a esses perfis similares.
page 393.txt,218,As redes sociais que podem receber os seus dados no contexto dessa finalidade são indicadas na nossa lista de parceiros disponível através do seguinte link.
page 393.txt,220,Embasamento jurídico:
page 393.txt,221,"Interesse legítimo
"
page 393.txt,222,A base desse processamento é o interesse legítimo do HAPPN em lhe excluir desses conteúdos promocionais nas redes sociais e divulgar seu serviço em outros sites junto a não Membros.
page 393.txt,223,Você pode manifestar a sua oposição ao compartilhamento de dados com essas redes sociais entrando em contato conosco (favor acessar a seção 11.
page 393.txt,224,"Contato) ou diretamente no Aplicativo, na aba “"
page 393.txt,225,"Meus dados” e, em seguida, “Gerenciar minhas escolhas”."
page 393.txt,226,"Ao manifestar a sua oposição relativamente a esse compartilhamento, não poderemos mais excluí-lo de nossas publicidades nessas redes."
page 393.txt,228,Embasamento jurídico:
page 393.txt,229,"Interesse legítimo
"
page 393.txt,230,A base desse processamento é o interesse legítimo do HAPPN em exibir campanhas publicitárias em seu aplicativo quando um Membro não é Premium.
page 393.txt,231,Você pode manifestar a sua oposição relativamente à publicidade orientada de produtos e serviços de terceiros exibida no aplicativo de acordo com sua idade e seu gênero.
page 393.txt,232,"Basta acessar “Meus dados” e, em seguida, “Gerenciar minhas escolhas”."
page 393.txt,233,"
4.4."
page 393.txt,234,"Aprimorar e aperfeiçoar nossos serviços e nosso conhecimento sobre a sua utilização
Compreender como o nosso Aplicativo e suas funções são utilizadas
"
page 393.txt,235,"Melhorar o Aplicativo, nossas ofertas e funções"
page 393.txt,236,"
Compreender as suas necessidades
"
page 393.txt,237,Embasamento jurídico:
page 393.txt,238,"Interesse legítimo
"
page 393.txt,239,"A base desse processamento é o interesse legítimo do HAPPN em melhorar e aprimorar seus serviços, conhecer seus usuários e a maneira como esses serviços são utilizados."
page 393.txt,241,"Fornecer conselhos aos Membros com relação às fotografias que publicam analisando os Perfis de todos os Membros para que possam melhorar, se desejarem, a apresentação de seus perfis."
page 393.txt,243,Embasamento jurídico:
page 393.txt,244,"Interesse legítimo
"
page 393.txt,245,A base desse processamento é o interesse legítimo do HAPPN em aprimorar os perfis em seu Aplicativo.
page 393.txt,246,Você pode manifestar a sua oposição a essa utilização a qualquer momento entrando em contato conosco (favor acessar a seção 11.
page 393.txt,247,Contato).
page 393.txt,248,"
4.5."
page 393.txt,249,"Garantir a segurança de seus dados pessoais
"
page 393.txt,250,Embasamento jurídico:
page 393.txt,251,"Interesse legítimo
"
page 393.txt,252,A base desse processamento é o interesse legítimo do HAPPN em garantir a segurança de seu aplicativo e dos dados que ele processa.
page 393.txt,253,Você pode manifestar a sua oposição a essa utilização a qualquer momento entrando em contato conosco (favor acessar a seção 11.
page 393.txt,254,Contato).
page 393.txt,255,"Não obstante, o HAPPN poderá continuar a levar a cabo o processamento se justificá-lo com motivos legítimos e urgentes."
page 393.txt,256,"
4.6."
page 393.txt,257,"Evitar e lutar contra atividades ilegais ou não autorizadas (violação das condições de utilização), garantir a confiança dos Membros e agir em conformidade com as exigências jurídicas
"
page 393.txt,258,Embasamento jurídico: Obrigação jurídica
page 393.txt,260,"A base desses processamentos é a obrigação jurídica do HAPPN, em sua qualidade de provedor de hospedagem de dados, de retirar conteúdos ilícitos a partir do momento em que seja informado da existência dos mesmos (artigo 6° da lei de confiança na economia digital de 21 de junho de 2004) e de responder aos pedidos de exercício de direitos dos Membros sobre seus dados pessoais (artigo 12° a 22° do RGPD)."
page 393.txt,261,"
Identificar ou evitar atividades fraudulentas ou contrárias às nossas Condições gerais de utilização:"
page 393.txt,263,"Análise automática dos dados do perfil e da atividade no aplicativo com o intuito de identificar perfis falsos, comportamentos fraudulentos ou que constituam violações das Condições gerais de utilização."
page 393.txt,264,"
Garantir a qualidade dos perfis;"
page 393.txt,266,"Análise automática de Fotos dos Membros para detectar um rosto com o intuito de, tanto quanto possível, excluir perfis falsos do Aplicativo, lutar contra comportamentos fraudulentos e garantir a identificação dos Membros."
page 393.txt,267,Você não poderá criar uma conta se um rosto não for identificado em uma das suas Fotos durante a sua inscrição.
page 393.txt,268,"Caso a sua inscrição não seja aceita e uma de suas Fotos tenha um rosto, você pode entrar em contato conosco a qualquer momento."
page 393.txt,270,Embasamento jurídico:
page 393.txt,271,"Interesse legítimo
"
page 393.txt,272,A base desses processamentos é o interesse legítimo do HAPPN em impedir e interromper as atividades fraudulentas que possam ser levadas a cabo em seus Serviços ou que desrespeitem as suas Condições gerais de utilização e garantir a segurança de seus usuários permitindo a identificação dos perfis.
page 393.txt,273,Você pode manifestar a sua oposição a essa utilização a qualquer momento entrando em contato conosco (favor acessar a seção 11.
page 393.txt,274,Contato).
page 393.txt,275,"Não obstante, o HAPPN poderá continuar a levar a cabo o processamento se justificá-lo com motivos legítimos e urgentes."
page 393.txt,277,Embasamento jurídico: consentimento
page 393.txt,279,O seu consentimento para a utilização de seus dados biométricos para fins de autentificação de perfil é pedido quando você inicia o processo de autentificação.
page 393.txt,280,Você pode revogar seu consentimento a qualquer momento acessando a aba “
page 393.txt,281,"Meus dados” e, em seguida, “Gerenciar minhas escolhas”."
page 393.txt,282,"Caso revogue o seu consentimento, seu vídeo será apagado e seus dados biométricos não poderão mais ser coletados."
page 393.txt,283,"Caso adicione ou apague Fotos de perfil, posto que a comparação com seu rosto não será possível, você pode perder seu selo"
page 393.txt,284,“Perfil autentificado”.
page 393.txt,285,"
4.7."
page 393.txt,286,"Ajuda e assistência técnica aos Membros
Responder os pedidos de assistência formulados pelos Membros no contexto da utilização do Aplicativo."
page 393.txt,288,Embasamento jurídico:
page 393.txt,289,"Interesse legítimo
"
page 393.txt,290,A base desses processamentos é o interesse legítimo do HAPPN em permitir que seus Membros utilizem o Aplicativo em boas condições técnicas e operacionais.
page 393.txt,292,"Cookies podem ser utilizados em nosso Site para fins técnicos, publicitários e de medição de audiência."
page 393.txt,293,"No aplicativo, cookies e traçadores podem ser utilizados para fins técnicos, publicitários e de medição de audiência."
page 393.txt,294,"
Para mais informações, consulte a nossa Carta sobre os Cookies."
page 393.txt,296,Apenas alguns funcionários específicos do Serviço de atendimento ao cliente e responsáveis habilitados do HAPPN processam os dados pessoais dos Membros para os fins descritos acima.
page 393.txt,297,Esses funcionários e responsáveis habilitados têm acesso apenas aos únicos dados necessários para que realizem suas funções.
page 393.txt,299,"Prestadores de serviços e parceiros aprovados e confiáveis podem, do mesmo modo, ter acesso e/ou processar os dados pessoais dos Membros em nome do HAPPN em conformidade com o respeito da Política de privacidade e garantem a segurança e a privacidade dos dados pessoais dos Membros."
page 393.txt,300,"Esses prestadores nos ajudam a operar e aprimorar nossos Serviços, principalmente no que se refere:"
page 393.txt,301,"
nossos parceiros terceirizados para nossa infraestrutura e hospedagem de dados;"
page 393.txt,302,"
Nossos fornecedores de programas de análise;"
page 393.txt,303,"
nossos prestadores técnicos para a utilização do Aplicativo e/ou o funcionamento correto do Aplicativo;"
page 393.txt,304,"
nosso serviço de atendimento ao cliente para o fornecimento da assistência necessária aos Membros e a gestão de denúncias;"
page 393.txt,305,"
nossos parceiros de Marketing para divulgar promoções, mensagens e conteúdos pertinentes para os Membros e não Membros do HAPPN."
page 393.txt,306,"
No contexto das campanhas de marketing e publicidade fora do aplicativo para não Membros, seus dados poderão ser transmitidos para redes sociais parceiras para excluí-lo de nossas campanhas, salvo indicações em contrário."
page 393.txt,307,"
Para maiores informações, queira consultar a lista de nossos prestadores e parceiros."
page 393.txt,308,"
Além disso, mediante solicitação de órgãos estatais, nomeadamente autoridades jurídicas, e com o intuito de responder a requisições jurídicas ou legais, o HAPPN poderá transmitir os dados pessoais de seus Membros."
page 393.txt,309,"
Por fim, podemos ser levados a transmitir os seus dados no contexto de operações empresariais, tais como, sem que essa lista seja exaustiva, reestruturação, mudança de controle, fusão, aquisição, cessão, dissolução."
page 393.txt,310,"
Os dados pessoais dos Membros processados no contexto da utilização do Aplicativo são hospedados na União Europeia."
page 393.txt,312,"No entanto, os dados pessoais dos Membros são transmitidos a prestadores de serviços terceirizados do HAPPN localizados fora da União Europeia, para a realização de funções de assistência aos Membros, gestão de denúncias, publicidade e marketing."
page 393.txt,314,As transferências de dados para fora da União Europeia podem envolver países nos quais não existem normas de adequação emitidas pela Comissão Europeia em termos de proteção de dados pessoais.
page 393.txt,315,"O HAPPN garante que essas transferências são efetuadas sob condições capazes de assegurar a privacidade e a segurança dos referidos dados e com um nível de proteção adequado, respeitando a legislação em vigor."
page 393.txt,316,"De fato, essas transferências são regidas por cláusulas contratuais padrão elaboradas pela Comissão Europeia."
page 393.txt,317,"Para obter uma cópia destas últimas, você pode escrever para o nosso Responsável de proteção de dados: dpo@happn.fr."
page 393.txt,318,"
Para saber a localização exata de nossos destinatários, pedimos para consultar a lista de nossos prestadores e parceiros."
page 393.txt,319,"
Em conformidade com a lei n° 78-17 de 6 de janeiro de 1978, chamada lei Informática e Liberdades e com o RGPD, todos os Membros possuem um direito ao acesso, correção e, caso necessário, de um direito à portabilidade e à exclusão de seus dados pessoais, bem como à recusa do processamento ou sua limitação e do direito de definir as instruções relativas ao destino de seus dados pessoais após seu falecimento."
page 393.txt,320,"Consciente das preocupações de seus Membros, o HAPPN se compromete a respeitar a proteção dos dados pessoais e processar esses pedidos o mais rápido possível."
page 393.txt,322,"O Membro tem a possibilidade de exercer os seus direitos, desde que prove sua identidade, enviando um e-mail para support@happn.com, exercendo seus direitos diretamente a partir do Aplicativo, ou enviando uma carta para o seguinte endereço postal: à l’attention du Délégué à la protection des données, HAPPN - 8 rue du Sentier 75002 Paris – França."
page 393.txt,323,"Por razões de privacidade, caso haja alguma dúvida sobre a identidade do solicitante, um comprovante de idade pode ser exigido."
page 393.txt,324,"
Em caso de reclamação, o Membro pode enviar uma solicitação para a autoridade de fiscalização nacional competente em termos de proteção de dados."
page 393.txt,325,"
Esses direitos poderão ser exercidos apenas de acordo com o limite dos meios do HAPPN no contexto da utilização do Facebook, Google ou Apple para se conectar ao Aplicativo."
page 393.txt,326,"Uma parte dos dados foi comunicada ao HAPPN por meio do Facebook, Google ou Apple e não poderá ser corrigida sem a cooperação do Facebook, Google ou Apple."
page 393.txt,328,"O HAPPN conserva os dados do Membro durante todo o período necessário para a utilização da Conta do Membro, ou seja:"
page 393.txt,329,"
Quando um Membro é excluído, sua conta se torna inativa."
page 393.txt,330,"As informações da conta excluída são conservadas durante um período de um ano em um banco de dados ativo com o intuito de compará-las com as informações fornecidas durante novas inscrições no Aplicativo e impedir, na medida do possível, uma nova inscrição de um usuário excluído."
page 393.txt,331,"No final desse período de duração, a conta é arquivada e conservada durante um ano suplementar antes de ser definitivamente excluída."
page 393.txt,332,"
Certos dados do Membro, tais como o e-mail e o número de telefone, serão conservados para fins de desenvolvimento de negócios ou de Marketing (consulte o artigo 4.3.) ou para fins de análise para o aprimoramento e o aperfeiçoamento do serviço (consulte o artigo 4.4) durante 1 ano após 1 ano de inatividade da Conta."
page 393.txt,333,"Em caso de exclusão da Conta pelo Membro, os dados não serão utilizados para fins de desenvolvimento de negócios ou Marketing."
page 393.txt,335,O HAPPN se compromete a envidar todos os esforços e utilizar os meios dos quais dispõe para garantir a segurança máxima dos dados conservados.
page 393.txt,336,"Contudo, cabe ao Membro tomar as medidas apropriadas para proteger os seus dados."
page 393.txt,338,O HAPPN se recusa a coletar dados sobre menores de idade.
page 393.txt,339,"Em caso de falso testemunho por parte de um Membro sobre a sua data de nascimento e, mais precisamente, em caso de declaração fraudulenta relativa à sua maioridade, os pais do menor de idade são convidados a notificar o HAPPN através de um e-mail para um dos endereços indicados no artigo 11° “Contato”, com o intuito de solicitar que os dados sejam apagados."
page 393.txt,340,O HAPPN se compromete a apagar o conjunto de dados pessoais referentes ao menor de idade o mais breve possível.
page 393.txt,341,"
Em caso de qualquer questão referente à presente política de privacidade ou de qualquer pedido relativo a seus dados pessoais, você pode entrar em contato conosco:"
