Document,Parag_number,Paragraph_Text
page 511.txt,0,"POLÍTICA DE PRIVACIDADE PARA STORYTEL
1."
page 511.txt,1,"GERAL
1.1."
page 511.txt,3,"A Storytel é um serviço de assinatura digital online que oferece a Você (doravante denominado “Usuário”) acesso ao site da Storytel, conteúdos em áudio, e-books e outros conteúdos literários em seu celular, tablet ou outros dispositivos (“Serviço”) de acordo com os Termos de Uso, com esta Política de Privacidade e com quaisquer termos e condições suplementares que possam reger o uso de um plano de assinatura específico para a Storytel (“Termos”)."
page 511.txt,4,"O Serviço é fornecido pela Storytel Sweden AB, com cadastro nacional de pessoas jurídicas nº 556696-2865 (doravante denominada “Storytel” ou “nós”)."
page 511.txt,5,"
1.2."
page 511.txt,6,"
Esta Política de Privacidade se aplica a todos os Usuários e, também, a todas as pessoas que visitam nosso site ou baixam e usam nosso aplicativo (doravante e em conjunto denominadas “Você”)."
page 511.txt,7,"
1.3."
page 511.txt,8,"
Esta Política de Privacidade explica as práticas da Storytel em relação à coleta, armazenamento, uso e divulgação de determinadas informações, incluindo seus dados pessoais, em conexão com a nossa prestação do Serviço para Você ou com o seu acesso ao nosso website ou aplicativo."
page 511.txt,9,Ela serve para informá-lo sobre o tratamento de seus dados pessoais e garantir a Você que seus dados pessoais são tratados com respeito e de acordo com a legislação vigente de proteção de dados quando Você usa o Serviço ou acessa nosso website ou aplicativo.
page 511.txt,10,"
1.4."
page 511.txt,11,"
Você deve sempre se sentir seguro ao compartilhar seus dados pessoais com a Storytel."
page 511.txt,12,"A Storytel tomou as medidas técnicas e organizacionais de segurança que são apropriadas para garantir que os seus dados pessoais sejam protegidos, especialmente, contra qualquer acesso, divulgação, uso, modificação ou destruição não autorizados e contra perda."
page 511.txt,13,"Se Você não está confortável com o conteúdo desta Política de Privacidade, Você pode sempre se abster de usar o Serviço."
page 511.txt,14,"
2."
page 511.txt,15,"CONTROLADOR DE DADOS PESSOAIS
2.1."
page 511.txt,16,"
A Storytel Sweden AB é a Controladora responsável pelo tratamento de seus dados pessoais coletados pela Storytel."
page 511.txt,17,"Você pode entrar em contato conosco, por exemplo, com relação à integridade e privacidade de seus dados pessoais."
page 511.txt,18,Informações sobre como entrar em contato conosco podem ser encontradas na seção 13.
page 511.txt,19,"
3."
page 511.txt,20,QUANDO E DE ONDE
page 511.txt,21,A STORYTEL COLETA DADOS PESSOAIS?
page 511.txt,22,"
3.1."
page 511.txt,24,A Storytel coleta seus dados pessoais quando:
page 511.txt,25,"
- Você configura uma conta na Storytel e/ou usa o Serviço,
- Você solicita um serviço complementar ou um produto da Storytel,
- Você instala e/ou usa qualquer aplicativo incluído no Serviço, com ou sem um plano de assinatura subjacente,
- Você visita o site,
- Você se registra como assinante do boletim informativo da Storytel,
- Você relata erros, materiais ilícitos ou inadequados ou entra em contato com o atendimento ao cliente da Storytel por qualquer outro motivo,
- Você vincula o Serviço à sua conta do Facebook ou a um serviço similar de terceiros, para, por exemplo, facilitar o login no Serviço, caso em que recebemos dados desse serviço de terceiros,
- Você responde a uma pesquisa, incluindo, entre outros, questionários de satisfação do cliente ou pesquisas de marketing, ou responde a comunicações da Storytel, ou
- Caso a coleta de dados pessoais seja necessária para gerenciar o relacionamento entre Você e a Storytel."
page 511.txt,26,"
3.2."
page 511.txt,28,"A Storytel também coleta informações por meio de cookies próprios ou de terceiros e tecnologias de rastreamento semelhantes (incluindo, sem limitação, beacons, tags e pixels) que podem rastrear as suas atividades e opções quando Você faz o download do nosso aplicativo, usa o Serviço ou visita websites."
page 511.txt,29,"Isso tem o objetivo de, por exemplo, facilitar o login, lembrar suas configurações preferidas, enviar marketing personalizado e medir o sucesso dos anúncios."
page 511.txt,30,"Mais informações sobre o uso de cookies pela Storytel estão descritas na política de cookies da Storytel, encontrada no site da Storytel."
page 511.txt,31,"
4."
page 511.txt,32,QUAIS
page 511.txt,33,SÃO
page 511.txt,34,OS DADOS PESSOAIS
page 511.txt,35,QUE
page 511.txt,36,A STORYTEL COLETA?
page 511.txt,37,"
4.1."
page 511.txt,39,"Quando Você configura uma conta com a Storytel ou entra em contato com nossos serviços ao cliente, a Storytel coleta os dados pessoais que Você informa sobre si mesmo."
page 511.txt,40,"Os dados básicos de usuário que a Storytel coleta nesse caso incluem seus dados de contato, como nome e/ou nome de usuário, endereço de e-mail e/ou número de telefone (em alguns casos não se faz necessário coletar ambos endereço de e-mail e número de telefone, e Você pode confiar que nós apenas pediremos que nos informe dados pessoais que realmente precisamos para prover ou melhorar o Serviço) e detalhes de pagamento, como tipo de cartão de crédito e data de validade do cartão."
page 511.txt,41,"A Storytel também pode coletar dados sobre sua data de nascimento, sexo e detalhes adicionais de contato, como o seu endereço."
page 511.txt,42,"A Storytel também pode coletar dados pessoais que Você fornece sobre os membros da sua família (incluindo nomes, e-mails, datas de nascimento e interesses de seus familiares)."
page 511.txt,43,"Se Você optar por fornecer tais dados pessoais, Você é responsável por garantir que tem o direito de fazê-lo sob o consentimento desses familiares, e também deve informá-los sobre nossas atividades de tratamento."
page 511.txt,44,"
4.2."
page 511.txt,46,"Quando Você usa o Serviço ou quaisquer outros serviços e produtos da Storytel e visita o site e o aplicativo da Storytel, a Storytel também pode coletar dados relativos ao uso (como opções de títulos e consultas de pesquisa), visualizações (como conteúdo visualizado) e dados técnicos (como IDs de plataforma exclusivos, versões de telefone e plataforma, endereço IP do dispositivo, versão do aplicativo Storytel, configurações de idioma, informações de URL, senha (criptografada), dados de cookie e tipo de navegador)."
page 511.txt,47,"Se, quando Você se inscreveu como cliente da Storytel, Você se registrou como um cliente responsável pelo faturamento, a Storytel também pode precisar coletar e tratar algumas das informações que Você fornecer ao prestador de serviços de pagamento da Storytel, para facilitar o faturamento."
page 511.txt,48,"
4.3."
page 511.txt,50,"Se Você optar por vincular o Serviço ao Facebook, ou a um serviço de terceiros similar, que controle dados pessoais, a Storytel poderá coletar e tratar os dados pessoais aos quais Você tenha concedido ao Facebook, ou ao terceiro, permissão para compartilhar com a Storytel."
page 511.txt,51,A Storytel incentiva Você a se informar sobre as práticas de privacidade desses terceiros.
page 511.txt,52,"
4.4."
page 511.txt,54,"A Storytel também pode coletar e tratar dados pessoais que Você fornece em fóruns públicos no site da Storytel, ou que fornece à Storytel quando Você usa nosso site e os sites da Storytel em plataformas de terceiros (como lojas de aplicativos e redes sociais), ou quando Você vincula seu perfil em um site ou plataforma de terceiros com sua conta pessoal da Storytel."
page 511.txt,55,"
4.5."
page 511.txt,57,A Storytel também pode coletar e tratar certos dados pessoais relacionados à sua qualificação para usar o Serviço e o método de pagamento escolhido.
page 511.txt,58,"No entanto, como a Storytel coopera com prestadores de serviços de pagamento terceirizados que operam independentemente em sistemas separados da Storytel, nenhum dado de pagamento completo, como números de cartão de crédito completos, será armazenado pela Storytel."
page 511.txt,59,A Storytel incentiva Você a se informar sobre as práticas de privacidade desses prestadores de serviços de pagamento terceirizados.
page 511.txt,60,"
5."
page 511.txt,61,POR QUANTO TEMPO
page 511.txt,62,OS DADOS SÃO MANTIDOS?
page 511.txt,63,"
5.1."
page 511.txt,65,A Storytel manterá seus dados pessoais somente enquanto for necessário para cumprir com o objetivo da respectiva atividade de tratamento.
page 511.txt,66,"
5.2."
page 511.txt,68,"Isso significa que os dados pessoais coletados e tratados para fins de marketing serão armazenados enquanto Você for um Usuário e por 12 (doze) meses após o término da sua assinatura, a menos que Você tenha dado à Storytel o consentimento para continuar a tratar esses dados."
page 511.txt,69,"
5.3."
page 511.txt,70,"
Para cumprir nossas obrigações contratuais, bem como monitorar e documentar o uso dos Cartões de Presente e Avaliações Gratuitas (Free Trials) e outros serviços adicionais, armazenaremos os dados pessoais que Você forneceu no cadastro (como seu nome e/ou nome de usuário, endereço de e-mail e/ou número de telefone e detalhes de pagamento) pelo período em que Você for um Usuário, usuário de Cartão de Presente ou usuário de Avaliação Gratuita, e por um período de 24 (vinte e quatro) meses após o encerramento de sua assinatura, de sua compra ou uso de um cartão de presente ou de seu uso da avaliação gratuita, o que for mais recente."
page 511.txt,71,"
5.4."
page 511.txt,73,"Manteremos as suas informações pessoais da biblioteca conteúdos em áudio / ebook da Storytel pelo período em que Você for um Usuário e, após, por um período de 24 (vinte e quatro) meses, a fim de facilitar e melhorar sua experiência caso deseje voltar a ser um Usuário durante o referido período."
page 511.txt,74,"
5.5."
page 511.txt,75,"
Quando Você entrar em contato com a Storytel para receber suporte ou para outros fins, armazenaremos seus dados pessoais por 24 (vinte e quatro) meses após a resolução do seu último ticket de suporte (por exemplo, problemas e solicitações)."
page 511.txt,76,"
5.6."
page 511.txt,77,"
Seus dados pessoais são tratados para fins analíticos durante o período da sua assinatura e, após, por mais 24 (vinte e quatro) meses."
page 511.txt,78,"
5.7."
page 511.txt,80,"A Storytel pode armazenar dados pessoais por um período maior do que os mencionados acima se exigido por lei ou para estabelecer, exercer ou defender seu direito em uma ação judicial."
page 511.txt,81,"
6."
page 511.txt,82,ONDE OS DADOS PESSOAIS
page 511.txt,83,SÃO ARMAZENADOS?
page 511.txt,84,"
6.1."
page 511.txt,85,"
Seus dados pessoais são armazenados em servidores localizados no país onde a Parte Contratada (conforme definido nos Termos de Uso) está localizado."
page 511.txt,86,"Os dados pessoais também são armazenados na Suécia, onde está localizada a matriz e principal estabelecimento da Storytel."
page 511.txt,87,"Para transferências internacionais, a Storytel aplica medidas de segurança conforme descrito no item 10.5 abaixo."
page 511.txt,88,"
7."
page 511.txt,89,POR QUE
page 511.txt,90,A STORYTEL TRATA
page 511.txt,91,OS SEUS DADOS PESSOAIS?
page 511.txt,92,"
7.1."
page 511.txt,94,A Storytel trata os seus dados pessoais para diversos fins.
page 511.txt,95,"Em primeiro lugar, a Storytel trata seus dados pessoais para gerenciar o relacionamento com o cliente (Você) e cumprir obrigações legais."
page 511.txt,96,"Seus dados pessoais também podem ser tratados para análise de mercado e clientela, pesquisa de mercado, estatísticas, e para monitoramento e desenvolvimento de negócios e metodologias da Storytel, a fim de desenvolver e personalizar o Serviço e seus recursos."
page 511.txt,97,"
7.2."
page 511.txt,99,A Storytel também trata seus dados pessoais para fornecer ofertas e serviços melhores e mais personalizados.
page 511.txt,100,"Assim, a Storytel trata seus dados pessoais para diminuir o risco de lhe enviar anúncios irrelevante ou outros tipos de marketing irrelevante."
page 511.txt,101,"Os dados pessoais podem, por exemplo, ser tratados, vinculados, segmentados e analisados em ordem, por meio de marketing direcionado, por exemplo, por e-mail, em notificações por push do aplicativo e em publicidade em canais de terceiros, para fornecer informações, ofertas ou recomendações - sobre os produtos e serviços da Storytel ou de seus parceiros - que são adaptadas às suas preferências, comportamento, necessidades ou estilo de vida."
page 511.txt,102,Também podem ser usados como base para o marketing direcionado a públicos semelhantes aos usuários existentes da Storytel.
page 511.txt,103,"Isso pode incluir, por exemplo, o tratamento de dados pessoais com o objetivo de criar audiências personalizadas em plataformas de terceiros, como o Facebook e o Google."
page 511.txt,104,"A Storytel também pode analisar e combinar as suas informações, às quais a Storytel tem acesso por meio do Serviço, de suas visitas on-line ou de outros registros (por exemplo, Facebook ou outras redes sociais semelhantes), para os fins especificados nesta seção."
page 511.txt,105,"
7.3."
page 511.txt,106,"
Além dos itens acima, a Storytel trata seus dados pessoais para prevenir, detectar e investigar possíveis atividades proibidas ou ilegais, incluindo fraudes, e para aplicar nossos Termos (por exemplo, determinar se Você está qualificado para um período de Avaliação Gratuita ou para qualquer outra oferta ou campanha de marketing, conforme o caso)."
page 511.txt,107,"
8."
page 511.txt,108,QUAL É
page 511.txt,109,A BASE LEGAL PARA O TRATAMENTO?
page 511.txt,110,"
8.1."
page 511.txt,112,"A maior parte dos dados pessoais que a Storytel trata sobre Você é tratada por ser necessária para o desempenho dos Termos da Storytel, ou seja, para que a Storytel possa fornecer e administrar o Serviço e seus recursos."
page 511.txt,113,"Esse é o caso quando a Storytel trata, por exemplo, suas informações de contato, como seu endereço de e-mail ou seu número de telefone e informações do prestador de serviços de pagamento."
page 511.txt,114,"
8.2."
page 511.txt,116,"Alguns dos dados pessoais tratados pela Storytel são tratados com base em um equilíbrio de interesses, ou seja, o interesse legítimo da Storytel em tratar os dados supera o impacto e o risco que o tratamento pode ter sobre a sua integridade."
page 511.txt,117,"Esse é o caso quando a Storytel trata os seus dados pessoais para fins de suporte (por exemplo, pedidos de suporte geral) ou para certos fins de marketing que não o marketing direto, bem como quando armazenamos as informações da sua biblioteca de conteúdos em áudio / ebook (ou qualquer outro conteúdo literário) da Storytel após o final da sua assinatura."
page 511.txt,118,"
8.3."
page 511.txt,119,"
Além disso, alguns dados pessoais são tratados com base no seu consentimento."
page 511.txt,120,Esse é o caso para o tratamento dos dados pessoais que a Storytel obtém através da sua conta do Facebook e para marketing direto dos produtos e serviços dos parceiros da Storytel ou da Storytel.
page 511.txt,121,"Se Você fornecer dados pessoais de outras pessoas físicas, como os membros da sua família, Você é o responsável por garantir que eles consintam com o tratamento de tais dados pessoais."
page 511.txt,122,"
8.4."
page 511.txt,124,"Na medida em que o tratamento seja realizado exclusivamente com base no consentimento, Você deve fornecer tal consentimento voluntariamente e, a qualquer tempo, tem a opção de retirá-lo, total ou parcialmente."
page 511.txt,125,"
9."
page 511.txt,126,"SEGURANÇA E INTEGRIDADE DE DADOS
9.1."
page 511.txt,127,"
A segurança, integridade e confidencialidade dos seus dados pessoais são muito importantes para nós."
page 511.txt,128,"Nós implementamos medidas de segurança técnicas, administrativas e físicas que são projetadas para proteger seus dados pessoais de acessos, divulgação, uso, modificação ou destruição não autorizadas, bem como de perda."
page 511.txt,129,Revisamos periodicamente os nossos procedimentos de segurança para avaliar a necessidade de implementar medidas adicionais ou fazer atualizações técnicas nos procedimentos existentes.
page 511.txt,130,"Esteja ciente de que, apesar de envidarmos nossos melhores esforços, poucas medidas de segurança são impenetráveis e, portanto, pedimos que Você nos informe imediatamente sobre quaisquer atividades suspeitas que Você notar no Serviço."
page 511.txt,131,"
10."
page 511.txt,132,PARA QUEM
page 511.txt,133,A STORYTEL DIVULGA
page 511.txt,134,OS SEUS DADOS PESSOAIS?
page 511.txt,135,"
10.1."
page 511.txt,137,"A Storytel pode divulgar os seus dados pessoais aos seus afiliados (ou seja, empresas do grupo Storytel), parceiros comerciais, fornecedores e outros terceiros para cumprir o contrato com Você ou para cumprir contratos com fornecedores e parceiros comerciais da Storytel, ou para outras finalidades estabelecidas nesta Política de Privacidade."
page 511.txt,138,"Esse pode ser o caso quando fornecemos informações para, por exemplo, o seu banco, a fim de comprovar a conformidade dos pagamentos, resolver mal-entendidos, etc."
page 511.txt,139,"
10.2."
page 511.txt,140,"
A Storytel também pode divulgar os seus dados pessoais a terceiros com o objetivo de enviar anúncios e realizar marketing personalizados, com o objetivo de evitar enviar anúncios irrelevantes ou outros tipos de marketing irrelevante, com o objetivo de medir o sucesso e o alcance de nosso marketing digital, e para outros fins promocionais."
page 511.txt,141,"Esse é o caso quando a Storytel usa recursos de remarketing e relatórios demográficos, de impressões e interesses no Google Analytics, envia público-alvo personalizado para ferramentas como o Facebook e o Google, e quando informamos nossos parceiros de negócios, como Facebook e Google, que uma certa medida de marketing gerou um novo cliente específico ou um número de novos clientes, conforme o caso."
page 511.txt,142,"
10.3."
page 511.txt,144,"A Storytel também pode divulgar dados pessoais a empresas que tratam dados pessoais em nosso nome, como nossos fornecedores de sistemas de TI, empresas de atendimento ao cliente e afiliados."
page 511.txt,145,"Quando dados pessoais são divulgados a essas empresas que tratam dados em nome da Storytel, a Storytel celebra contratos de tratamento de dados com essas partes para garantir que seja mantido um alto nível de segurança para seus dados pessoais."
page 511.txt,146,"
10.4."
page 511.txt,147,"
Os dados pessoais também podem ser divulgados, se necessário, para cumprir com requisitos legais ou requerimentos de autoridades ou agências reguladoras, para salvaguardar os interesses legais da Storytel, ou para detectar, prevenir ou prestar atenção a fraudes e outras questões técnicas ou de segurança."
page 511.txt,148,"
10.5."
page 511.txt,149,"
Como uma empresa internacional, podemos armazenar os seus dados pessoais no Brasil, na União Europeia (UE), no Espaço Econômico Europeu (EEE) ou em outros locais."
page 511.txt,150,"Quando seus dados pessoais são transferidos entre diferentes países, a transferência é feita para as categorias de destinatários descritas anteriormente e para as finalidades estabelecidas nesta Política de Privacidade."
page 511.txt,151,"
10.6."
page 511.txt,152,"
Se os seus dados pessoais forem transferidos para ou armazenados fora do Brasil, serão tomadas medidas especiais de segurança, por exemplo, asseguraremos que essa transferência seja realizada de acordo com esta Política de Privacidade e conforme permitido pelas leis aplicáveis em matéria de proteção de dados."
page 511.txt,153,"Conforme mencionado, os seus dados pessoais são transferidos para as categorias de destinatários descritas anteriormente e para as finalidades definidas nessa Política de Privacidade."
page 511.txt,154,"
11."
page 511.txt,155,"LINKS PARA SITES EXTERNOS
11.1."
page 511.txt,157,As informações fornecidas pela Storytel podem conter links para sites operados ou pertencentes a alguém que não seja a Storytel.
page 511.txt,158,A Storytel não é responsável pelo tratamento de dados pessoais realizados nesses sites.
page 511.txt,159,A Storytel incentiva Você a se informar sobre as práticas de privacidade dos controladores de tais sites.
page 511.txt,160,"
12."
page 511.txt,161,MUDANÇAS NA POLÍTICA DE PRIVACIDADE
page 511.txt,162,"
12.1."
page 511.txt,163,"
Esta política de privacidade pode ser revista periodicamente."
page 511.txt,164,"Se a Storytel fizer alterações significativas na Política de Privacidade, a Storytel informará Você por e-mail, SMS ou por meio do Serviço antes que as alterações entrem em vigor."
page 511.txt,165,A versão mais recente da nossa Política de Privacidade também será publicada no site da Storytel.
page 511.txt,166,"Se qualquer alteração exigir seu consentimento, a Storytel fará uma solicitação a Você para que forneça esse novo consentimento."
page 511.txt,167,Nós encorajamos Você a rever esta Política de Privacidade frequentemente para se manter informado sobre nossas práticas de tratamento de dados.
page 511.txt,168,"
13."
page 511.txt,169,SEUS DIREITOS SOB
page 511.txt,170,"A LEI BRASILEIRA
13.1."
page 511.txt,172,"Se Você estiver localizado no Brasil, ou se seus dados pessoais estiverem sendo tratados por uma empresa da Storytel no Brasil, Você tem os seguintes direitos (além de retirar o seu consentimento), que podem ser exercidos mediante seu requerimento expresso:"
page 511.txt,173,"
- Direito de acesso:"
page 511.txt,174,"Você tem o direito de perguntar se temos ou não dados pessoais sobre Você e, se for o caso, solicitar informações sobre quais dados pessoais nós temos sobre Você e por que e como nós os tratamos, incluindo informações sobre entidades com as quais realizamos o compartilhamento de seus dados."
page 511.txt,175,"
- Direito à retificação:"
page 511.txt,176,"Nós devemos corrigir dados pessoais inexatos ou desatualizados, bem como preencher dados pessoais que estejam incompletos, mediante solicitação."
page 511.txt,177,"
- Direito de eliminar, bloquear ou anonimizar:"
page 511.txt,178,"Em algumas circunstâncias (incluindo quando o tratamento é baseado no consentimento), nós devemos eliminar, bloquear ou anonimizar seus dados pessoais, mediante a sua solicitação, quando tais dados forem desnecessários, excessivos ou tratados em desconformidade com a lei."
page 511.txt,179,"Nesses casos, só podemos usar os dados pessoais para determinados fins limitados e estabelecidos por lei."
page 511.txt,180,"
- Direito à portabilidade de dados:"
page 511.txt,181,"Sob certas circunstâncias, Você pode ter o direito de receber seus dados pessoais aos quais temos acesso, em um formato estruturado, normalmente usado e legível por máquina e com o direito de transmitir esses dados para outra empresa."
page 511.txt,182,"
- Direito de contestar:"
page 511.txt,183,"Em alguns casos, Você pode se opor ao uso de seus dados pessoais."
page 511.txt,184,"Nesse caso, podemos ser obrigados a parar de usar os dados pessoais."
page 511.txt,185,Um exemplo de quando isso pode ser aplicado é quando os dados pessoais são usados para fins de marketing e de criação de perfil.
page 511.txt,186,"
13.2."
page 511.txt,187,"
Se seus dados pessoais estiverem sendo tratados por uma empresa da Storytel dentro da UE/EEE, Você tem os seguintes direitos (além de retirar o seu consentimento):"
page 511.txt,188,"
- Direito de acesso: Você tem o direito de perguntar se temos ou não dados pessoais sobre Você e, se for o caso, solicitar informações sobre quais dados pessoais nós temos sobre Você e porque e como nós os tratamos."
page 511.txt,189,"
- Direito à retificação: Devemos corrigir dados pessoais imprecisos ou a preencher dados pessoais que estejam incompletos, mediante solicitação."
page 511.txt,190,"
- Direito de apagar (direito de ser esquecido):"
page 511.txt,191,"Em algumas circunstâncias, é necessário apagar seus dados pessoais mediante a sua solicitação."
page 511.txt,192,"
- Direito à restrição de tratamento:"
page 511.txt,193,"Em algumas circunstâncias, é necessário restringir nosso uso de seus dados pessoais, mediante sua solicitação."
page 511.txt,194,"Nesses casos, só podemos usar os dados pessoais para determinados fins limitados e estabelecidos por lei."
page 511.txt,195,"
- Direito à portabilidade de dados:"
page 511.txt,196,"Sob certas circunstâncias, Você pode ter o direito de receber seus dados pessoais aos quais temos acesso, em um formato estruturado, normalmente usado e legível por máquina e com o direito de transmitir esses dados para outra empresa."
page 511.txt,197,"
- Direito de contestar:"
page 511.txt,198,"Em alguns casos, Você pode se opor ao uso de seus dados pessoais."
page 511.txt,199,"Nesse caso, podemos ser obrigados a parar de usar os dados pessoais."
page 511.txt,200,Um exemplo de quando isso pode ser aplicado é quando os dados pessoais são usados para fins de marketing e de criação de perfil.
page 511.txt,201,"
13.3."
page 511.txt,202,"
Observe que alguns dos direitos acima só podem ser exercidos em determinadas situações, por exemplo, o direito à portabilidade de dados, que só se aplica quando o tratamento é realizado com base no cumprimento de contrato ou no consentimento e por meios automatizados e quando houver o direito de eliminar os dados, o que só se aplica quando os dados são tratados com base em um equilíbrio de interesses ou no consentimento."
page 511.txt,203,"Caso tenha alguma dúvida sobre como a Storytel trata seus dados pessoais, caso queira exercer algum dos seus direitos ou caso queira saber mais sobre tais direitos, entre em contato conosco conforme indicado abaixo."
page 511.txt,204,"
- Endereço de e-mail: privacy@storytel.com
- Endereço: Av. Pedroso de Morais, 251, 4º andar - conjunto 41/42, Pinheiros, São Paulo/SP, CEP 05419-000
13.4."
page 511.txt,206,"Se Você não quiser que a Storytel trate seus dados pessoais para marketing direto, Você poderá nos enviar uma notificação."
page 511.txt,207,"Além disso, e para cada boletim informativo (newsletter) enviado a Você, Você será informado de que pode cancelar o recebimento de outros boletins informativos (opt out)."
page 511.txt,208,"No que diz respeito às notificações por push, Você pode (no caso da maioria dos dispositivos móveis e tablets) optar por não receber essas notificações acessando “Configurações” do dispositivo e clicando em “Notificações” e alterando essas configurações para alguns ou todos os aplicativos no seu dispositivo."
page 511.txt,209,"No que diz respeito aos cookies, suas opções de exclusão estão descritas na política de cookies da Storytel."
page 511.txt,210,"
13.5."
page 511.txt,211,"
Você também tem o direito de peticionar a uma autoridade supervisora se considerar que seus dados pessoais foram tratados em contradição com a legislação vigente de proteção de dados."
page 511.txt,212,"Se Você for um residente ou se a alegada violação da legislação de proteção de dados tiver ocorrido no Brasil, Você poderá apresentar a sua reclamação à Autoridade Nacional de Proteção de Dados brasileira."
page 511.txt,213,"
Última revisão em 30 de abril de 2020
Storytel Sweden AB – uma empresa organizada segundo as leis da Suécia"
