Document,Parag_number,Paragraph_Text
page 70.txt,0,TERMOS DE USO E POLÍTICA DE PRIVACIDADE
page 70.txt,2,"Aqui, ética e integridade são coisa séria"
page 70.txt,4,Nós queremos que você tenha uma relação saudável com o seu dinheiro.
page 70.txt,5,"Por isso, apresentamos uma versão simplificada dos nossos Termos de Uso e Política de Privacidade (“Termos”), com linguagem mais acessível e menos “juridiquês”."
page 70.txt,6,"Assim, Você consegue cuidar de sua saúde financeira sem complicação."
page 70.txt,7,"
Por meio destes Termos, o Banco C6 S.A., sociedade anônima, com sede na cidade de São Paulo, Estado de São Paulo, na Avenida Nove de Julho 3.186, Jardim Paulista, inscrito no CNPJ sob o nº 31.872.495/0001-72 (“C6 Bank”) estabelece as condições para a utilização de sua plataforma digital (a “Plataforma”), que poderá ser acessada por seus usuários (“Você”), por meio da Internet."
page 70.txt,8,"
Você compreende que, a fim de atender às suas necessidades e lhe conferir maior segurança, a Plataforma está sujeita a contínuo aprimoramento, do mesmo modo que estes Termos, os quais estarão sempre disponíveis em nossa Plataforma."
page 70.txt,9,"Assim, Você entende ser de sua exclusiva responsabilidade consultar estes Termos de tempos em tempos, a fim de verificar se está de acordo com as suas atualizações."
page 70.txt,10,"
1."
page 70.txt,11,"Aceite dos Termos
1.1."
page 70.txt,12,"Ao acessar a Plataforma, Você deverá ler o conteúdo destes Termos, e se estiver de acordo com as condições apresentadas, manifestar o seu consentimento livre, expresso, informado e inequívoco, por meio da seleção do checkbox correspondente à opção “Li e concordo com os Termos de Uso e Políticas de Privacidade”."
page 70.txt,13,"Tal consentimento poderá ser revogado a qualquer momento, por meio de um de nossos Canais de Atendimento indicados na Cláusula 20 destes Termos, ok?"
page 70.txt,14,"Entretanto, ao revogar o seu consentimento, Você compreende que isto poderá restringir, suspender ou cancelar alguns dos serviços ofertados pelo C6 Bank."
page 70.txt,15,"De todo modo, assim que o C6 Bank receber sua solicitação, seus dados pessoais serão excluídos, exceto caso o armazenamento destes dados decorra de obrigação legal."
page 70.txt,16,"
2."
page 70.txt,17,"Cadastro
2.1 Para realizar o seu cadastro e utilizar as funcionalidades da Plataforma, Você deverá fornecer seus dados cadastrais, como por exemplo: (i) Nome Social; (ii) Email; (iii) CPF; (iv)"
page 70.txt,18,Número de Celular; (v) RG/CNH; (vi) Endereço; (vii) País; (viii)
page 70.txt,19,Renda mensal
page 70.txt,20,"; (ix) Declaração de Pessoa Exposta Politicamente; (x) Sexo; (xi) Estado Civil; (xii) Nome do Cônjuge ou Companheiro, se existente; (xiii) Patrimônio; (xiv) Profissão; (xv) Nome da mãe; (xvi) Data e Local de Nascimento; (xvii) Nacionalidade e (xviii) Selfie (foto de seu próprio rosto) e prova de vida (dados biométricos)."
page 70.txt,21,"
2.2"
page 70.txt,22,Lembre-se que Você é responsável pela veracidade e atualidade dos dados cadastrais informados.
page 70.txt,23,É importante que eles estejam corretos e atualizados para que não ocorram problemas de acesso à Plataforma.
page 70.txt,24,"Quaisquer prejuízos havidos em decorrência da inclusão de informações inverídicas ou desatualizadas, na Plataforma, será de sua única e exclusiva responsabilidade."
page 70.txt,25,"
2.2.1"
page 70.txt,26,"Para garantir a veracidade de suas informações, Você autoriza o C6 Bank a realizar buscas em bureaus públicos e privados para a apuração de eventuais dados pessoais incorretos, e a solicitar dados pessoais e/ou documentos adicionais, se entender pertinente."
page 70.txt,27,"Você compreende que, a depender do resultado de tais consultas, o C6 Bank poderá recusar a abertura da conta ou a contratação de produtos e serviços;"
page 70.txt,28,"e
2.2.2"
page 70.txt,29,"Caso o C6 Bank constate a existência de dados pessoais incorretos, inverídicos e/ou desatualizados, e não seja possível a sua regularização, ou, ainda, caso Você se negue a fornecer eventuais dados pessoais adicionais, se solicitados, o C6 Bank poderá suspender, temporária ou definitivamente, o seu acesso à Plataforma, a seu exclusivo critério, sem prejuízo de outras medidas que entender aplicáveis."
page 70.txt,30,"
2.3 Você também é responsável pela guarda, sigilo e utilização do login e senhas cadastrados, que possuem caráter pessoal e intransferível."
page 70.txt,31,"Deste modo, nunca compartilhe seus dados de acesso com outras pessoas, pois qualquer prejuízo sofrido em decorrência de tal divulgação será de sua responsabilidade."
page 70.txt,33,"2.4 Você poderá, a qualquer momento, excluir sua conta por meio da Plataforma."
page 70.txt,34,"Lembre-se apenas que, para cumprir com obrigações legais, o C6 Bank guardará algumas informações e dados de acordo com a lei aplicável."
page 70.txt,35,"
3."
page 70.txt,36,"Sistema de Informações de Crédito do Banco Central do Brasil (“SCR”)
3.1."
page 70.txt,37,"Ao aceitar estes Termos, em observância à regulamentação expedida pelo Banco Central (“BACEN”), Você autoriza o C6 Bank a:
(i) registrar no SCR quaisquer débitos e responsabilidades decorrentes de seu relacionamento com o C6 Bank; e
(ii) consultar as informações existentes a seu respeito no SCR."
page 70.txt,38,"
3.2."
page 70.txt,39,"Você se declara ciente de que o SCR tem por finalidade fornecer ao BACEN informações para fins de supervisão do risco de crédito a que estão expostas as instituições financeiras, bem como propiciar o intercâmbio de informações entre estas instituições com o objetivo de subsidiar decisões de crédito e de negócios, e a consequente concessão de crédito e/ou oferta de outros produtos e serviços, conforme o caso."
page 70.txt,40,"
3.3."
page 70.txt,41,"Caso Você entenda serem necessárias correções, exclusões e/ou manifestações de discordância com relação às informações constantes no SCR, deverá encaminhar requerimento escrito e fundamentado ou, quando for o caso, a respectiva decisão judicial, à Central de Atendimento ao Público do BACEN (ou à instituição responsável pela remessa de tais informações)."
page 70.txt,42,"
4."
page 70.txt,43,"Consulta de Dados Relacionados a Recebíveis de Cartão
4.1."
page 70.txt,44,"Nos termos da regulamentação aplicável, incluindo a Instrução Normativa BCB nº 63/2021, a Circular BCB nº 3.952/2019 e a Convenção entre Entidades Registradoras aprovada pelo Banco Central do Brasil, o Cliente autoriza expressamente, de forma livre e informada, o C6 Bank a:
(i) consultar as bases de dados mantidas pelo Bacen para obter informações a seu respeito relacionadas (a) ao valor total agregado dos recebíveis de arranjos de pagamento liquidados de forma centralizada, no período de 12 (doze) meses anteriores à data da consulta, em sistema de compensação e de liquidação autorizado a funcionar pelo Bacen, (b) à quantidade de meses em que o valor das liquidações registradas nessa base de dados do Bacen foi igual a zero, e (c) aos arranjos de pagamentos que constituíram o valor calculado no item “a”;
(ii) ter acesso às suas informações relacionadas a agendas de recebíveis mantidas junto aos sistemas de registros mantidos por entidades autorizadas a realizar a atividade de registro de ativos financeiros, incluindo, mas não se limitando à CERC Central de Recebíveis e à Câmara Interbancária de Pagamentos – CIP (“Registradoras”), autorizando assim a consulta, coleta, exame, uso, armazenamento e tratamento dessas informações;"
page 70.txt,45,"e
(iii) enviar toda e qualquer informação necessária às Registradoras, para fins de registro dos recebíveis (constituídos e a constituir), bem como para o registro de toda e qualquer ocorrência a eles relacionada, incluindo troca de titularidade (definitiva ou não), alteração de domicílio bancário para fins de liquidação financeira, bem como constituição de ônus e gravames decorrentes de operações de desconto, antecipação e/ou empréstimo com garantias de tais recebíveis."
page 70.txt,46,"
4.1.1."
page 70.txt,47,"Você concorda e autoriza expressamente, de forma livre e informada, que o C6 Bank compartilhe as informações obtidas nos termos da Cláusula 4.1, itens (i) e (ii) acima com a PayGo"
page 70.txt,48,Administradora de Meios de Pagamento
page 70.txt,49,Ltda.
page 70.txt,50,", inscrita no CNPJ sob o nº 06.167.186/0001-54 (“PayGo”), bem como com o C6 Bank TV1 Fundo de Investimento em Direitos Creditórios Não Padronizados, inscrito no CNPJ sob o nº 29.828.733/0001-09, legalmente representado por sua administradora e custodiante, BRL"
page 70.txt,51,"Trust Distribuidora de Títulos e Valores Mobiliários S.A., inscrita no CNPJ sob o nº 13.486.793/0001-09 (“C6"
page 70.txt,52,Bank
page 70.txt,53,TV1
page 70.txt,54,”
page 70.txt,55,)
page 70.txt,56,.)
page 70.txt,57,"
4.1.2."
page 70.txt,58,"Você está ciente e concorda que a coleta, exame, uso, armazenamento e tratamento das informações mencionadas nos itens (i) e (ii) da Cláusula 4.1 acima, bem como seu compartilhamento, nos termos da Cláusula 4.1.1, serão realizados para: (i) análise de seu risco de crédito; (ii) oferta, pelo C6 Bank, pela PayGo e/ou pelo C6 Bank TV1 ao Cliente, de forma individualizada, personalizada e adequada, considerando seu perfil, hábitos, histórico e necessidades, de produtos e serviços que envolvam recebíveis;"
page 70.txt,59,"(iii) desenvolver, manter e aperfeiçoar os recursos e funcionalidades dos produtos e serviços que envolvam os recebíveis pelo C6 Bank, pela PayGo e/ou pelo C6 Bank TV1; e (v) que o C6 Bank, a PayGo e/ou o C6 Bank TV1 possam melhorar a experiência com relação aos produtos e/ou serviços que envolvam tais recebíveis."
page 70.txt,60,"
4.2."
page 70.txt,61,"Você poderá revogar quaisquer das autorizações desta Cláusula 4 a qualquer momento, por meio dos Canais de Atendimento do C6 Bank, exceto com relação a recebíveis de operações que estejam em vigor."
page 70.txt,62,"Ao revogar uma ou mais das autorizações acima, o Cliente está ciente e concorda que a contratação de produtos e serviços envolvendo recebíveis de cartão poderá ficar prejudicada, de forma que tais produtos e serviços poderão ficar indisponíveis ao Cliente."
page 70.txt,63,"
5."
page 70.txt,64,"Regras para a utilização da plataforma
5.1."
page 70.txt,65,"Ao aceitar estes Termos, Você declara:"
page 70.txt,66,"
5.1.1."
page 70.txt,67,"Ser maior de 18 anos;
5.1.2."
page 70.txt,68,"Ser responsável por quaisquer consequências relacionadas à sua utilização da Plataforma, respondendo, inclusive perante terceiros, por qualquer reivindicação que venha a ser apresentada ao C6 Bank, judicial ou extrajudicialmente;"
page 70.txt,69,"
5.1.3."
page 70.txt,70,"Ser o único responsável pelas operações financeiras que realizar por meio da Plataforma, assumindo todos os riscos a estas relacionados, inclusive em caso de eventual prejuízo advindos de tais operações;"
page 70.txt,71,"
5.1.4."
page 70.txt,72,"Que não utilizará a Plataforma para quaisquer fins ilícitos, devendo ser, sob qualquer circunstância, observada a legislação vigente à época;"
page 70.txt,73,"
5.1.5."
page 70.txt,74,"Ter ciência de que quaisquer informações e/ou ofertas apresentadas por meio da Plataforma poderão ser modificadas a qualquer tempo, pelo C6 Bank, a seu exclusivo critério, sem que nenhuma indenização lhe seja devida em razão disto;"
page 70.txt,75,"
5.1.6."
page 70.txt,76,"Reconhecer que não poderá ser inserido qualquer conteúdo capaz de incorporar elementos nocivos na Plataforma, por quaisquer meios capazes de impedir o seu adequado funcionamento, bem como de prejudicar os sistemas informáticos do C6 Bank ou de terceiros;"
page 70.txt,77,"
5.1.7."
page 70.txt,78,"Entender que, em caso de suspeita de ocorrência de fraude ou de atos ilícitos, seu acesso à Plataforma poderá ser suspenso ou bloqueado a qualquer tempo, sem que nada lhe seja devido em decorrência de tal fato;"
page 70.txt,79,"
5.1.8."
page 70.txt,80,"Estar ciente de que deverá notificar o C6 Bank, imediatamente, pelos Canais de Atendimento indicados na Cláusula 20 destes Termos, sobre qualquer uso não autorizado de seus dados, sua conta ou acesso não autorizado por terceiros; inclusive em caso de perda, furto ou roubo de seu dispositivo eletrônico;"
page 70.txt,81,"
5.1.9."
page 70.txt,82,Compreender que o acesso à Plataforma por meio de conexão em redes wi-fi públicas e desprotegidas oferece risco às informações armazenadas em seu dispositivo móvel.
page 70.txt,83,"Assim, Você declara estar ciente de que deverá assegurar a confiabilidade das redes pelas quais acessará a Plataforma, sendo de sua exclusiva responsabilidade quaisquer danos advindos do uso mediante acesso a redes públicas consideradas inseguras, uma vez que o C6 Bank não possui qualquer ingerência nas medidas de segurança adotadas por tais redes."
page 70.txt,84,"
6."
page 70.txt,85,"Contratação dos serviços
6.1."
page 70.txt,86,"Ao utilizar a Plataforma, Você poderá contratar os serviços e produtos ofertados pelo C6 Bank."
page 70.txt,87,"Independentemente do aceite dos presentes Termos, caso efetue a contratação de serviços e/ou produtos, Você também deverá ler o documento correspondente a tal contratação, assinando-o eletronicamente caso esteja de acordo com suas condições."
page 70.txt,88,"
6.2."
page 70.txt,89,"Você declara, desde já, que a indicação de seu nome de usuário, senha eletrônica, token e/ou seu PIN representam, em conjunto ou separadamente, a sua assinatura eletrônica, e reconhece sua validade para efeitos de contratação."
page 70.txt,90,"
7."
page 70.txt,91,"Solicitação de seu cartão
7.1"
page 70.txt,92,"Ao abrir sua conta junto ao C6 Bank, será possível solicitar a emissão de cartão magnético múltiplo (“Cartão”) que poderá ter as funções débito e/ou crédito habilitada(s)."
page 70.txt,93,Lembre-se que somente será possível a utilização da função crédito se esta for previamente autorizada pelo C6 Bank.
page 70.txt,94,"Caso o crédito não seja aprovado, Você somente poderá utilizar o seu Cartão na função débito."
page 70.txt,95,"Com ele, Você poderá realizar compras em estabelecimentos comerciais, além da retirada de recursos (saques) em terminais de autoatendimento indicados pelo C6 Bank."
page 70.txt,96,"Ao receber seu Cartão, Você deverá conferir os seus dados e, se corretos, desbloquear seu Cartão por meio da Plataforma, mediante inserção do Código de Validação do Cartão (“CVC”)."
page 70.txt,98,"7.2 Você reconhece que deverá comunicar imediatamente o C6 Bank em caso de furto, roubo, extravio, fraude, suspeita de fraude, falsificação ou suspeita de utilização indevida do seu Cartão por terceiros, ou em caso de perda ou roubo de seu aparelho celular, por meio dos Canais de Atendimento ao Cliente indicados ao final deste documento."
page 70.txt,99,"
8."
page 70.txt,100,"C6 Kick Pay
8.1"
page 70.txt,101,"Ao utilizar o C6 KICK PAY para a transferência de valores, Você compreende ser o único responsável pela inserção dos dados do receptor da transferência bancária."
page 70.txt,102,"OU SEJA, VERIFICAR"
page 70.txt,103,O (I) NÚMERO
page 70.txt,104,DE TELEFONE DO DESTINATÁRIO E (II)
page 70.txt,105,O VALOR
page 70.txt,106,A SER TRANSFERIDO
page 70.txt,107,É SUA EXCLUSIVA RESPONSABILIDADE.
page 70.txt,108,"Não se esqueça de que, para transferências acima de R$1.000,00 (mil reais), deverá também ser informado o CPF do destinatário da transação, ok?"
page 70.txt,110,8.2 Você compreende que o número de transferências a serem realizadas por meio do C6 KICK PAY é limitado da seguinte forma:
page 70.txt,111,"
8.2.1"
page 70.txt,112,"Transferências realizadas com a indicação de nº CPF (ou seja, acima de R$1.000,00): 50 (cinquenta)"
page 70.txt,113,"C6 KICKS por dia, limitadas a R$50.000,00 (cinquenta mil reais), desde que os números de CPF indicados nas transações tenham sido validados;"
page 70.txt,114,"e
8.2.2"
page 70.txt,115,Transferências
page 70.txt,116,"realizadas sem a indicação de nº CPF: 20 (vinte) C6 KICKS por dia, limitadas a R$5.000,00 (cinco mil reais) diários."
page 70.txt,117,"
9."
page 70.txt,118,"Assessoria de Investimentos
9.1."
page 70.txt,119,"O C6 Bank pode disponibilizar para clientes selecionados, de acordo com critérios de análise de perfil do C6 Bank, o canal de comunicação Whatsapp C6 Assessoria de Investimentos, através do qual, caso esteja disponível, Você e os assessores do C6 Bank poderão entrar em contato para agendar conversas, marcar reuniões e tirar dúvidas sobre produtos e sugestões de investimentos."
page 70.txt,120,Trata-se de um canal meramente informativo que tem como objetivo facilitar o contato dos clientes com C6 Bank.
page 70.txt,121,"
9.2."
page 70.txt,122,"Ao utilizar este canal para Assessoria de Investimentos, Você compreende ser o único responsável pela qualidade dos dados informados, assim como por quais dados você compartilhará com os assessores do C6 Bank, para que os assessores do C6 Bank possam customizar as recomendações de investimentos e aplicações."
page 70.txt,123,"
9.3."
page 70.txt,124,"Você está ciente que qualquer transação, movimentação de conta corrente ou de investimentos deverá ser feita por Você diretamente pelo aplicativo do C6 Bank, não sendo possível realizar qualquer tipo de movimentação por meio do canal de comunicação com a Assessoria de Investimentos."
page 70.txt,125,"
9.4."
page 70.txt,126,Você poderá se opor ao contato pelos assessores de investimentos do C6
page 70.txt,127,"Bank previstos nesta Cláusula 9 a qualquer momento, por meio dos Canais de Atendimento do C6 Bank, declarando estar ciente que a assessoria em investimentos poderá ficar prejudicada, de forma que os produtos e serviços a ela ligados poderão ficar indisponíveis para Você."
page 70.txt,128,"
10."
page 70.txt,129,"Privacidade
10.1."
page 70.txt,130,Tratamento de Dados Pessoais:
page 70.txt,131,"O C6 Bank coletará e armazenará as informações fornecidas por Você, como indicado no item 2 destes Termos, em conjunto com algumas informações geradas automaticamente, tais como, as características do dispositivo de acesso, do navegador, protocolo de Internet (IP, data, hora, minuto e segundo), log de acesso, informações, aplicativos e telas acessados, dados de geolocalização, cookies, pixel tags, beacons,local shared objects e device fingerprint (identificação para reconhecer um determinado dispositivo móvel)."
page 70.txt,132,"
10.1.1."
page 70.txt,133,"Você compreende que, para a sua identificação e segurança contra fraudes de terceiros mal-intencionados, o C6 Bank coletará dados biométricos, para o que Você, desde já, fornece o seu consentimento específico, bem como para o compartilhamento destes dados pelo C6 Bank com empresas prestadoras de serviços que visem evitar a ocorrência de fraudes."
page 70.txt,134,"
10.1.2."
page 70.txt,135,"Ainda, Você compreende que algumas das funcionalidades fornecidas por meio da Plataforma, como, por exemplo, mas não limitado a, realização de transferências bancárias para contas do C6 Bank e/ou de outras instituições financeiras poderá requerer a inserção de dados de terceiros, pelos quais Você compreende ser o único e exclusivo responsável."
page 70.txt,136,"Ainda, Você também poderá optar, a seu exclusivo critério, por nos conceder acesso à sua lista de contatos, de modo a facilitar a utilização da funcionalidade e o preenchimento de informações, como para a utilização do C6 Kick, por exemplo."
page 70.txt,137,"
10.1.3."
page 70.txt,138,Parcerias.
page 70.txt,139,"Caso Você tenha se identificado como cliente de uma de nossas empresas parceiras, quando da realização de seu cadastro, e tenha interesse em receber ofertas exclusivas sobre serviços e produtos desenvolvidos pelo C6 Bank e seus parceiros, Você autoriza o C6 Bank a acessar dados e/ou informações relacionadas a seu perfil de consumo de produtos e/ou serviços de nossos parceiros, para fins de análise de crédito, prevenção à fraudes, prevenção à lavagem de dinheiro e/ou ofertas de produtos e serviços exclusivos para Você."
page 70.txt,140,"
10.1.4."
page 70.txt,141,Parcerias.
page 70.txt,142,"Caso Você seja cliente de uma de nossas empresas parceiras, você está ciente de que o C6 Bank poderá acessar dados ou informações relacionadas ao seu perfil de consumo de produtos e/ou serviços de nossos parceiros, para fins de proteção ou análise de crédito, prevenção à fraudes, prevenção à lavagem de dinheiro e/ou envio de ofertas de produtos e serviços exclusivos para Você."
page 70.txt,143,"Da mesma forma, você também está ciente de que o C6 poderá compartilhar seus dados cadastrais, com esses parceiros, para atingir as finalidades aqui descritas."
page 70.txt,144,"
10.2."
page 70.txt,145,Finalidades.
page 70.txt,146,"Os dados fornecidos por Você serão utilizados pelo C6 Bank para as seguintes finalidades:
(i) gerenciar e administrar suas contas, apólices, investimentos, benefícios, financiamentos, crédito, meios de pagamento ou quaisquer outros produtos e serviços que o C6 Bank ou nossos parceiros possamos fornecer a você;
(ii) processar pagamentos que são pagos a Você ou por Você, independentemente do meio pelos quais tais pagamentos possam ser efetuados e processados;
(iii) desenvolver, manter e aperfeiçoar os recursos e funcionalidades da Plataforma;
(iv) possibilitar o acesso e o uso dos recursos e funcionalidades da Plataforma;
(v) viabilizar a análise de crédito a ser eventualmente ofertado;
(vi) garantir a prevenção à fraude;
(vii) assegurar a prevenção à lavagem de dinheiro;
(viii) analisar o desempenho da Plataforma, medir a audiência, verificar os seus hábitos de navegação, a forma pela qual chegou na página (por exemplo, através de links de outros sites, buscadores ou diretamente pelo endereço), avaliar estatísticas relacionadas ao número de acessos e uso do site e/ou aplicativo do C6 Bank, seus recursos e funcionalidades;
(ix) realizar análises relacionadas à segurança da Plataforma, aperfeiçoamento e desenvolvimento de ferramentas antifraude;
(x) para que o C6 Bank possa gerir sua conta átomos e operacionalizar o resgate e troca dos pontos por produtos e/ou serviços disponíveis no catálogo átomos, bem como para fins de transferência dos seus pontos para programas de recompensas de parceiros;
(xi) permitir o fornecimento de serviços mais personalizados e adequados às suas necessidades, tais como páginas de perfil, atualizações, conteúdos e anúncios relevantes;
(xii) permitir o envio de ofertas e descontos de produtos e/ou serviços originados de parcerias celebradas pelo C6 Bank, que sejam de seu interesse; e
(xiii) permitir a comunicação entre Você e o C6 Bank, inclusive mediante o envio e recebimento de e-mails, contatos telefônicos e/ou envio de mensagens pela Plataforma e pelas redes sociais."
page 70.txt,147,"
10.2.1."
page 70.txt,148,"O C6 Bank preserva a sua privacidade e não compartilhará seus dados e informações com terceiros salvo mediante seu consentimento, por força de lei ou ordem judicial, e nas hipóteses previstas na Cláusula 10.5 destes Termos."
page 70.txt,149,"
10.3."
page 70.txt,150,Cookies.
page 70.txt,151,"Os cookies são pequenos arquivos que podem ou não ser adicionados no seu dispositivo eletrônico, e que permitem armazenar e reconhecer dados de sua navegação."
page 70.txt,152,"Em sua navegação na Plataforma, poderão ser utilizados 04 (quatro) tipos de cookies:"
page 70.txt,153,"
a. Cookies de Autenticação: reconhecem um determinado usuário, possibilitando o acesso e utilização da Plataforma com conteúdo e/ou serviços restritos, proporcionando experiências de navegação mais personalizadas."
page 70.txt,154,"
b. Cookies de Segurança: ativam recursos de segurança da Plataforma para ajudar no monitoramento e/ou detecção de atividades maliciosas ou vedadas por estes Termos, e para proteger as informações do usuário do acesso por terceiros não autorizados."
page 70.txt,156,"c. Cookies de Pesquisa, Análise e Desempenho: ajudam a entender o desempenho da Plataforma, medir a audiência, verificar seus hábitos de navegação, bem como a forma pela qual chegou na página da Plataforma (por exemplo, através de links de outros sites, buscadores ou diretamente pelo endereço)."
page 70.txt,157,"
d. Cookies de Propaganda: apresentam publicidade relevante a seus interesses, dentro e fora da Plataforma ou em sites de parceiros."
page 70.txt,158,É usado também bem para saber se os usuários que visualizaram a publicidade visitaram a Plataforma.
page 70.txt,159,"Podem ser utilizados, ainda, para lembrar eventuais pesquisas realizadas pelos usuários, com base em pesquisas anteriores, e apresentar aos Usuários anúncios relacionados a seus interesses."
page 70.txt,160,"
10.3.1.Você poderá desabilitar determinados cookies por meio das opções de configuração do seu respectivo navegador (com exceção dos cookies destinados a garantir sua segurança)."
page 70.txt,161,"Contudo, ao fazê-lo, Você está ciente de que é possível que a Plataforma não desempenhe todas as suas funcionalidades."
page 70.txt,162,"
10.4."
page 70.txt,163,Medidas de Segurança.
page 70.txt,164,"Você compreende que todos os dados pessoais coletados por meio da Plataforma serão armazenados em servidores próprios ou de terceiros, e são considerados confidenciais pelo C6 Bank, que se compromete a adotar todos os esforços razoáveis de mercado para preservar a segurança de seus dados, entre eles a observância das seguintes diretrizes:"
page 70.txt,165,"
a)"
page 70.txt,166,Utilização de métodos padrões de mercado para criptografar os dados coletados para garantir sua inviolabilidade;
page 70.txt,167,"
b)"
page 70.txt,168,"Emprego de softwares de alta tecnologia para proteção contra o acesso não autorizado aos sistemas, sendo estes considerados ambientes controlados e de segurança;"
page 70.txt,169,"
c)"
page 70.txt,170,"Disponibilização de acesso a locais de armazenamento de dados pessoais apenas a pessoas previamente autorizadas, comprometidas ao sigilo de tais dados, inclusive mediante a assinatura de termo de confidencialidade;
d)"
page 70.txt,171,"Aplicação de mecanismos de autenticação de acesso aos registros capazes de individualizar o responsável pelo tratamento e acesso dos dados coletados em decorrência da utilização da Plataforma; e,
e) Manutenção de inventário indicando momento, duração, identidade do funcionário ou do responsável pelo acesso e o arquivo objeto, com base nos registros de conexão e de acesso a aplicações, conforme determinado no artigo 13 do Decreto nº 8.771/2016."
page 70.txt,172,"
10.5."
page 70.txt,173,Compartilhamento de Dados Pessoais.
page 70.txt,174,"Você autoriza o C6 Bank a compartilhar os dados coletados por meio da Plataforma, desde que necessários para sua respectiva finalidade, adotando sempre as medidas de segurança necessárias, com empresas sediadas no Brasil ou em território internacional, nos seguintes casos:"
page 70.txt,175,"
a)"
page 70.txt,176,"Se necessário para a prestação dos serviços e produtos ofertados pelo C6 Bank, inclusive aqueles que Você tenha contratado e forem prestados em conjunto com o C6 Bank ou de forma independente pelos nossos Parceiros;
b) Para a sua segurança, visando assegurar a prevenção à fraude nos processos de realização de cadastro ou de transações na Plataforma, com fornecedores especializados em garantir a autenticidade destas transações e/ou instituições financeiras;"
page 70.txt,177,"
c) Para a proteção dos interesses do C6 Bank em caso de conflito, inclusive em demandas judiciais;"
page 70.txt,178,"
d)"
page 70.txt,179,"Em caso de transações e alterações societárias envolvendo o C6 Bank, hipótese em que a transferência dos dados será necessária para a continuidade dos serviços ofertados;
e)"
page 70.txt,180,"Com fornecedores e instituições integrantes do conglomerado financeiro do C6 Bank, para fins publicitários, estatísticos e para a prestação dos serviços relacionados às funcionalidades da Plataforma;
f)"
page 70.txt,181,"Mediante ordem judicial ou por requerimento de autoridades administrativas que detenham competência legal para sua requisição;
g)"
page 70.txt,182,"Com fornecedores responsáveis pela análise da qualidade da prestação dos serviços e produtos ofertados por meio da Plataforma; e/ou
h)"
page 70.txt,183,"Desde que Você seja cliente dos nossos parceiros, para a realização de consultas a fim de lhe disponibilizar ofertas de produtos e serviços exclusivos destinados aos clientes em comum com os parceiros do C6 Bank."
page 70.txt,184,"
10.6."
page 70.txt,185,Exclusão dos Dados Pessoais.
page 70.txt,186,O C6 Bank poderá excluir suas informações quando: (i) a finalidade para a qual a informação foi coletada tenha sido alcançada ou quando os dados deixarem de ser necessários para o alcance desta finalidade; (ii) quando da revogação do consentimento fornecido por Você ou (iii) mediante determinação de autoridade competente para tanto.
page 70.txt,187,"
10.6.1."
page 70.txt,188,"Você também poderá requerer a exclusão dos seus dados coletados entrando em contato com o C6 Bank, por meio de um de nossos Canais de Atendimento indicados na Cláusula 20 destes Termos, informando o seu pedido."
page 70.txt,189,"O C6 Bank empreenderá todos os esforços para atender os seus pedidos, no menor intervalo de tempo possível."
page 70.txt,190,"
10.6.2."
page 70.txt,191,"Você também compreende que a exclusão de determinados dados poderá impossibilitar a disponibilização de certas funcionalidades, por meio da Plataforma, em decorrência de seu aspecto operacional, sem que qualquer indenização lhe seja devida pelo C6 Bank em razão disto."
page 70.txt,192,"O C6 Bank reserva para si o direito de manter armazenados todos os dados necessários ao cumprimento da legislação brasileira vigente, mesmo em caso de requisição de sua exclusão."
page 70.txt,193,"
11."
page 70.txt,194,"Direitos do usuário em relação ao tratamento de dados pessoais
11.1."
page 70.txt,195,Você poderá requerer ao C6 Bank:
page 70.txt,196,"
a."
page 70.txt,197,A confirmação da existência de tratamento de seus dados pessoais e o acesso aos seus dados coletados por meio da Plataforma;
page 70.txt,198,"
b."
page 70.txt,199,"A correção de seus dados, caso estes estejam incompletos, inexatos ou desatualizados;"
page 70.txt,200,"
c."
page 70.txt,201,"O bloqueio ou eliminação de dados desnecessários, excessivos ou tratados em desconformidade com a legislação brasileira aplicável;"
page 70.txt,202,"
d."
page 70.txt,203,"A portabilidade de seus dados pessoais, para si ou para terceiro;"
page 70.txt,204,"
e."
page 70.txt,205,"A eliminação dos dados pessoais tratados com o seu consentimento, desde que não haja determinação legal para mantê-los registrados junto ao C6 Bank;
f."
page 70.txt,206,"A obtenção de informações sobre entidades públicas ou privadas com as quais o C6 Bank compartilhou seus dados; e,
g. Informações sobre a possibilidade de não fornecer o seu consentimento, bem como de ser informado sobre suas consequências, em caso de negativa."
page 70.txt,207,"
11.2."
page 70.txt,208,"Nesse sentido, para que Você possa exercer seus direitos, basta que entre em contato conosco por meio de um de nossos Canais de Atendimento indicados na Cláusula 20 destes Termos, apontando suas dúvidas e/ou requerimentos relacionados a seus dados pessoais, sendo certo que o C6 Bank empregará os melhores esforços para atendê-lo no menor tempo possível."
page 70.txt,209,"
12."
page 70.txt,210,"Links de terceiros
12.1."
page 70.txt,211,A Plataforma poderá conter links para website(s) de terceiros.
page 70.txt,212,"Você está ciente e concorda que a existência destes links não representa um endosso ou patrocínio a sites terceiros e reconhece estar sujeito aos termos de uso e políticas de privacidade de empresas terceiras, os quais deverão ser verificados por Você."
page 70.txt,213,"
13."
page 70.txt,214,Isenções de responsabilidade
page 70.txt,215,"
13.1."
page 70.txt,216,"O C6 Bank não será responsável:
13.1.1."
page 70.txt,217,"Por quaisquer indisponibilidades, erros e/ou falhas a Plataforma;
13.1.2."
page 70.txt,218,"Por eventuais erros e/ou inconsistências na transmissão de dados da rede, bem como relacionados à qualidade ou disponibilidade da conexão de internet capazes de obstar o adequado recebimento de informações pelo C6 Bank ou por Você;"
page 70.txt,219,"
13.1.3."
page 70.txt,220,"Por dados desatualizados, incompletos e/ou inverídicos eventualmente apresentados por meio da Plataforma;
13.1.4."
page 70.txt,221,"Por eventuais danos resultantes do uso da Plataforma em desacordo com estes Termos;
13.1.5."
page 70.txt,222,"Por qualquer desvalorização que possa vir a ocorrer em qualquer transação/aplicação realizada por Você, bem como qualquer prejuízo que venha a suportar por essa razão;"
page 70.txt,223,"
13.1.6."
page 70.txt,224,"Pelos danos e prejuízos de toda natureza decorrentes do conhecimento que terceiros não autorizados possam ter a dados disponibilizados por meio da Plataforma, em decorrência de falha exclusivamente relacionada a Você ou a terceiros que fujam ao controle razoável do C6 Bank;"
page 70.txt,225,"e/ou
13.1.7."
page 70.txt,226,"Pela presença de vírus ou demais elementos nocivos na Plataforma, capazes de causar alterações em seus sistemas informáticos (software e hardware) ou em documentos eletrônicos armazenados em seus sistemas informáticos."
page 70.txt,227,"
14."
page 70.txt,228,Sanções
page 70.txt,230,14.1.
page 70.txt,231,"Sem prejuízo de outras medidas cabíveis, Você compreende que o C6 Bank poderá, a seu exclusivo critério, suspender seu acesso à Plataforma, temporária ou definitivamente, se:
14.1.1."
page 70.txt,232,Você descumprir as disposições constantes nestes Termos;
page 70.txt,233,"
14.1.2."
page 70.txt,234,Existirem suspeitas de que Você pratica ou praticou atos fraudulentos ou ilegais;
page 70.txt,235,"o que poderá motivar a exclusão de todas os seus dados inseridos na Plataforma, sem qualquer tipo de indenização ou compensação por conta disso;"
page 70.txt,236,"e
14.1.3."
page 70.txt,237,"Caso não seja possível a verificação de sua identidade, ou se os dados e informações fornecidos por Você estiverem incorretos."
page 70.txt,238,"
15."
page 70.txt,239,"Propriedade intelectual
15.1."
page 70.txt,240,"Você compreende que cada um dos textos, imagens, fotografias, projetos, dados, vídeos, ilustrações, ícones, tecnologias, links e demais conteúdos audiovisuais ou sonoros, incluindo o software da Plataforma, desenhos gráficos e/ou códigos fonte, dentre outros, são de propriedade exclusiva do C6 Bank ou de terceiro que tenha autorizado sua utilização na Plataforma, estando protegidos pelas leis e tratados internacionais, sendo vedada sua cópia, reprodução, ou qualquer outro tipo de utilização, ficando os infratores sujeitos às sanções civis e criminais correspondentes, nos termos das Leis 9.279/96, 9.609/98, 9.610/98."
page 70.txt,241,"
15.1.1."
page 70.txt,242,"As marcas, nomes comerciais ou logotipos de qualquer espécie apresentados por meio da Plataforma são de propriedade do C6 Bank ou de terceiro que tenha permitido o seu uso, de modo que a utilização da Plataforma não importa em autorização para que Você possa citar tais marcas, nomes comerciais e logotipos."
page 70.txt,243,"
15.1.2."
page 70.txt,244,"Caso Você identifique a violação de direitos relativos à propriedade intelectual, poderá enviar uma denúncia por meio de um de nossos Canais de Atendimento indicados na Cláusula 20 destes Termos, para que o C6 Bank averigue a situação indicada, e adote as medidas necessárias para a apuração e resolução de eventual irregularidade
16."
page 70.txt,245,"Duração ou finalização do acesso
16.1."
page 70.txt,246,"A Plataforma será disponibilizada por prazo indeterminado, sendo reservado ao C6"
page 70.txt,247,Bank
page 70.txt,248,"o direito de modificar, suspender ou descontinuar o acesso à Plataforma, a qualquer tempo, mediante aviso prévio para adoção das medidas cabíveis."
page 70.txt,249,"
17."
page 70.txt,250,"Cadastro positivo
17.1."
page 70.txt,251,"De acordo com a Lei Complementar nº 166/2019, o C6 Bank possui como obrigação fornecer dados financeiros e de pagamentos relativos a operações de crédito e obrigações de pagamento adimplidas ou em andamento a gestores de bancos de dados para formação de histórico de crédito."
page 70.txt,252,"Entretanto, Você pode requerer a exclusão de seu cadastro por meio de nossos Canais de Atendimento, indicados na Cláusula 20 destes Termos, caso entenda pertinente."
page 70.txt,253,"
17.2.POR MEIO DO ACEITE"
page 70.txt,254,"AOS PRESENTES TERMOS, VOCÊ AUTORIZA"
page 70.txt,255,OS GESTORES DE BANCO DE DADOS DE QUE TRATA
page 70.txt,256,"A LEI Nº 12.414/2011, A DISPONIBILIZAREM AO C6 BANK"
page 70.txt,257,"O SEU HISTÓRICO DE CRÉDITO, O QUAL ABRANGERÁ"
page 70.txt,258,OS DADOS FINANCEIROS E DE PAGAMENTOS
page 70.txt,259,RELATIVOS
page 70.txt,260,ÀS OPERAÇÕES DE CRÉDITO E OBRIGAÇÕES DE
page 70.txt,261,PAGAMENTO
page 70.txt,262,ADIMPLIDAS
page 70.txt,263,EM SEUS RESPECTIVOS VENCIMENTOS E AQUELAS
page 70.txt,264,"A VENCER, COM"
page 70.txt,265,A FINALIDADE ÚNICA E EXCLUSIVA DE SUBSIDIAR
page 70.txt,266,"A ANÁLISE E A EVENTUAL CONCESSÃO DE CRÉDITO, A VENDA"
page 70.txt,267,A PRAZO
page 70.txt,268,OU OUTRAS TRANSAÇÕES COMERCIAIS
page 70.txt,269,E EMPRESARIAIS
page 70.txt,270,QUE IMPLIQUEM RISCO
page 70.txt,271,FINANCEIRO.
page 70.txt,272,VOCÊ SE DECLARA
page 70.txt,273,CIENTE DE
page 70.txt,274,QUE
page 70.txt,275,ESTA AUTORIZAÇÃO TEM
page 70.txt,276,"VALIDADE POR TEMPO INDETERMINADO, LIMITADO AO PERÍODO DE DURAÇÃO DO RELACIONAMENTO CONTRATUAL"
page 70.txt,277,ESTABELECIDO ENTRE VOCÊ
page 70.txt,278,E O C6 BANK.
page 70.txt,279,VOCÊ AINDA SE DECLARA
page 70.txt,280,"CIENTE DE QUE PODERÁ REVOGAR, A QUALQUER TEMPO, ESTA AUTORIZAÇÃO, PERANTE"
page 70.txt,281,O GESTOR
page 70.txt,282,DE
page 70.txt,283,"BANCO DE DADOS, BEM"
page 70.txt,284,COMO
page 70.txt,285,SOLICITAR
page 70.txt,286,AO C6 BANK
page 70.txt,287,A REVISÃO DE DECISÃO
page 70.txt,288,"REALIZADA EXCLUSIVAMENTE POR MEIOS AUTOMATIZADOS, POR MEIO DOS CANAIS DE"
page 70.txt,289,ATENDIMENTO
page 70.txt,290,INDICADOS
page 70.txt,291,NA CLÁUSULA 20
page 70.txt,292,DESTES TERMOS.
page 70.txt,293,"
18."
page 70.txt,294,Disposições gerais
page 70.txt,295,"
18.1."
page 70.txt,296,"Comunicações: Todas as comunicações encaminhadas por Você ao C6 Bank serão consideradas plenamente válidas quando realizadas por meio dos Canais de Atendimento ao Cliente, indicados na Cláusula 20 deste documento."
page 70.txt,297,"Por outro lado, todas as comunicações enviadas pelo C6 Bank a Você serão consideradas válidas quando realizadas por meio de qualquer das suas informações de contato disponibilizadas, na Plataforma."
page 70.txt,298,ATENÇÃO!
page 70.txt,299,"Em qualquer hipótese de recebimento de e-mails encaminhados pelo C6 Bank, especialmente os que se destinam a solicitar dados ou o pagamento de contas, Você deverá analisar atentamente o emissor de tal mensagem a fim de evitar condutas fraudulentas!"
page 70.txt,300,"Caso suspeite da mensagem encaminhada, Você deverá entrar em contato com o C6 Bank por meio dos Canais de Atendimento."
page 70.txt,301,"
18.2."
page 70.txt,302,Declaração de Nulidade.
page 70.txt,303,"Qualquer cláusula ou condição destes Termos que, por qualquer razão, venha a ser reputada nula ou ineficaz por qualquer juízo ou tribunal, não afetará a validade das demais disposições destes Termos, as quais permanecerão plenamente válidas, gerando efeitos em sua integral extensão."
page 70.txt,304,"
18.3."
page 70.txt,305,Tolerância.
page 70.txt,306,"A falha do C6 Bank em exigir quaisquer direitos ou disposições dos presentes Termos não constituirá renúncia, podendo este exercer regularmente o seu direito, dentro dos prazos legais."
page 70.txt,307,"
19."
page 70.txt,308,"Legislação e Foro
19.1."
page 70.txt,309,Estes Termos são regidos de acordo com a legislação brasileira.
page 70.txt,310,"Fica eleito o Foro do domicílio do Usuário para dirimir quaisquer dúvidas, questões ou litígios decorrentes dos presentes Termos, renunciando as partes a qualquer outro, por mais privilegiado que seja."
page 70.txt,311,"
20."
page 70.txt,312,Canais de Atendimento
page 70.txt,313,"
20.1."
page 70.txt,314,"Consultas, sugestões, reclamações, críticas e elogios, fale com a Central de Atendimento: (i) por telefone, em 3003-6116 (capitais e regiões metropolitanas) e 0800 660 6116 (para demais regiões), de segunda a sexta-feira, das 8h às 19h (exceto feriados), (ii) pelo e-mail faleconosco@c6bank.com.br e (iii) chat disponível para clientes no Aplicativo C6, 24 horas, 7 dias na semana."
page 70.txt,315,"Se necessário, utilize o SAC, pelo telefone 0800 660 0060, 24 horas, 7 dias por semana."
page 70.txt,316,"O atendimento a clientes no exterior será realizado pelo chat no Aplicativo C6, pelo e-mail faleconosco@c6bank.com.br ou pelo telefone, por meio de chamadas a cobrar para 3003-6116."
page 70.txt,317,"O atendimento a portadores de necessidades especiais de fala e auditiva será realizado por meio de chat no Aplicativo C6, disponível 24 horas, 7 dias por semana."
page 70.txt,318,O atendimento pelo Canal de WhatsApp do C6 Bank destina-se exclusivamente aos clientes mencionados na Cláusula 9.
page 70.txt,319,"Caso não fique satisfeito com a solução apresentada, contate a Ouvidoria em 0800 660 6060 ou pelo e-mail ouvidoria@c6bank.com.br, das 9h às 18h (exceto feriados)."
page 70.txt,320,"Para reportar qualquer atitude suspeita ou desvios de conduta de nossos colaboradores, parceiros e clientes, Você pode utilizar o canal https://transparencia.c6bank.com."
