Document,Parag_number,Paragraph_Text
page 237.txt,0,"Política de Privacidade do App “Comidinhas da Diana” por Fer Fontoura
"
page 237.txt,1,Essa política de privacidade foi redigida para servir àqueles usuários do app “Comidinhas da Diana” por Fer Fontoura que têm preocupação com a coleta de informações que possam identificar uma pessoa.
page 237.txt,2,"Tais informações, de acordo com as leis nacionais e internacionais, são informações que podem ser usadas por si só, ou em conjunto com outras informações, para identificar, contatar, ou localizar uma pessoa, ou identificar um indivíduo dentro de um contexto."
page 237.txt,3,"
Por favor leia atentamente nossa política de privacidade, para o app “Comidinhas da Diana” por Fer Fontoura, para obter entendimento claro de quais informações são coletadas, como coletamos, usamos e protegemos estas informações em nosso aplicativo e serviços associados."
page 237.txt,5,Quais informações pessoais nós coletamos dos usuários do nosso app?
page 237.txt,7,"Não coletamos nenhuma informação pessoal dos usuários do nosso app, nem mesmo informações que possam identificar uma pessoa."
page 237.txt,8,"Coletamos porém algumas métricas de uso, como as telas mais visitadas ou informações de erro no aplicativo."
page 237.txt,9,"De qualquer forma, essas informações não podem ser ligadas a qualquer usuário individualmente."
page 237.txt,10,"O intuito da coleta dessas informações é entender o uso do aplicativo por parte de todos os usuários, e focar em fornecer melhorias e uma maior e melhor quantidade de conteúdo nas áreas mais populares."
page 237.txt,11,O segundo intuito é identificar problemas o mais rapidamente possível de tal forma que as soluções para tais problemas sejam disponibilizadas rápida e eficazmente.
page 237.txt,12,"
Quando coletamos informação?"
page 237.txt,13,"
Sempre que uma tela é aberta, informações anônimas de que certa tela foi aberta é coletada para posterior análise."
page 237.txt,14,Também coletamos informações somente quando o app termina abruptamente para que possamos identificar o problema e corrigi-lo.
page 237.txt,15,"
Como usamos as informações coletadas?"
page 237.txt,16,"
Nós podemos usar as informações coletadas durante a navegação do app ou em terminações abruptas, das seguintes formas:"
page 237.txt,17,"
Como protegemos as informações coletadas?"
page 237.txt,19,"As informações coletadas são armazenadas em sistemas seguros e é somente acessível por um conjunto reduzido de pessoas com acesso especial a tais sistemas, pessoas que são exigidas em manter tais informações confidenciais."
page 237.txt,20,Toda a informação é enviada para nossos sistemas por meio de um canal de comunicação seguro.
page 237.txt,22,Disponibilização das informações coletadas para terceiros
page 237.txt,23,"
Nós não vendemos, comercializamos ou transferimos as informações coletadas para quaisquer terceiros."
page 237.txt,24,"
Links para terceiros"
page 237.txt,25,"
Nós não incluímos ou ofertamos produtos de terceiros no app, mas podemos fazê-lo no futuro."
page 237.txt,27,"Anúncios
"
page 237.txt,28,"Nós não ofertamos anúncios ou material publicitário dentro do app, mas podemos fazê-lo no futuro."
page 237.txt,30,"Formas de contato
Se houverem quaisquer dúvidas a respeito dessa política de privacidade, você pode nos contatar usando o e-mail comercial@wavimovi.com.br."
page 237.txt,32,Editado pela última vez em 06/12/2017.
