Document,Parag_number,Paragraph_Text
page 60.txt,0,"Política de Privacidade Twitter
Acreditamos que você sempre deve saber quais dados coletamos de você e como os usamos, e que você deve ter um controle significativo sobre isso."
page 60.txt,1,Queremos capacitá-lo para tomar as melhores decisões sobre as informações que você compartilha conosco.
page 60.txt,2,"
Esse é o objetivo desta Política de Privacidade."
page 60.txt,3,"
goglobalwithtwitterbanner"
page 60.txt,5,O Twitter é público e os Tweets são imediatamente visíveis e pesquisáveis por qualquer pessoa em todo o mundo.
page 60.txt,6,"Também oferecemos a você maneiras não públicas de se comunicar no Twitter, por meio de Tweets protegidos e Mensagens Diretas."
page 60.txt,7,Você também pode usar o Twitter sob um pseudônimo se preferir não usar seu nome.
page 60.txt,8,"
Quando você usar o Twitter, mesmo que esteja somente olhando Tweets, recebemos algumas informações pessoais de você, como o tipo de dispositivo que você está usando e o seu endereço IP."
page 60.txt,9,"Você pode optar por compartilhar informações adicionais conosco, como seu endereço de e-mail, número de telefone, contatos do catálogo de endereços e um perfil público."
page 60.txt,10,"Usamos essas informações para coisas como manter sua conta segura e mostrar a você Tweets mais relevantes, pessoas para seguir, eventos e anúncios."
page 60.txt,11,"
Fornecemos controle a você por meio de suas configurações para limitar os dados que coletamos de você e como os usamos, além de controlar itens como segurança da conta, preferências de marketing, aplicativos que podem acessar sua conta e contatos do catálogo de endereços que você subiu no Twitter."
page 60.txt,12,Você também pode fazer o download das informações que você compartilhou no Twitter.
page 60.txt,14,"Além das informações que você compartilha conosco, usamos seus Tweets, o conteúdo que você leu, Curtiu ou fez um Retweet, e outras informações para determinar em quais tópicos você está interessado, sua idade, os idiomas que você fala e outros sinais para mostrar conteúdo mais relevante para você."
page 60.txt,15,"Nós oferecemos transparência nessas informações, e você pode modificá-las ou corrigi-las a qualquer momento."
page 60.txt,17,"Se você tiver dúvidas sobre esta política, sobre como coletamos ou processamos seus dados pessoais ou sobre qualquer outra coisa relacionada a nossas práticas de privacidade, gostaríamos de saber a sua opinião."
page 60.txt,18,Você pode entrar em contato conosco a qualquer momento.
page 60.txt,19,"
Nós requeremos determinadas informações para fornecer nossos serviços para você."
page 60.txt,20,"Por exemplo, você precisa ter uma conta para subir ou compartilhar conteúdo no Twitter."
page 60.txt,21,"Quando você optar por compartilhar as informações abaixo conosco, nós as coletaremos e usaremos para operar nossos serviços."
page 60.txt,22,"
- Informações Básicas da Conta
- Informações Públicas
- Informações de Contato e Catálogos de Endereços
- Mensagens Diretas e Comunicações Não Públicas
- Informações de Pagamento
- Como Você Controla as Informações que Você Compartilhar Conosco
1.1
Informações Básicas da Conta
"
page 60.txt,23,"Você não precisa criar uma conta para usar alguns dos recursos dos nossos serviços, como buscar e visualizar perfis públicos de usuários do Twitter ou assistir a uma transmissão no site do Periscope."
page 60.txt,24,"Se você optar por criar uma conta, você precisa nos fornecer alguns dados pessoais para que possamos fornecer nossos serviços a você."
page 60.txt,25,"No Twitter, isso inclui um nome de exibição (por exemplo, “Momentos Twitter”), um nome de usuário (por exemplo, @MomentosTwitter), uma senha e um endereço de e-mail ou número de telefone."
page 60.txt,26,"Seu nome de exibição e nome de usuário são sempre públicos, mas você pode usar seu nome real ou um pseudônimo."
page 60.txt,27,"Você também pode criar e gerenciar múltiplas contas no Twitter1, por exemplo, para expressar diferentes partes de sua identidade."
page 60.txt,29,"pageReference: /content/twitter-com/legal/pt/privacy/chapter-1/chapter-1-1
Content:
"
page 60.txt,30,"Seus vários lados
"
page 60.txt,31,Deixe a sua imaginação correr solta.
page 60.txt,32,Explore seus interesses com várias identidades diferentes.
page 60.txt,33,"
1.2
Informações Públicas
"
page 60.txt,34,"A maioria das atividades no Twitter é pública, inclusive suas informações de perfil2, seu fuso-horário e idioma, quando você criou a sua conta e seus Tweets e determinadas informações sobre seus Tweets como a data, horário, aplicativo e versão do Twitter onde você fez o Tweet."
page 60.txt,35,Você também pode optar por publicar a sua localização nos seus Tweets e no seu perfil no Twitter.
page 60.txt,36,"As listas que você criar, as pessoas que você seguir e quem seguir você, e Tweets que você Curtiu ou fez um Retweet também são públicos."
page 60.txt,37,"Se você gostar, compartilhar, responder ou se envolver publicamente com um anúncio em nossos serviços, esse anunciante poderá, assim, aprender informações sobre você associadas ao anúncio com o qual você se envolveu, como características do público-alvo que o anúncio deveria atingir."
page 60.txt,38,"As transmissões do Periscope que você criar, clicar ou interagir no Periscope ou no Twitter são públicas quando você realizar essas ações."
page 60.txt,39,"Seus corações, comentários, o número de corações que você recebeu, as contas das quais você é um Superfan, e se você assistiu a uma transmissão ao vivo ou em replay, também são públicos."
page 60.txt,40,"Quaisquer corações, comentários ou outro conteúdo que você contribuir para a transmissão de outra conta permanecerão sendo parte daquela transmissão enquanto ela permanecer no Periscope."
page 60.txt,41,Informações publicadas sobre você por outras pessoas que usam nossos serviços também podem ser públicas.
page 60.txt,42,"Por exemplo, outras pessoas podem marcá-lo em uma foto3 (se suas configurações permitirem) ou mencioná-lo em um Tweet."
page 60.txt,44,"Você é responsável por seus Tweets e por outras informações que você fornecer por meio de nossos serviços e deve pensar cuidadosamente sobre o que tornar público, especialmente se forem informações sensíveis."
page 60.txt,45,"Se você atualizar suas informações públicas no Twitter, excluindo um Tweet ou desativando a sua conta, nós refletiremos seu conteúdo atualizado no Twitter.com, no Twitter para iOS e no Twitter para Android."
page 60.txt,46,"
Ao compartilhar publicamente um conteúdo através de um Tweet, você está nos instruindo a divulgar essas informações da maneira mais ampla possível, inclusive por meio de nossas APIs, e direcionando àqueles que acessam as informações por meio de nossas APIs a fazer o mesmo."
page 60.txt,47,"Para facilitar a rápida disseminação global de Tweets para pessoas em todo o mundo, usamos tecnologias como interfaces de programação de aplicativos (APIs) e incorporamos para disponibilizar algumas dessas informações para sites, aplicativos e para outros usos - por exemplo, para exibir Tweets em um site de notícias ou analisar o que as pessoas dizem no Twitter."
page 60.txt,48,"Geralmente, disponibilizamos esse conteúdo em quantidades limitadas gratuitamente e cobramos taxas de licenciamento para acesso em larga escala."
page 60.txt,49,Temos termos padrão que governam como esses dados podem ser usados e um programa de conformidade para aplicar esses termos.
page 60.txt,50,"Mas esses indivíduos e empresas não são afiliados ao Twitter, e suas ofertas podem não refletir as atualizações que você faz no Twitter."
page 60.txt,51,"Para obter mais informações sobre como disponibilizamos dados públicos no Twitter para o mundo, visite https://developer.twitter.com."
page 60.txt,53,"pageReference: /content/twitter-com/legal/pt/privacy/chapter-1/chapter-1-2
Content:
Olá, mundo
"
page 60.txt,54,As informações do seu perfil são exibidas abaixo de sua foto e do seu nome de usuário na página do seu perfil.
page 60.txt,55,"
Seja discreto
Amigos querem marcar você em uma foto?"
page 60.txt,56,Você tem sorte.
page 60.txt,57,"Se você não gosta desse tipo de coisa, pode sempre alterar as suas configurações."
page 60.txt,59,Pense com cuidado
page 60.txt,61,"O que você Tweeta se torna público imediatamente em todo o mundo no Twitter, e pode aparecer em outras mídias, como sites, jornais e televisão."
page 60.txt,62,"
1.3
Informações de Contato e Catálogos de Endereços
"
page 60.txt,63,"Usamos suas informações de contato, como seu endereço de e-mail ou número de telefone, para autenticar sua conta e mantê-la, e para manter os nossos serviços, em segurança e para ajudar a prevenir spam, fraude e abuso."
page 60.txt,64,"Também usamos informações de contato para personalizar nossos serviços, habilitar certos recursos da conta (por exemplo, para verificação de acesso ou Twitter via SMS), para enviar informações sobre nossos serviços e personalizar nossos serviços, incluindo anúncios."
page 60.txt,65,"Se você fornecer ao Twitter seu número de telefone, você concorda em receber mensagens de texto do Twitter nesse número, conforme permitido pelas leis do seu país."
page 60.txt,66,"O Twitter também usa suas informações de contato para direcionar marketing a você conforme as leis do seu país permitirem, e para ajudar outras pessoas a encontrar sua conta, se suas configurações permitirem, inclusive por meio de serviços de terceiros e aplicativos clientes."
page 60.txt,67,Você poderá utilizar suas configurações de notificações por e-mail e por celular para controlar as notificações que receber do Twitter.
page 60.txt,68,Você também poderá descontinuar o recebimento de uma notificação seguindo as instruções contidas na notificação ou aqui.
page 60.txt,69,"
Você pode escolher fazer o upload e sincronizar sua lista de contatos no Twitter para que possamos ajudá-lo a encontrar e a se conectar com pessoas que você conheça, ou ajudar outras pessoas a encontrar e se conectar com você."
page 60.txt,70,Também usamos essas informações para recomendar melhor o conteúdo para você e outras pessoas.
page 60.txt,71,"
Você pode se registrar no Periscope com uma conta de outro serviço como Twitter, Google ou Facebook, ou conectar sua conta no Periscope a esses outros serviços."
page 60.txt,72,"Se você fizer isso, usaremos as informações desse serviço, inclusive seu endereço de e-mail, amigos ou lista de contatos, para recomendar outras contas ou conteúdo para você, ou para recomendar sua conta ou conteúdo para outras pessoas."
page 60.txt,73,Você pode controlar se a sua conta no Periscope pode ser descoberta por e-mail por meio de suas configurações do Periscope.
page 60.txt,74,"
Caso você entre em contato conosco por e-mail, nós manteremos o conteúdo da sua mensagem, seu endereço de e-mail e suas informações de contato para responder à sua solicitação."
page 60.txt,75,"
1.4
Mensagens Diretas e Comunicações"
page 60.txt,76,"Não Públicas
"
page 60.txt,77,Fornecemos determinados recursos que permitem que você possa se comunicar de maneira mais privada ou controlar quem vê o seu conteúdo.
page 60.txt,78,"Por exemplo, você pode usar Mensagens Diretas para ter conversas não públicas no Twitter, proteger seus Tweets ou hospedar transmissões privadas no Periscope."
page 60.txt,79,"Quando você se comunicar com outras pessoas ao enviar e receber Mensagens Diretas, nós armazenaremos e processaremos suas comunicações e informações relacionadas a elas."
page 60.txt,80,"Isso inclui a verificação de links para conteúdo nocivo, a redução de links para URLs http://t.co, a detecção de spam4, abuso, imagens proibidas, e uso de problemas relatados."
page 60.txt,81,"Também usamos informações sobre com quem você se comunicou e quando (mas não o conteúdo dessas comunicações) para entender melhor o uso de nossos serviços, para proteger a segurança e integridade de nossa plataforma e para mostrar conteúdo mais relevante."
page 60.txt,82,Nós compartilhamos o conteúdo de suas Mensagens Diretas com as pessoas para as quais você as enviou; nós não os usamos para veicular anúncios.
page 60.txt,83,"Observe que, se você interagir de uma maneira que seja normalmente pública com conteúdo do Twitter compartilhado com você por Mensagem Direta, por exemplo, ao curtir um Tweet, essas interações serão públicas."
page 60.txt,84,"Quando você usar recursos como Mensagens Diretas para se comunicar, lembre-se de que os destinatários têm sua própria cópia5 de suas comunicações no Twitter - mesmo que você exclua sua cópia dessas mensagens da sua conta - que eles podem duplicar, armazenar ou compartilhar novamente."
page 60.txt,86,"pageReference: /content/twitter-com/legal/pt/privacy/chapter-1/chapter-1-4
Content:
Spam é péssimo
Nós escaneamos suas Mensagens Diretas para tentar evitar que você receba spam e que haja spam no nosso serviço."
page 60.txt,87,"
Como se fosse um e-mail
Apenas envie"
page 60.txt,88,Mensagens Diretas
page 60.txt,89,a pessoas em quem você confia.
page 60.txt,90,"Lembre-se, apesar de uma pessoa não poder fazer um Retweet de suas Mensagens Diretas, ela ainda tem uma cópia de sua mensagem."
page 60.txt,91,"
1.5
Informações de Pagamento"
page 60.txt,92,"
Você pode nos fornecer informações de pagamento6, inclusive seu número de cartão de crédito ou débito, data de validade do cartão, código de validação e endereço de faturamento, para comprar publicidade ou outras ofertas fornecidas como parte de nossos serviços."
page 60.txt,94,"pageReference: /content/twitter-com/legal/pt/privacy/chapter-1/chapter-1-5-tooltips---overlays
Content:
Aprovado por você
Nós usamos suas informações de pagamento para processar as transações que você aprovou e para detectar fraudes."
page 60.txt,95,"
1.6
"
page 60.txt,96,Como Você Controla as Informações
page 60.txt,97,"que Você Compartilhar Conosco
Suas Configurações de privacidade e segurança deixam você decidir:"
page 60.txt,98,"
- Se os seus Tweets estão disponíveis publicamente no Twitter
- Se outras pessoas podem marcar você em uma foto
- Se você pode receber Mensagens Diretas de qualquer pessoa no Twitter ou somente de seus seguidores
- Se outras pessoas podem encontrá-lo com base no seu e-mail ou número de telefone
- Se você carrega seu catálogo de endereços no Twitter para armazenamento e uso
- Quando e onde você pode ver conteúdo confidencial no Twitter
- Se você deseja bloquear ou silenciar outras contas do Twitter
pageReference: /content/twitter-com/legal/pt/privacy/chapter-1/chapter-1-6-tooltips---overlays
Content:
"
page 60.txt,99,Suas configurações
page 60.txt,100,"
Você tem opções quando se trata de quais informações você compartilha e vê no Twitter."
page 60.txt,101,"
Recebemos determinadas informações quando você usa nossos serviços ou outros sites ou aplicativos móveis que incluem nosso conteúdo e de terceiros, inclusive anunciantes."
page 60.txt,102,"Assim como as informações que você compartilha conosco, usamos os dados abaixo para operar nossos serviços."
page 60.txt,103,"
- Informações de Localização
- Links
- Cookies
- Dados de Registro
- Dados do Twitter para a Web
- Anunciantes e Outros Parceiros de Publicidade
- Desenvolvedores
- Outros Terceiros e Afiliadas
- Personalização entre Seus Dispositivos
- Como Você Controla as Informações Adicionais que Recebemos
2.1
Informações de Localização
Nós requeremos informações sobre seu registro e localização atual, que obtemos de sinais como seu endereço IP ou configurações do dispositivo, para configurar e manter sua conta com segurança e confiabilidade e para fornecer nossos serviços a você."
page 60.txt,104,"
Sujeito às suas configurações, podemos coletar, usar e armazenar informações adicionais sobre sua localização, como sua posição exata atual ou locais onde você usou anteriormente o Twitter, para operar ou personalizar nossos serviços, inclusive com conteúdo mais relevante, como tendências locais, histórias, anúncios e sugestões de pessoas para seguir."
page 60.txt,105,Saiba mais sobre o uso de localização pelo Twitter aqui e como definir suas preferências de localização do Twitter aqui.
page 60.txt,106,Saiba mais sobre como compartilhar sua localização nas transmissões do Periscope aqui.
page 60.txt,108,"pageReference: /content/twitter-com/legal/pt/privacy/chapter-2/chapter-2-1-tooltips---overlays
Content:
Dados básicos de localização
"
page 60.txt,109,"Sempre que você usa o Twitter, o Twitter obtém uma noção geral da sua localização a partir de coisas como a rede que você está utilizando para acessar a internet."
page 60.txt,110,Isso ajuda o Twitter a fornecer conteúdo relevante a você.
page 60.txt,112,Dados precisos de localização
page 60.txt,114,"Você pode ativar os serviços de localização do Twitter, deixando o Twitter identificar a sua posição."
page 60.txt,115,"Isso permite que você use funções adicionais no Twitter, como tweetar sua localização exata."
page 60.txt,116,"
Fazer Tweet de sua localização"
page 60.txt,118,"Você pode escolher compartilhar a sua localização fazendo um Tweet público, deixando que todos saibam que você está participando de um evento, que está em um determinado local ou em qualquer outro lugar."
page 60.txt,119,"
2.2
Links
Para operar nossos serviços, acompanhamos como você interage com os links em nossos serviços."
page 60.txt,120,Isso inclui links em e-mails que enviamos a você e links em Tweets que aparecem em outros sites ou aplicativos móveis.
page 60.txt,122,"Se você clicar em um link ou anúncio externo em nossos serviços, esse anunciante ou operador de site poderá inferir que você veio do Twitter ou do Periscope, além de outras informações associadas ao anúncio em que você clicou, como características do público destinado a ser alcançado."
page 60.txt,123,"Eles também podem coletar de você outros dados pessoais, como identificadores de cookies ou seu endereço IP."
page 60.txt,124,"
2.3
Cookies
"
page 60.txt,125,Um cookie é um pequeno arquivo de dados que é armazenado em seu computador ou dispositivo móvel.
page 60.txt,126,"Como muitos sites, usamos cookies e tecnologias semelhantes para coletar dados adicionais de uso do site e para operar nossos serviços."
page 60.txt,127,"Os cookies não são requeridos para muitas partes de nossos serviços, como buscar e consultar perfis públicos."
page 60.txt,128,"Embora a maioria dos navegadores da Web aceite cookies automaticamente, as configurações de muitos navegadores podem ser modificadas para recusar cookies ou alertá-lo quando um site estiver tentando inserir um cookie em seu computador7."
page 60.txt,129,"No entanto, é possível que alguns de nossos Serviços não funcionem adequadamente se você desativar os cookies."
page 60.txt,130,"Quando seu navegador ou dispositivo permitir, nós usaremos cookies de sessão e cookies persistentes para entender melhor como você interage com nossos serviços, monitorar padrões de uso agregados, personalizar e operar nossos serviços, fornecer segurança de conta, personalizar o conteúdo que mostramos a você, inclusive anúncios, e lembrar suas preferências de idioma."
page 60.txt,131,Nós não oferecemos suporte à opção de navegador Não Rastrear.
page 60.txt,132,Saiba mais sobre como usamos cookies e outras tecnologias semelhantes aqui.
page 60.txt,134,pageReference: /content/twitter-com/legal/pt/privacy/chapter-2/chapter-2-3-tooltips---overlays
page 60.txt,135,"
Content:
Não está com fome?"
page 60.txt,136,"
Você pode alterar as configurações de cookie do seu navegador."
page 60.txt,137,"
2.4
Dados de Registro"
page 60.txt,138,"
Nós recebemos informações quando você visualiza conteúdo em ou interage com nossos serviços, o que nós chamamos de “Dados de Registro”, mesmo se não tiver criado uma conta."
page 60.txt,139,"Por exemplo, quando você visita os nossos sites, acessa os nossos serviços, interage com as nossas notificações por e-mail, utiliza a sua conta para se autenticar em um site, aplicativo ou serviço de terceiro, ou quando visita um site, aplicativo ou serviço de terceiro que inclua conteúdo do Twitter, podemos receber informações sobre você."
page 60.txt,140,"Esses Dados de Registro podem incluir informações como o seu endereço IP, tipo de navegador, sistema operacional, página da Web de origem, páginas da Web visitadas, localização, sua operadora de telefonia celular, informações de dispositivo (inclusive Ids de dispositivo e aplicativos), termos de pesquisa (incluindo aqueles que não foram enviados como consultas) e informações de cookies."
page 60.txt,141,"Também recebemos Dados de Registro quando você clica, visualiza ou interage com links em nossos serviços, inclusive quando você instala outro aplicativo por meio do Twitter."
page 60.txt,142,"Usamos os Dados de Registro para operar nossos serviços e assegurar seu desempenho seguro, confiável e robusto."
page 60.txt,143,"Por exemplo, usamos os Dados de Registro para proteger a segurança das contas e para determinar qual conteúdo é popular em nossos serviços."
page 60.txt,144,"Também usamos esses dados para melhorar o conteúdo que mostramos a você, inclusive anúncios para melhorar a eficácia de nosso próprio marketing."
page 60.txt,145,"
Usamos as informações que você nos fornece e os dados que recebemos, inclusive Dados de Registro e dados de terceiros, para fazer inferências sobre quais tópicos você pode estar interessado, sua idade e os idiomas que você fala."
page 60.txt,146,"Isso nos ajuda a promover e desenhar melhor nossos serviços para você e a personalizar o conteúdo que mostramos, inclusive anúncios."
page 60.txt,148,"pageReference: /content/twitter-com/legal/pt/privacy/chapter-2/chapter-2-4-tooltips---overlays
Content:
Dados melhores, conteúdo melhor
Usando dados, como os Tweets e as contas que você vê no Twitter..."
page 60.txt,149,"
Dados melhores, conteúdo melhor
...o Twitter pode sugerir conteúdo relevante que você também pode gostar."
page 60.txt,150,"
2.5"
page 60.txt,151,"
Dados do Twitter para a Web
"
page 60.txt,152,"Quando você visualiza nosso conteúdo em sites de terceiros que integram o conteúdo Twitter, como linhas de tempo incorporadas ou botões Tweet, podemos receber Dados de Registro que incluem a página da Web que você visitou."
page 60.txt,153,"Usamos essas informações para entender melhor o uso de nossos serviços, para proteger a segurança e integridade de nossa plataforma e para mostrar conteúdo mais relevante, inclusive anúncios."
page 60.txt,154,"Não associamos esse histórico de navegação da Web com seu nome, endereço de e-mail, número de telefone ou nome de usuário, e o excluímos, obliteramos ou agregamos após 30 dias."
page 60.txt,155,Não coletamos esses dados de navegadores que acreditamos estar localizados na União Europeia ou nos países da Associação de Livre Comércio Europeia.
page 60.txt,157,"pageReference: /content/twitter-com/legal/pt/privacy/chapter-2/chapter-2-5-tooltips---overlays1
Content:
Sites de terceiros"
page 60.txt,158,"
Você pode ver o conteúdo do Twitter no site e nos aplicativos do Twitter - mas muitos outros sites também optam por incluir o conteúdo do Twitter."
page 60.txt,159,"
2.6
Anunciantes e Outros Parceiros de Publicidade
"
page 60.txt,160,A receita de publicidade nos permite prestar suporte e melhorar nossos serviços.
page 60.txt,161,"Nós podemos utilizar as informações descritas nesta Política de Privacidade para ajudar a tornar nossa publicidade mais relevante para você, para medir sua eficácia e para ajudar a reconhecer seus dispositivos para podermos fornecer anúncios a você dentro e fora do Twitter."
page 60.txt,162,"Nossos parceiros de publicidade e afiliadas compartilham conosco informações como ID do cookie do navegador, ID do dispositivo móvel ou hash criptográfico de um endereço de e-mail, assim como dados demográficos ou de interesse e conteúdo visualizado ou ações tomadas em um site ou aplicativo."
page 60.txt,163,"Alguns de nossos parceiros de publicidade, especialmente nossos anunciantes, também nos permitem coletar informações similares diretamente de seu site ou aplicativo ao integrar nossa tecnologia de publicidade."
page 60.txt,164,As informações compartilhadas por parceiros e afiliados de anúncios ou coletadas pelo Twitter a partir de sites e aplicativos de parceiros e afiliados de anúncios podem ser combinadas com as outras informações que você compartilha com o Twitter e que o Twitter recebe sobre você descrito em outra parte da nossa Política de Privacidade.
page 60.txt,166,O Twitter adere aos Princípios de Autorregulamentação da Aliança de Publicidade Digital para Publicidade Comportamental On-line (também denominada “publicidade com base em interesses”) e respeita a ferramenta de escolha do consumidor da DAA (Digital Advertising Alliance [Aliança de Publicidade Digital]) para que você opte por não receber publicidade com base em interesses em https://optout.aboutads.info.
page 60.txt,167,"Além disso, nossas políticas de anúncios também proíbem que anunciantes segmentem anúncios com base em categorias que considerarmos sensíveis ou proibidas pela legislação, como raça, religião, política, vida sexual ou saúde."
page 60.txt,168,"Saiba mais sobre suas opções de privacidade para publicidade baseada em interesses aqui, e sobre como funcionam os anúncios em nossos serviços aqui."
page 60.txt,170,"Se você é um anunciante ou um anunciante potencial, processamos seus dados pessoais para ajudar a oferecer e fornecer nossos serviços de publicidade."
page 60.txt,171,"Você pode atualizar seus dados no seu painel do Twitter Ads ou entrando em contato conosco diretamente, conforme descrito nesta Política de Privacidade."
page 60.txt,173,"pageReference: /content/twitter-com/legal/pt/privacy/chapter-2/chapter-2-6-tooltips---overlays
Content:
Dados de parceiros de publicidade
"
page 60.txt,174,Os anunciantes compartilham informações no Twitter...
page 60.txt,176,Anúncios melhores
page 60.txt,177,"
...de forma que, se suas configurações permitirem, eles poderão mostrar seus anúncios mais relevantes."
page 60.txt,178,"
2.7
Desenvolvedores
"
page 60.txt,179,"Se você acessar nossas APIs ou portal do desenvolvedor, processamos seus dados pessoais para ajudar a fornecer nossos serviços."
page 60.txt,180,Você pode atualizar seus dados entrando em contato conosco diretamente conforme descrito nesta Política de Privacidade.
page 60.txt,181,"
2.8
Outros Terceiros e Afiliadas
"
page 60.txt,182,"Podemos receber informações sobre você de terceiros que não são nossos parceiros de publicidade, como outras pessoas no Twitter, parceiros que nos ajudam a avaliar a segurança e a qualidade do conteúdo em nossa plataforma, nossas empresas afiliadas e outros serviços vinculados à sua conta do Twitter."
page 60.txt,183,"
Você pode optar por conectar sua conta do Twitter a contas em outro serviço, e esse outro serviço pode nos enviar informações sobre a sua conta naquele serviço."
page 60.txt,184,"Usamos as informações que recebemos para fornecer-lhe recursos como publicação cruzada ou autenticação entre serviços, e para operar nossos serviços."
page 60.txt,185,"Para integrações que o Twitter suportar formalmente, você pode revogar essa permissão a qualquer momento a partir das configurações do seu aplicativo; para outras integrações, visite o outro serviço que você conectou ao Twitter."
page 60.txt,186,"
2.9
"
page 60.txt,187,"Personalização com base em sua identidade inferida
"
page 60.txt,188,"Quando você se registra no Twitter com um navegador ou dispositivo, nós associamos esse navegador ou dispositivo com a sua conta para finalidades como autenticação, segurança e personalização."
page 60.txt,189,"Sujeito às suas configurações, também podemos associar a sua conta a navegadores ou dispositivos diferentes daqueles que você usa para se registrar no Twitter (ou associar seu dispositivo ou navegador desconectado a outros navegadores ou dispositivos)."
page 60.txt,190,"Quando você fornece outras informações ao Twitter, incluindo um endereço de e-mail, associamos essas informações à sua conta do Twitter."
page 60.txt,191,"Sujeito às suas configurações, também podemos usar essas informações para inferir outras informações sobre sua identidade, por exemplo, associando sua conta a hashes de endereços de e-mail que compartilham componentes comuns com o endereço de e-mail que você forneceu ao Twitter."
page 60.txt,192,Fazemos isso para operar e personalizar nossos serviços.
page 60.txt,193,"Por exemplo, se você visitar sites com conteúdo esportivo em seu laptop, poderemos mostrar-lhe anúncios relacionados a esporte no Twitter para Android e, se o endereço de e-mail associado à sua conta compartilhar componentes com outro endereço de e-mail, como nome, sobrenome ou iniciais compartilhados, poderemos posteriormente corresponder a anúncios de anunciantes que estavam tentando acessar endereços de e-mail contendo esses componentes."
page 60.txt,195,"pageReference: /content/twitter-com/legal/pt/privacy/chapter-2/chapter-2-9-tooltips---overlays
Content:
"
page 60.txt,196,Personalização nos dispositivos
page 60.txt,197,"
Para ajudar a melhorar a sua experiência com o Twitter em um de seus dispositivos..."
page 60.txt,199,"Personalização nos dispositivos
..."
page 60.txt,200,o Twitter pode utilizar informações de outro dispositivo que você tenha.
page 60.txt,201,"
2.10
Como Você Controla as Informações Adicionais que Recebemos
"
page 60.txt,202,Suas Configurações de personalização e dados do Twitter permitem que você possa decidir:
page 60.txt,203,"
- Se lhe mostraremos publicidade com base em interesses dentro e fora do Twitter
- Como personalizamos com base em sua identidade inferida
- Se coletamos e usamos sua localização exata
- Se personalizamos sua experiência com base em onde você esteve
- Se acompanhamos os sites em que você vê o conteúdo do Twitter"
page 60.txt,204,"
Você pode usar Seus dados do Twitter para analisar:"
page 60.txt,205,"
- Anunciantes que incluíram você em públicos-alvo personalizados para exibir anúncios para você
- Dados demográficos e dados de interesse sobre a sua conta de nossos parceiros de publicidade
- Informações que o Twitter sobre você, como sua faixa etária, sexo, idiomas e interesses
Também fornecemos uma versão dessas ferramentas no Twitter se você não tiver uma conta do Twitter ou se estiver desconectado da sua conta."
page 60.txt,206,"Isso permite que você veja os dados e as configurações do navegador ou dispositivo desconectado que está sendo usado, em separado de qualquer conta do Twitter que use esse navegador ou dispositivo."
page 60.txt,207,"No Periscope, você pode controlar se personalizamos sua experiência com base no seu histórico de exibição por meio de suas configurações."
page 60.txt,209,Consulte aqui para mais detalhes de como coletamos e usamos seus dados.
page 60.txt,211,"pageReference: /content/twitter-com/legal/pt/privacy/chapter-2/chapter-2-10-tooltips---overlays
Content:
"
page 60.txt,212,"Conforme observado acima, o Twitter foi desenhado para disseminar de maneira ampla e instantânea as informações que você compartilha publicamente por meio de nossos serviços."
page 60.txt,213,"Nas circunstâncias limitadas em que divulgamos seus dados pessoais privados, nós o faremos sujeito ao seu controle, porque é importante para operar nossos serviços, ou porque é requerido pela legislação."
page 60.txt,214,"
3.1
"
page 60.txt,215,"Compartilhando Seu Controle
"
page 60.txt,216,"Nós compartilhamos ou divulgamos seus dados pessoais com o seu consentimento ou de acordo com as suas orientações, por exemplo, quando você autoriza que um cliente Web ou aplicativo de terceiros acesse a sua conta, ou quando você nos orienta a compartilhar seu feedback com uma empresa."
page 60.txt,217,"Se você compartilhou informações como Mensagens Diretas ou Tweets protegidos com outra pessoa que acessar o Twitter utilizando um serviço de terceiros, lembre-se de que as informações poderão ser compartilhadas com o serviço de terceiros."
page 60.txt,218,"
Sujeito às suas configurações, também fornecemos a terceiros determinados dados pessoais para nos ajudar a oferecer ou operar nossos serviços."
page 60.txt,219,Você pode saber mais sobre essas parcerias em nossa Central de Ajuda e controlar se o Twitter compartilha seus dados pessoais dessa maneira usando a opção “Permitir compartilhamento de informações adicionais com parceiros de negócios” em suas configurações de Personalização e Dados.
page 60.txt,220,"(Esta configuração não controla o compartilhamento descrito em outras partes de nossa Política de Privacidade, como quando compartilhamos dados com nossos prestadores de serviços, ou através de parcerias diferentes das descritas na nossa Central de Ajuda.)"
page 60.txt,221,"
pageReference: /content/twitter-com/legal/pt/privacy/chapter-3/chapter-3-1-tooltips---overlays
Content:
"
page 60.txt,222,"Compartilhamento de dados com anunciantes
"
page 60.txt,223,"Quando você clica em um anúncio ou visualiza um anúncio no Twitter, se suas configurações permitirem, o Twitter pode enviar dados sobre o seu dispositivo para o anunciante para ajudá-lo a medir o seu sucesso e a melhorar os anúncios futuros."
page 60.txt,224,"
3.2
Prestadores de Serviços
"
page 60.txt,225,"Nós engajamos com prestadores de serviços para desempenhar funções e prestar serviços para nós nos Estados Unidos, na Irlanda e em outros países."
page 60.txt,226,"Por exemplo, nós usamos uma variedade de serviços de terceiros para nos ajudar a operar nossos serviços, como hospedagem de nossos diversos blogs e wikis, assim como para nos ajudar a compreender melhor a utilização dos nossos Serviços, como o Google Analytics."
page 60.txt,227,"Nós podemos compartilhar seus dados pessoais privados com esses prestadores de serviços, sujeito a obrigações consistentes com esta Política de Privacidade e quaisquer outras medidas de confidencialidade e segurança adequadas, e sob a condição de que os terceiros utilizem seus dados pessoais privados somente em nosso nome e de acordo com as nossas instruções (os prestadores de serviços podem usar outros dados não pessoais para seu próprio benefício)."
page 60.txt,228,"Nós compartilhamos suas informações de pagamento com os prestadores de serviços de pagamento para processar pagamentos, prevenir, detectar e investigar fraudes ou outras atividades proibidas, facilitar a resolução de disputas como estornos ou reembolsos, e para outros objetivos associados à aceitação de cartões de crédito e débito."
page 60.txt,229,"
3.3
Legislação, Dano e Interesse Público
"
page 60.txt,230,"Não obstante qualquer disposição em contrário nesta Política de Privacidade ou nos controles que possamos oferecer a você, poderemos preservar, usar, compartilhar ou divulgar seus dados pessoais ou outros dados de segurança se acreditarmos que é razoavelmente necessário para o cumprimento de uma lei, regulamentação, processo legal ou solicitação governamental; para proteger a segurança de qualquer pessoa; para proteger a segurança ou integridade de nossa plataforma, inclusive para ajudar a prevenir spam, abuso ou agentes nocivos em nossos serviços, ou para explicar por que removemos conteúdo ou contas de nossos serviços8; para endereçar questões de fraude, segurança ou técnicas; ou para proteger nossos direitos ou propriedade ou os direitos ou propriedade daqueles que usam nossos serviços."
page 60.txt,231,"No entanto, nada nesta Política de Privacidade tem por objetivo limitar quaisquer direitos de defesa ou oposição que você possa ter em relação a solicitações de terceiros para a divulgação de seus dados pessoais, inclusive solicitações feitas por um governo."
page 60.txt,232,"
pageReference: /content/twitter-com/legal/pt/privacy/chapter-3/chapter-3-3-tooltips---overlays
Content:
"
page 60.txt,233,"A transparência é importante
Nós removemos conteúdo de nossos serviços quando ele viola as nossas regras, como quando ele glorifica a violência."
page 60.txt,234,"Quando o conteúdo é apagado, nós queremos que você saiba."
page 60.txt,235,"
3.4
Afiliadas e Transferência de Propriedade
"
page 60.txt,236,"Se estivermos envolvidos em um processo de falência, fusão, aquisição, reorganização ou de venda de ativos, seus dados pessoais poderão ser vendidos ou transferidos como parte dessa transação."
page 60.txt,237,Esta Política de Privacidade será aplicável aos seus dados pessoais conforme sejam transferidas à nova entidade.
page 60.txt,238,"Também podemos divulgar dados pessoais sobre você às nossas empresas afiliadas para ajudar a operar nossos serviços e os serviços de nossas afiliadas, inclusive a veiculação de anúncios."
page 60.txt,239,"
3.5
Informações"
page 60.txt,240,Não
page 60.txt,241,Pessoais
page 60.txt,243,"Nós compartilhamos ou divulgamos dados não pessoais, por exemplo, inagregadas como o número total de vezes em que as pessoas se envolveram com um Tweet, demografia, o número de usuários que clicaram em um link específico ou votaram em uma enquete em um Tweet (mesmo que apenas uma pessoa o tenha feito), os tópicos sobre os quais as pessoas estão twittando em um local específico, alguns interesses inferidos ou relatórios aos anunciantes sobre quantas pessoas viram ou clicaram em seus anúncios."
page 60.txt,244,"
Você controla os dados pessoais que você compartilha conosco."
page 60.txt,245,Você pode acessar ou corrigir esses dados a qualquer momento.
page 60.txt,246,Você também pode desativar sua conta.
page 60.txt,247,"Também fornecemos ferramentas para você fazer objeção, restringir ou retirar o consentimento, quando aplicável, para o uso dos dados que você forneceu ao Twitter."
page 60.txt,248,E fazemos com que os dados que você compartilhou por meio de nossos serviços sejam portáteis e fornecemos maneiras fáceis de entrar em contato conosco.
page 60.txt,249,"Observe que, para ajudar a proteger sua privacidade e manter a segurança, tomamos medidas para verificar sua identidade antes de conceder acesso a suas informações pessoais ou cumprir exclusão, portabilidade ou outras solicitações relacionadas."
page 60.txt,250,"
4.1
Acessando ou Retificando"
page 60.txt,251,Seus Dados Pessoais
page 60.txt,253,"Se você registrou uma conta no Twitter, nós disponibilizamos a você ferramentas e configurações de conta para acessar, corrigir, excluir ou modificar os dados pessoais que você nos forneceu e que estejam associados à sua conta."
page 60.txt,254,"Você pode baixar determinadas informações da conta, inclusive seus Tweets, seguindo as instruções aqui."
page 60.txt,255,"No Periscope, você pode solicitar a correção, exclusão ou modificação de seus dados pessoais e fazer o download das informações da sua conta, seguindo as instruções aqui."
page 60.txt,256,Você pode saber mais sobre os interesses que inferimos sobre você em Seus Dados do Twitter e solicitar acesso às informações adicionais aqui.
page 60.txt,257,"Para enviar uma solicitação relacionada ao acesso, modificação ou exclusão de suas informações, você também pode entrar em contato conosco conforme especificado na seção """
page 60.txt,258,"Como entrar em contato conosco"" (Informações ou Assistência Adicionais)."
page 60.txt,259,"
4.2
Exclusão
"
page 60.txt,260,Mantemos os Dados de Registro por 18 meses no máximo.
page 60.txt,261,"Ao seguir as instruções aqui (ou para o Periscope aqui), sua conta será desativada."
page 60.txt,262,"Quando desativada, sua conta do Twitter, incluindo seu nome de exibição, nome de usuário e perfil público, não serão mais visíveis no Twitter.com, Twitter para iOS e Twitter para Android."
page 60.txt,263,"Por até 30 dias após a desativação, ainda será possível restaurar a sua conta do Twitter, caso ela tenha sido desativada acidentalmente ou indevidamente."
page 60.txt,264,"
Lembre-se de que os mecanismos de busca e outros terceiros ainda podem manter cópias de suas informações públicas, como as informações do seu perfil de usuário e Tweets públicos, mesmo após a exclusão das informações dos nossos serviços ou a desativação de sua conta."
page 60.txt,265,Saiba mais aqui.
page 60.txt,266,"
4.3
Objeção, Restrição ou Retirada de Consentimento
Quando você está conectado em sua conta do Twitter, você pode gerenciar suas configurações de privacidade e outros recursos da conta aqui a qualquer momento."
page 60.txt,267,Pode demorar um pouco para que as configurações de privacidade sejam totalmente refletidas em nossos sistemas.
page 60.txt,268,"
4.4
Portabilidade
"
page 60.txt,269,"O Twitter fornece a você um meio de fazer o download das informações que você compartilhou por meio de nossos serviços, seguindo os passos aqui."
page 60.txt,270,"O Periscope fornece a você um meio de fazer o download das informações que você compartilhou por meio de nossos serviços, seguindo os passos aqui."
page 60.txt,271,"
4.5
Informações ou Assistência Adicionais
Sugestões ou perguntas sobre esta Política de Privacidade?"
page 60.txt,272,Avise-nos entrando em contato conosco por aqui ou envie-nos uma mensagem utilizando o endereço adequado abaixo.
page 60.txt,274,"Se você mora nos EUA, ou qualquer outro país fora da União Europeia, dos países da Associação Europeia de Livre Comércio ou do Reino Unido, o controlador de dados responsável pelos seus dados pessoais é o Twitter, Inc. com endereço em:
Twitter, Inc.
Attn: Privacy Policy Inquiry
1355"
page 60.txt,275,"Market Street, Suite 900
San Francisco, CA 94103
"
page 60.txt,276,"Se você mora na União Europeia, nos países da Associação Europeia de Livre Comércio ou no Reino Unido, o controlador dos dados é o Twitter International Company, com endereço em:"
page 60.txt,277,"
Twitter International Company
Attn: Data Protection Officer
One Cumberland Place, Fenian Street
Dublin 2, D02 AX07 IRLANDA"
page 60.txt,279,Você pode entrar em contato confidencialmente com o Data Protection Officer do Twitter aqui.
page 60.txt,280,"Se você deseja levantar uma preocupação sobre o uso de suas informações (e sem prejuízo de quaisquer outros direitos que você possa ter), você tem o direito de fazê-lo com sua autoridade supervisora local ou com a autoridade supervisora principal do Twitter International Company, a Comissão de Proteção de Dados da Irlanda."
page 60.txt,281,Você pode encontrar as informações de contato da Comissão aqui.
page 60.txt,282,"
Nossos serviços não são direcionados a crianças, e você não pode usar nossos serviços se tiver menos de 13 anos de idade."
page 60.txt,283,"Você também precisa ter idade suficiente para consentir com o processamento de seus dados pessoais em seu país (em alguns países, podemos permitir que seus pais ou responsáveis o façam em seu nome)."
page 60.txt,284,Você precisa ter pelo menos 16 anos de idade para usar o Periscope.
page 60.txt,285,"
Para oferecer os nossos serviços a você, operamos globalmente."
page 60.txt,286,"Nos casos em que as leis do seu país permitirem, você nos autoriza a transferir, armazenar e usar seus dados nos Estados Unidos, na Irlanda e em qualquer outro país onde operamos."
page 60.txt,287,"Em alguns desses países aos quais o Twitter transfere dados pessoais, a privacidade e as leis e regulamentos de proteção de dados com relação a quando as autoridades governamentais podem acessar dados podem variar em relação àquelas no país em que você vive."
page 60.txt,288,Saiba mais sobre nossas operações globais e transferência de dados aqui.
page 60.txt,289,"
Quando transferimos dados pessoais para fora da União Europeia, dos países da Associação de Livre Comércio Europeia ou do Reino Unido, garantimos um nível adequado de proteção dos direitos dos titulares dos dados com base na adequação das leis de proteção de dados do país receptor, obrigações contratuais impostas ao receptor dos dados (as cláusulas modelo podem ser solicitadas por consulta, conforme descrito abaixo), ou princípios de escudo de privacidade UE-EUA e Suíça-EUA."
page 60.txt,290,"
O Twitter, Inc. está em conformidade com os princípios do Privacy Shield entre UE-EUA e Suíça-EUA (os “Princípios”) com relação à coleta, ao uso, ao compartilhamento e à retenção de dados pessoais da União Europeia, dos países da Associação Europeia de Livre Comércio e do Reino Unido, conforme descrito em nossa certificação do UE-EUA Privacy Shield e certificação do Suíça-EUA Privacy Shield."
page 60.txt,292,"Se você tiver uma reclamação com relação ao Privacy Shield, entre em contato aqui."
page 60.txt,293,"Como parte de nossa participação no Privacy Shield, se você tiver uma controvérsia com o Twitter sobre nossa adesão aos Princípios, buscaremos resolvê-la por meio do nosso processo interno de solução de reclamações, alternativamente pelo órgão de resolução de disputas independente JAMS e, sob determinadas condições, pelo processo de arbitragem do Privacy Shield."
page 60.txt,295,Os participantes do Privacy Shield estão sujeitos aos poderes de investigação e de execução da Comissão de Comércio Federal dos Estados Unidos e de outros órgãos legalmente autorizados.
page 60.txt,296,"Sob determinadas circunstâncias, os participantes podem ser responsáveis pela transferência de dados pessoais da UE, dos países da Associação Europeia de Livre Comércio ou do Reino Unido para terceiros fora dos países da Associação Europeia de Livre Comércio e do Reino Unido."
page 60.txt,297,Saiba mais sobre o Privacy Shield UE-EUA e o Privacy Shield Suíça-EUA aqui.
page 60.txt,298,"
Nós poderemos revisar esta Política de Privacidade de tempos em tempos."
page 60.txt,299,A versão mais atual da política regerá nosso processamento de seus dados pessoais e estará sempre disponível em https://twitter.com/pt/privacy.
page 60.txt,300,"Se efetuarmos uma alteração a esta Política que, a nosso critério exclusivo, for substancial, nós o notificaremos no Twitter.com, Twitter para iOS ou Twitter para Android, por meio de uma conta do Twitter pertencente e operada pelo Twitter (por exemplo, @TwitterSupport) ou por um e-mail enviado ao endereço eletrônico associado à sua conta."
page 60.txt,301,"Ao continuar a acessar ou utilizar os Serviços após a data de entrada em vigor de tal alteração, você aceita e concorda9 em estar vinculado à versão revisada da Política de Privacidade."
page 60.txt,303,"pageReference: /content/twitter-com/legal/pt/privacy/chapter-7/chapter-7
Content:
Você está no controle
"
page 60.txt,304,"Mesmo que o Twitter evolua, você sempre pode alterar as suas configurações de privacidade."
page 60.txt,305,Você tem o poder de escolher o que compartilha com o mundo.
page 60.txt,307,"Em vigor desde: 18 de junho de 2020
Arquivo das Políticas de Privacidade Anteriores
1"
page 60.txt,308,Seus vários lados.
page 60.txt,309,Deixe a sua imaginação correr solta.
page 60.txt,310,Explore seus interesses com várias identidades diferentes.
page 60.txt,311,"
2"
page 60.txt,312,"Olá, mundo."
page 60.txt,313,As informações do seu perfil são exibidas abaixo de sua foto e do seu nome de usuário na página do seu perfil.
page 60.txt,314,"
3 Seja discreto."
page 60.txt,315,Amigos querem marcar você em uma foto?
page 60.txt,316,Você tem sorte.
page 60.txt,317,"Se você não gosta desse tipo de coisa, pode sempre alterar as suas configurações."
page 60.txt,319,4
page 60.txt,320,Spam é péssimo.
page 60.txt,321,Nós escaneamos suas Mensagens Diretas para tentar evitar que você receba spam e que haja spam no nosso serviço.
page 60.txt,322,"
5"
page 60.txt,323,Como se fosse um e-mail.
page 60.txt,324,Apenas envie Mensagens Diretas a pessoas em quem você confia.
page 60.txt,325,"Lembre-se, apesar de uma pessoa não poder fazer um Retweet de suas Mensagens Diretas, ela ainda tem uma cópia de sua mensagem."
page 60.txt,327,6
page 60.txt,328,Aprovado por você.
page 60.txt,329,Nós usamos suas informações de pagamento para processar as transações que você aprovou e para detectar fraudes.
page 60.txt,331,7
page 60.txt,332,Não está com fome?
page 60.txt,333,Você pode alterar as configurações de cookie do seu navegador.
page 60.txt,334,"
8"
page 60.txt,335,A transparência é importante.
page 60.txt,336,"Nós removemos conteúdo de nossos serviços quando ele viola as nossas regras, como quando ele glorifica a violência."
page 60.txt,337,"Quando o conteúdo é apagado, nós queremos que você saiba."
page 60.txt,338,"
9 Você está no controle."
page 60.txt,339,"Mesmo que o Twitter evolua, você sempre pode alterar as suas configurações de privacidade."
page 60.txt,340,Você tem o poder de escolher o que compartilha com o mundo.
