Document,Parag_number,Paragraph_Text
page 295.txt,0,"Eu, Roberto Cesar Gomes Magalhães, construi o aplicativo Dicas Lotofácil como um aplicativo que contém anúncios e pode ser adquirido para obter funções exclusivas e remover os anúncios."
page 295.txt,1,"Esta página é usada para informar aos usuários do aplicativo sobre as políticas de coleta, uso e divulgação de informações pessoais para todos que utilizam o aplicativo."
page 295.txt,3,"Se você optar por usar o aplicativo, você concorda com a coleta e uso de informações em relação a esta política."
page 295.txt,4,As informações pessoais que o aplicativo recolhe são usadas para fornecer e melhorar o serviço.
page 295.txt,5,"Não vou usar ou compartilhar suas informações com ninguém, exceto conforme descrito nesta Política de Privacidade ou mediante pedidos judiciais de órgãos do Estado."
page 295.txt,7,"Os termos usados nesta Política de Privacidade têm os mesmos significados que nos Termos de Uso (que podem ser acessados pelo aplicativo), a menos que definido de outra forma nesta Política de Privacidade."
page 295.txt,8,"
Coleta e uso de informações"
page 295.txt,9,"
Para uma melhor experiência, ao usar o Serviço, posso solicitar que você me forneça certas informações de identificação pessoal."
page 295.txt,10,As informações que solicito serão retidas em seu dispositivo e não serão coletadas por mim de forma alguma.
page 295.txt,12,"O aplicativo usa serviços de terceiros que podem coletar informações usadas para identificá-lo, como o provedor de análises e o provedor de anúncios."
page 295.txt,13,"
Link para a política de privacidade de provedores de serviços terceirizados usados pelo aplicativo:
Dados de Log
Quero informar que sempre que você utiliza o aplicativo, em caso de erro, eu coleto dados e informações (por meio de produtos de terceiros) no seu telefone."
page 295.txt,14,Esses dados são chamados de Log.
page 295.txt,15,"Estes dados de registro podem incluir informações como endereço de protocolo de Internet (""IP"") do dispositivo, nome do dispositivo, versão do sistema operacional, configuração do aplicativo ao utilizar meu serviço, hora e data de uso do serviço e outras estatísticas."
page 295.txt,16,"
Cookies
Cookies são arquivos com uma pequena quantidade de dados que são comumente usados como identificadores exclusivos anônimos."
page 295.txt,17,Eles são enviados para o navegador a partir dos sites visitados e armazenados na memória interna do dispositivo.
page 295.txt,18,"
Este serviço não usa esses “cookies” explicitamente."
page 295.txt,19,"No entanto, o aplicativo pode usar código e bibliotecas de terceiros que usam ""cookies"" para coletar informações e melhorar seus serviços."
page 295.txt,20,Você tem a opção de aceitar ou recusar esses cookies e saber quando um cookie está sendo enviado para o seu dispositivo.
page 295.txt,21,"Se você optar por recusar os cookies, pode não ser capaz de usar algumas partes deste Serviço."
page 295.txt,23,Provedores de serviço
page 295.txt,25,Posso empregar empresas terceirizadas e indivíduos pelos seguintes motivos:
page 295.txt,26,"
Desejo informar aos usuários deste aplicativo que esses terceiros têm acesso às suas Informações Pessoais."
page 295.txt,27,O motivo é realizar as tarefas atribuídas a eles em meu nome.
page 295.txt,28,"No entanto, eles são obrigados a não divulgar ou usar as informações para qualquer outra finalidade."
page 295.txt,29,"
Segurança
"
page 295.txt,30,"Valorizo sua confiança em me fornecer suas informações pessoais, portanto, estou me empenhando para usar meios comercialmente aceitáveis de protegê-las."
page 295.txt,31,"Mas lembre-se que nenhum método de transmissão pela internet, ou método de armazenamento eletrônico é 100% seguro e confiável, e não posso garantir sua segurança absoluta."
page 295.txt,32,"
Links para outros sites"
page 295.txt,33,"
Este serviço pode conter links para outros sites e aplicativos."
page 295.txt,34,"Se você clicar em um link de terceiros, será direcionado para esse site."
page 295.txt,35,Observe que esses sites externos não são operados por mim.
page 295.txt,36,"Portanto, recomendo fortemente que você analise a Política de Privacidade desses sites."
page 295.txt,37,"Não tenho controle e não assumo nenhuma responsabilidade pelo conteúdo, políticas de privacidade ou práticas de quaisquer sites ou serviços de terceiros."
page 295.txt,38,"
Privacidade Infantil
"
page 295.txt,39,O aplicativo não se destina a ninguém com idade inferior a 18 anos.
page 295.txt,40,Não recolho intencionalmente informações de identificação pessoal de pessoas com menos de 18 anos.
page 295.txt,41,"No caso de descobrir que uma pessoa com menos de 18 anos me forneceu informações pessoais, as elimino imediatamente dos meus servidores."
page 295.txt,42,"Se você é um pai ou responsável e está ciente de que seu filho me forneceu informações pessoais, entre em contato comigo para que eu possa tomar as medidas necessárias."
page 295.txt,44,"Mudanças nesta Política de Privacidade
"
page 295.txt,45,Posso atualizar esta Política de Privacidade de tempos em tempos.
page 295.txt,46,"Portanto, recomendamos que você reveja esta página periodicamente para verificar quaisquer alterações."
page 295.txt,47,"Vou te comunicar sobre quaisquer alterações, publicando os novos Termos de Uso nesta página."
page 295.txt,48,Essas alterações entram em vigor imediatamente após serem publicadas nesta página.
page 295.txt,49,"
Entre em Contato
"
page 295.txt,50,"Se você tiver alguma dúvida ou sugestão sobre a minha Política de Privacidade, não hesite em me contatar em mrobertorr1@gmail.com."
