Document,Parag_number,Paragraph_Text
page 436.txt,0,"Política de Privacidade
"
page 436.txt,1,O ubook.com garante a privacidade e a segurança de seus clientes durante toda a navegação do site.
page 436.txt,2,"Os dados cadastrados são armazenados em nosso banco de dados com o objetivo de melhorar o nosso relacionamento por meio de e-mail, mala direta e outras formas de interação."
page 436.txt,3,"Para isso utilizamos cookies e informações de sua navegação (sessão do browser) com o intuito de conhecer o público e aperfeiçoar sempre nossos produtos e serviços, garantindo as melhores promoções e ofertas para você."
page 436.txt,4,"Durante todo o processo, suas informações são mantidas em sigilo absoluto."
page 436.txt,6,O ubook.com atua com as mais modernas práticas relativas a meios de pagamento e possui parceiros líderes nestes segmentos.
page 436.txt,7,"O número e demais dados de seu cartão de crédito não são armazenados em nosso banco de dados nem durante, nem após a conclusão da compra."
page 436.txt,8,"
Para sua segurança, não aconselhamos a divulgação de sua senha no ubook.com a terceiros."
page 436.txt,9,"
Esperamos que você tenha uma excelente experiência no ubook.com."
page 436.txt,11,"Equipe ubook
1.Introdução
Todas as referências a 'nossa', 'nós' ou 'companhia' nesta política e dentro dos avisos de opt-in são consideradas como referentes à UBOOK EDITORA
"
page 436.txt,12,Nós nos esforçamos para proteger a sua privacidade.
page 436.txt,13,Nós fornecemos esta Declaração de Privacidade para ajudá-lo a entender o que podemos fazer com qualquer informação pessoal que venhamos a obter de você.
page 436.txt,14,"Ao nos fornecer suas informações pessoais, você declara que aceita nossa Declaração de Privacidade e que concorda que podemos coletar, usar e divulgar suas informações pessoais conforme descrito nesta Declaração de Privacidade."
page 436.txt,15,"Se você não concorda com esta declaração, por favor não nos forneça suas informações pessoais."
page 436.txt,16,Esta Declaração de Privacidade é incorporada aos Termos e Condições que regem o uso deste site em geral e deles faz parte.
page 436.txt,17,Nós utilizaremos suas informações apenas para os propósitos especificados abaixo.
page 436.txt,18,"
Nós podemos atualizar esta Declaração de Privacidade de tempos em tempos."
page 436.txt,19,Sugerimos que você verifique esta página regularmente para ter certeza de ter lido a versão mais recente.
page 436.txt,21,Alterações à Declaração de Privacidade são anotadas aqui:
page 436.txt,22,"Data da última revisão: 14.07.2014
2."
page 436.txt,23,"Idade legal para compra
"
page 436.txt,24,Você não deve nos fornecer suas informações pessoais se você não tem idade legal para compra de produtos e bens dos mais diversos tipos.
page 436.txt,25,Não temos a intenção de coletar informações pessoais de qualquer indivíduo abaixo da idade legal para a prática de atos de comércio.
page 436.txt,26,"Se formos avisados ou acreditarmos que alguém abaixo da referida idade legal nos forneceu informações pessoais, envidaremos todos os esforços razoáveis para remover tais informações pessoais de nossos arquivos, ou para marcar tais informações pessoais e armazená-las com o único propósito de garantir que não serão mais utilizadas."
page 436.txt,27,"
3."
page 436.txt,28,O que é informação pessoal?
page 436.txt,30,"Informação pessoal é informação quer permite identificar um indivíduo, conforme definido pela legislação aplicável."
page 436.txt,31,"Não inclui informações agregadas que não são suficientes para identificá-lo pessoalmente
4."
page 436.txt,32,"Coletar informação pessoal
Com exceção das informações obrigatórias para o cadastro no site, você pode decidir quais informações pessoais vai nos fornecer."
page 436.txt,33,Apenas coletaremos informações pessoais que você decidir fornecer.
page 436.txt,34,"Sempre que possível, permitiremos que você determine como vamos usar essa informação (por exemplo, fazendo opt–in ou opt-out para receber ofertas promocionais especiais)."
page 436.txt,35,"
Você pode decidir nos fornecer suas informações pessoais se, por exemplo, você: (I) nos contatar com uma dúvida; (II) cadastrar-se no site; (III) preencher uma pesquisa ou outro formulário que inclua sua informação pessoal; (IV) pedir que nós lhe forneçamos informação; (V) participar de um concurso; (VI) publicar informação em áreas públicas do site, ou aproveitar uma promoção."
page 436.txt,36,"
Você tem a oportunidade de decidir se quer ou não receber comunicações nossas, exceto comunicações que sejam exigidas por lei ou para gerenciar alguma transação requisitada por você, em qualquer lugar onde pedirmos informações sobre você."
page 436.txt,37,"
Ao nos fornecer sua informação pessoal, você compreende completamente e concorda com a transferência de tais informações pessoais para outros países ou territórios e com a coleta e processamento de tais informações nesses locais."
page 436.txt,38,Qualquer transferência e processamento feitas por nós estarão de acordo com esta Declaração de Privacidade.
page 436.txt,39,"
4.1"
page 436.txt,40,Obtenção dos dados e informações
page 436.txt,42,"Os dados e informações serão obtidos quando o Usuário inserir informações voluntariamente no site e/ou Aplicativo, na interação com as interfaces dos produtos, na frequência de acesso, no contato por meio dos canais de acesso disponíveis ou por meio de cookies, e quando os Usuários cadastram-se em nossos produtos."
page 436.txt,44,"Ao tomar conhecimento de alguma promoção realizada pelo UBOOK, consulte nossos canais oficiais para verificar sua veracidade."
page 436.txt,45,"Caso a informação seja equivocada, desconsidere-a."
page 436.txt,46,"
Para cada uma das modalidades de coleta de dados poderão ser solicitadas diferentes informações, de acordo com a finalidade da coleta."
page 436.txt,47,"Assim, os Usuários serão sempre informados sobre os dados que estão sendo coletados, ficando a seu critério fornecê-los ou não, e, em cada caso, serão avisados também sobre as consequências de sua decisão."
page 436.txt,49,"O Usuário garante a veracidade e exatidão dos dados pessoais que fornece ao nossos produtos, ou seja, o UBOOK não tem qualquer responsabilidade no caso de inserção de dados falsos ou inexatidão dos dados pessoais introduzidos pelo Usuário em nossos produtos."
page 436.txt,51,"O Usuário que introduzir seus dados pessoais identificáveis poderá, a qualquer momento alterar e corrigir como for conveniente para este, bastando, para tanto, fazê-las através de seu próprio cadastro no site Ubook."
page 436.txt,52,"O Usuário, em hipótese alguma, deverá fornecer seus dados por e-mail, por se tratar de um ambiente sem os requisitos adequados de segurança."
page 436.txt,53,"Desta forma o UBOOK exime-se de quaisquer responsabilidades quanto à correção, alteração ou remoção de dados."
page 436.txt,55,"O UBOOK tem adotado os níveis legalmente requeridos quanto à segurança na proteção de dados e procura instalar todos os meios e medidas adicionais para evitar a perda, mau uso, alteração, acesso não autorizado ou subtração indevida dos Dados Pessoais recolhidos."
page 436.txt,56,"Em específico, o UBOOK utiliza o sistema de segurança SSL (Secure Socket Layer) que, através dos sistemas de certificação, permitem comprovar a autenticidade a partir do local onde são fornecidos os Dados Pessoais, bem como garantem a integridade e a confidencialidade dos Dados Pessoais durante a transmissão dos mesmos."
page 436.txt,57,"Não obstante, o Usuário deve estar ciente de que as medidas de segurança relativas à Internet não são integralmente infalíveis."
page 436.txt,59,"Coletamos automaticamente o número de ID de dispositivo, IMEI e/ou MEID quando você usa nosso website ou produtos."
page 436.txt,60,"
4.2 Armazenamento de dados e informações"
page 436.txt,61,"
Todos os dados e informações coletados dos Usuários serão incorporados ao banco de dados do UBOOK."
page 436.txt,62,"
Os dados e informações coletados estarão armazenados em ambiente seguro, observado o estado da técnica disponível, e somente poderão ser acessadas por pessoas qualificadas e autorizadas pelo UBOOK."
page 436.txt,63,"Aqueles que se utilizarem indevidamente dessas informações, ferindo nossa Política de Privacidade, estarão sujeitos às penalidades previstas em nossas Políticas, sem exclusão das demais medidas legais cabíveis."
page 436.txt,65,"Os registros de acesso (logs) ficarão armazenados pelo prazo mínimo de 6 (seis) meses, em conformidade com as leis brasileiras."
page 436.txt,66,"
5."
page 436.txt,67,"Uso de cookies no nosso site
Como em muitos outros sites, nós utilizamos ""cookies"" em nosso site para nos ajudar a coletar e armazenar informações sobre visitantes."
page 436.txt,69,Um cookie é um pequeno arquivo de dados que nosso servidor envia para o seu browser quando você visita o site.
page 436.txt,70,O uso de cookies nos permite ajudá-lo a usar certos aspectos do nosso site.
page 436.txt,71,"
Você pode apagar os cookies a qualquer momento, ou pode configurar seu browser para rejeitar ou desabilitar cookies."
page 436.txt,72,"
Você pode obter informação sobre como gerenciar cookies no endereço www.aboutcookies.org."
page 436.txt,73,"
Nós podemos usar a informação nos cookies para os seguintes propósitos:"
page 436.txt,74,"
1."
page 436.txt,75,"Monitoramento de tráfego, i.e.:O endereço de IP a partir do qual você acessa o site"
page 436.txt,76,O tipo de navegador e sistema operacional usado para acessar o site A data e hora de seu acesso ao site
page 436.txt,77,As páginas que você visita
page 436.txt,78,"O endereço de IP do site a partir do qual você acessou o site
2."
page 436.txt,79,"Para reconhecer visitantes que retornam, para fins estatísticos/analíticos."
page 436.txt,80,"
3."
page 436.txt,81,"Para rastreamento anônimo de interação com publicidade online, i.e., para monitorar o número de vezes que um anúncio em banner é mostrado e o número de vezes que ele é clicado."
page 436.txt,82,"
Nós podemos relacionar a informação coletada através de cookies com outras informações pessoais identificáveis que você nos fornecer."
page 436.txt,83,"As finalidades são:
4."
page 436.txt,84,"Para customizar ou personalizar sua experiência no site, por exemplo, de forma que possamos saudá-lo no site usando seu nome."
page 436.txt,85,"
5."
page 436.txt,86,"Para fins transacionais, tais como vendas por cartão de crédito."
page 436.txt,87,"
6."
page 436.txt,88,"Para monitorar o seu uso do nosso sites para tornar nossas comunicações com você o mais relevantes possíveis; por exemplo, ao enviar-lhe e-mails relevantes às partes do site que você visita com mais freqüência, ou ao avisá-lo sobre características do site que você não acessou anteriormente."
page 436.txt,89,"
Nós podemos compilar e reportar a terceiros (tais como anunciantes), estatísticas agregadas sobre usuários em termos de números, padrões de tráfego e outras informações relacionadas ao site."
page 436.txt,90,"
6."
page 436.txt,91,"Uso de informação pessoal
"
page 436.txt,92,Nós podemos usar e/ou divulgar informações pessoais coletadas de você em uma ou mais das seguintes maneiras:
page 436.txt,93,"
a)"
page 436.txt,94,Comunicações de Marketing.
page 436.txt,96,Podemos usar suas informações pessoais para nos comunicar com você sobre nossos produtos e serviços e aqueles de nossas afiliadas e quaisquer empresas parceiras.
page 436.txt,97,"No entanto, você poderá escolher se deseja ou não receber tais comunicações na primeira vez em que nos fornecer informações pessoais."
page 436.txt,98,Você também terá a oportunidade de cancelar a assinatura sempre que nos comunicarmos com você.
page 436.txt,99,Você também poderá cancelar tais comunicações a qualquer momento.
page 436.txt,101,"Análise de Marketing
"
page 436.txt,102,"Podemos usar a informação para análise interna de marketing, por exemplo, para avaliar tendências entre nossos usuários ou para medir o volume de tráfego nos nossos sites."
page 436.txt,103,"Também podemos compartilhar informações não-pessoais com terceiros, como anunciantes, de forma agregada e anônima, o que significa que a informação não conterá qualquer informação de identificação pessoal sobre você."
page 436.txt,104,Nós apenas compartilharemos informações pessoais identificáveis com terceiros para realizar análises de marketing se tivermos o seu consentimento.
page 436.txt,106,Fins transacionais.
page 436.txt,107,"
Nós podemos usar suas informações pessoais para responder a suas consultas e requisições, e para gerenciar transações tais como pagamentos de cartão de crédito para qualquer bem que você comprar de nós ou de algum de nossos parceiros, ou ainda para realizar a entrega para essas transações."
page 436.txt,108,As informações pessoais que você nos fornecer podem ser usadas por um parceiro ou revendedor autorizado para realizar a transação.
page 436.txt,109,"
c.1)"
page 436.txt,110,Ofertas de terceiros.
page 436.txt,111,"
Podemos providenciar que organizações cuidadosamente selecionadas lhe enviem informações promocionais e de marketing que podem ser do seu interesse."
page 436.txt,112,Em tais circunstâncias suas informações pessoais podem ser reveladas a essas organizações que estarão obrigadas por obrigações de confidencialidade e restrições sobre o uso de informações pessoais.
page 436.txt,113,"
c.2) Venda ou Transferência."
page 436.txt,114,"
No caso de uma venda, fusão, consolidação, mudança de controle, transferência substancial de patrimônio, financiamento, reorganização ou liquidação, nós poderemos transferir, vender ou designar a terceiros as informações sobre o seu relacionamento conosco, incluindo sem limitação informações de identificação pessoal que você nos fornecer e outras informações sobre o seu relacionamento conosco."
page 436.txt,115,"
Poderemos coletar, usar e/ou divulgar seus dados pessoais caso seja permitido ou exigido por lei, em razão de determinação judicial, administrativa ou de qualquer órgão governamental, ou caso acreditemos que tal ação é necessária para detectar, proteger, nos defender e/ou a terceiros contra erro, negligência, quebra de contrato, roubo, fraude e outras atividades ilegais ou criminais e, ainda, para seguir as nossas exigências de auditoria ou segurança, e para auditar a conformidade com políticas e obrigações legais ou contratuais."
page 436.txt,116,"
7."
page 436.txt,117,"Divulgação de informações pessoais
"
page 436.txt,118,"Além das revelações identificadas nos propósitos acima, de tempos em tempos podemos revelar informações pessoais para:"
page 436.txt,119,"
a. nossos provedores de serviços e subcontratados, incluindo nossos parceiros, contratados para realizar funções em nosso nome ou fornecer-nos serviços, tais como armazenamento e entregas; marketing e propaganda; processamento de dados; desenvolvimento de software; hospedagem e gerenciamento de sites na Web; serviços de escritório e de tecnologia de informação; jurídico, contabilidade, auditoria e outros provedores de serviços profissionais; e desde que estes provedores de serviços não coletem, usem ou revelem as informações pessoais para qualquer propósito que não seja o de realizar as funções ou fornecer os serviços conforme exigido por lei."
page 436.txt,120,"
b. uma pessoa ou entidade, incluindo nossos parceiros, a quem seja necessário revelar informação para executar uma ou mais das finalidades descritas acima;"
page 436.txt,121,"
c. uma pessoa que, na nossa avaliação razoável, esteja fornecendo ou requisitando a informação como representante legal ou agente designado do indivíduo em questão."
page 436.txt,122,"
Ao aceitar os Termos e Condições de uso do site, que incluem esta Declaração de Privacidade, você concede permissão para usar e divulgar suas informações pessoais para os propósitos especificados acima."
page 436.txt,123,"
8."
page 436.txt,124,"Segurança
"
page 436.txt,125,Nós levamos a segurança a sério e tomamos precauções para manter as suas informações pessoais seguras.
page 436.txt,126,"Nós estabelecemos processos físicos, eletrônicos e gerenciais apropriados para garantir a segurança da informação que coletamos."
page 436.txt,127,Nós não temos controle sobre a privacidade de quaisquer comunicações de e-mail que estejam em trânsito até nós.
page 436.txt,128,"Recomendamos que você não inclua informações confidenciais, proprietárias ou sensíveis nos seus e-mails."
page 436.txt,129,"
No evento improvável de acreditarmos que a segurança de suas informações pessoais que estão sob nossa tutela ou controle foi comprometida, podemos tentar avisá-lo do ocorrido."
page 436.txt,130,"Se uma notificação for apropriada, tentaremos fazê-la o mais rápido possível sob as circunstâncias e, na medida em que possuímos o seu endereço de e-mail, poderemos notificá-lo por e-mail."
page 436.txt,131,"
9."
page 436.txt,132,"Permissões de portfólio
"
page 436.txt,133,Podemos ocasionalmente enviar-lhe comunicações sobre marcas não mencionadas no www.ubook.com (p. ex.
page 436.txt,134,: novas ofertas).
page 436.txt,135,"
Fornecer uma permissão geral para que nos comuniquemos com você sobre as ofertas existentes no site www.ubook.com não significa que você receberá comunicações sobre todas as ofertas existentes no referido site."
page 436.txt,136,Nós somente nos comunicaremos com você sobre aquelas ofertas que acreditamos possam ser de seu interesse especial.
page 436.txt,137,Quaisquer comunicações desse tipo lhe darão a oportunidade de cancelar todas as comunicações a respeito das ofertas contidas no site.
page 436.txt,138,"
10."
page 436.txt,139,"LINKS
"
page 436.txt,140,Este site pode conter links ou referências a outros sites que estão fora do nosso controle.
page 436.txt,141,"Por favor, esteja ciente de que não temos controle sobre esses sites e que a nossa Declaração de Privacidade não se aplica a esses sites."
page 436.txt,142,Nós o encorajamos a ler as declarações de privacidade e termos e condições de sites relacionados ou mencionados nos quais você entrar.
page 436.txt,144,"Nada nesta Declaração de Privacidade, ou em outro local, criará ou complementará qualquer direito ou reivindicação (seja ele legal, correto ou de outra forma) que qualquer indivíduo ou pessoa possa ter, amparado ou não na lei, contra a companhia ou contra qualquer terceira parte ou contra quaisquer de seus respectivos diretores, oficiais, funcionários, agentes ou representantes; tampouco irá a existência desta Declaração de Privacidade ou a sua execução impor ou complementar alguma obrigação ou responsabilidade à UBOOK EDITORA que ela já não possua perante a lei."
