Document,Parag_number,Paragraph_Text
page 447.txt,0,"Este documento trata da política de privacidade para regular o tratamento e a proteção dos dados pessoais de leitores e usuários dos sites e aplicativos da Empresa Folha da Manhã S.A., com sede na Alameda Barão de Limeira, nº 425, Campos Elíseos, na cidade de São Paulo, estado de São Paulo, inscrita no CNPJ/MF sob o nº 60.579.703/0001-48 (“Folha”)."
page 447.txt,2,"À medida que você acessa os sites e aplicativos para tablets e celulares da Folha, podem ser registradas informações sobre quais páginas foram acessadas, qual é seu navegador, seu IP, seu sistema operacional, entre outros."
page 447.txt,3,"
Algumas páginas também podem armazenar cookies, pequenos arquivos instalados por sites nos computadores quando o navegador de internet é usado."
page 447.txt,4,"Esses arquivos permitem identificar se um mesmo aparelho já fez uma visita anterior ao site, se o usuário tem ou não cadastro ou se é assinante, em dados fornecidos pelos próprios usuários em cadastro prévio, por livre e espontânea vontade."
page 447.txt,5,"
Para navegar por algumas áreas dos sites da Folha, usar alguns dos nossos serviços ou, ainda, para ter direito a um maior consumo gratuito de reportagens, pode ser necessário identificar-se por meio de cadastro e aceitar o armazenamento de cookies."
page 447.txt,6,"
A extensão do cadastro varia conforme o serviço a ser utilizado, mas todas as informações fornecidas pelos usuários seguem as regras aqui contidas e são usadas com as seguintes finalidades:"
page 447.txt,7,"
●"
page 447.txt,8,Informar sobre conteúdo publicado pela Folha e novos produtos da empresa
page 447.txt,9,"
● Manter atualizados os dados de usuários para contato por telefone, correio eletrônico e mala direta;"
page 447.txt,10,"
● Analisar estatísticas gerais de uso do site, sem nenhuma identificação individual dos usuários, visando melhorar a experiência de navegação;"
page 447.txt,11,"
● Responder a dúvidas e solicitações dos leitores;"
page 447.txt,12,"
● Realizar campanhas de comunicação e marketing de relacionamento;"
page 447.txt,13,"
● Divulgar ofertas especiais de parceiros."
page 447.txt,15,"As atividades acima, exceto as que não identificam individualmente o usuário, dependem de sua autorização expressa para serem realizadas."
page 447.txt,16,"Esta autorização será pedida no momento de cadastro, que poderá ser alterado a qualquer momento no endereço https://login.folha.com.br/perfil."
page 447.txt,17,"Ou seja, você tem o direito de requerer a mudança, atualização e a remoção de qualquer informação pessoal que tenha sido fornecida à Folha."
page 447.txt,19,As mensagens enviadas por e-mail trarão a opção de cancelar o envio de newsletters.
page 447.txt,20,"Caso receba alguma promoção identificada como sendo da Folha e tenha dúvidas sobre sua veracidade, você pode consultar a Folha na página https://www1.folha.uol.com.br/falecomafolha/.
"
page 447.txt,21,O envio dos e-mails pode ser feito por meio dos servidores de empresa contratada pela Folha.
page 447.txt,22,"Essa empresa não armazenará e tampouco usará, de nenhuma forma e sob nenhuma hipótese, os dados do cadastro dos usuários para qualquer outro fim que não o envio das mensagens, de acordo com autorização e preferências registrada no cadastro."
page 447.txt,24,"A Folha usará todos os meios necessários para proteger a confidencialidade, a integridade e a disponibilidade dos dados."
page 447.txt,25,"As informações serão incorporadas ao banco de dados da Folha e ficarão armazenadas na sede da Folha, restritas apenas aos seus funcionários e pessoas autorizadas."
page 447.txt,27,"Os dados do usuário nunca serão transferidos pela Folha a terceiros, que não sejam parceiros ou empresas contratadas para as finalidades acima, sem que o usuário tenha previamente autorizado, exceto em casos de decisão judicial."
page 447.txt,28,Também nunca serão usados para qualquer outro fim além do motivo de sua coleta.
page 447.txt,29,"Caso sejam indevidamente utilizados, os responsáveis estão sujeitos a sanções judiciais e administrativas."
page 447.txt,31,"O usuário é responsável pela guarda de sua senha e nome de usuário, além de garantir a veracidade das demais informações contidas no cadastro."
page 447.txt,32,"Para alterações, a qualquer momento, basta acessar o endereço https://login.folha.com.br/conta."
page 447.txt,34,A Folha considera que todo usuário que aceite fornecer seus dados pessoais já conhece e aceita os termos deste compromisso.
page 447.txt,36,Esta política vale apenas para os sites pertencentes à Folha.
page 447.txt,37,"
Ao acessar links para outros sites, você deverá verificar as respectivas políticas de privacidade e tratamento de dados utilizados por estes sites."
page 447.txt,38,"A Folha não é responsável por sites fora de seu domínio, não possuindo qualquer controle sobre privacidade, conteúdo, confidencialidade ou consequências de sua utilização."
page 447.txt,40,A Folha pode atualizar essa política a qualquer momento.
page 447.txt,41,"Caso haja mudança em algum item deste compromisso, todos os leitores cadastrados poderão ser avisados, e o novo texto será publicado nesta página."
page 447.txt,42,"Independentemente de notificação, você deverá acessar esta página com frequência para garantir que esteja de acordo com eventuais mudanças realizadas."
page 447.txt,44,"A Folha tem o compromisso em melhorar continuamente os controles de atualização, gerenciamento, exportação e exclusão de seus dados pessoais, evoluindo seus sistemas em conformidade com os regulamentos de proteção de dados vigentes que possam atingir seu universo de leitores."
page 447.txt,45,"A Folha se compromete a pormenorizar de forma técnica, caso haja interesse, como ocorre o processamento de dados na empresa."
page 447.txt,46,"
Comentários
"
page 447.txt,47,Os comentários não representam a opinião do jornal; a responsabilidade é do autor da mensagem.
page 447.txt,48,"
ALTAMIR FIGUEIRA18.jan.2021 às 7h03
Se for pra publicar um comentário horas depois de enviado ou no dia seguinte,"
page 447.txt,49,é melhor deletá-lo de cara.
page 447.txt,50,Censura velada é feio...
page 447.txt,51,"(a respeito de comentários feitos na coluna de Antonio Prata, 17/01/2021)"
page 447.txt,52,"
Paulo Faria16.jan.2021 às 10h06"
page 447.txt,53,"
Estou de acordo com a Política de Privacidade - Folha de S.Paulo
Luiz Antônio de Lima Ferreira7.mai.2020 às 21h43"
page 447.txt,55,Propaganda do aplicativo Badoo
page 447.txt,56,"toda hora que entro no aplicativo do jornal irritante,no aguardo de providências, agradeço."
