Document,Parag_number,Paragraph_Text
page 126.txt,0,"O Ministério da Saúde adotada as práticas que visam proporcionar aos usuários do Portal e de seus aplicativos o acesso às informações institucionais e referentes aos seus dados pessoais com privacidade, segurança e credibilidade."
page 126.txt,1,"
A presente Política de Privacidade do Portal do Ministério da Saúde visa demonstrar o compromisso do Ministério da Saúde - CNPJ nº 00.394.544/0036-05, com sede na Esplanada dos Ministérios, Bloco G, Anexo A, Brasília / DF, telefone: 61 3315-2254, e-mail dpo@saude.gov.br - com a privacidade, proteção e tratamento de dados pessoais para finalidade específica."
page 126.txt,3,"Ao manifestar a aceitação deste termo, o usuário consente e concorda que o Ministério da Saúde tome decisões referentes ao tratamento de seus dados pessoais, notoriamente sem identificações pessoais."
page 126.txt,4,"Para tal, é necessário o consentimento e conhecimento dos termos para maior segurança na relação entre o cidadão e o governo, bem como permita que o Ministério da Saúde realize o tratamento de tais dados, envolvendo operações como as que se referem a coleta, produção, recepção, classificação, utilização, acesso, reprodução, transmissão, distribuição, processamento, arquivamento, armazenamento, eliminação, avaliação ou controle da informação, modificação, comunicação, transferência, difusão ou extração, de acordo com legislação em vigor."
page 126.txt,6,"Os aplicativos disponibilizados pelo Portal do Ministério da Saúde podem ter termos e políticas de uso complementares, que serão explicitados em suas respectivas aplicações."
page 126.txt,7,"
Ao tomar conhecimento deste Termo de Privacidade do Portal do Ministério da Saúde e seus aplicativos, o usuário autorizará a coleta e a utilização de informações exclusivamente para os fins a que se destinam tais aplicativos."
page 126.txt,8,O Ministério da Saúde se compromete a não os repassar ou desviá-los para quaisquer outras finalidades ou a terceiros.
page 126.txt,10,"As informações de acesso, como a senha, são de uso exclusivo do usuário, que não deverá repassá-las a terceiros."
page 126.txt,11,"
Caso o usuário se recuse a fornecer informações de identificação, poderá ser impedido de utilizar determinados aplicativos."
page 126.txt,12,"
Com a Política de Privacidade, o usuário fica ciente de que os aplicativos terão acesso às funcionalidades do dispositivo que estiver utilizando, por comando do próprio, para ativação e uso de Arquivos Locais, Câmeras, Acesso ao GPS e utilização de dados biométricos."
page 126.txt,14,"Os aplicativos do Ministério da Saúde poderão coletar e usar informações pessoais dos usuários para os propósitos específicos de cada aplicativo, bem como o tratamento de tais dados, envolvendo operações como as que se referem a coleta, produção, recepção, classificação, utilização, acesso, reprodução, transmissão, distribuição, processamento, arquivamento, armazenamento, eliminação, avaliação ou controle da informação, modificação, comunicação, transferência, difusão ou extração, de acordo com legislação em vigor."
page 126.txt,16,O Ministério da Saúde poderá manter e tratar os dados pessoais do usuário durante todo o período em que estes sejam pertinentes ao alcance das finalidades listadas neste termo.
page 126.txt,17,"Dados pessoais anonimizados, sem possibilidade de associação ao indivíduo, poderão ser mantidos por período indefinido."
page 126.txt,19,"O usuário poderá solicitar, via e-mail ou correspondência ao Ministério da Saúde, a qualquer momento, que sejam eliminados os dados pessoais não anonimizados."
page 126.txt,20,Mas fica ciente de que poderá ser inviável ao Ministério da Saúde continuar o fornecimento das informações objetivadas ou serviços a partir da eliminação dos dados pessoais.
page 126.txt,22,"O Ministério da Saúde responsabiliza-se pela manutenção de medidas de segurança, técnicas e administrativas aptas a proteger os dados pessoais de acessos não autorizados e de situações acidentais ou ilícitas de destruição, perda, alteração, comunicação ou qualquer forma de tratamento inadequado ou ilícito."
page 126.txt,23,"
Em conformidade ao art. 48 da Lei nº 13.709, o Ministério da Saúde comunicará ao usuário e à Autoridade Nacional de Proteção de Dados (ANPD) a ocorrência de incidente de segurança que possa acarretar risco ou dano relevante ao Titular."
page 126.txt,24,"
Podem ser armazenados cookies em alguns aplicativos do Ministério da Saúde para guardar determinados dados do usuário em arquivos de texto do navegador, coletados automaticamente: informações sobre seu endereço IP, tipo de navegador, sistema operacional, páginas visitadas, duração da visita, entre outras."
page 126.txt,25,"Essas informações podem ser necessárias para o processamento de determinados consultas em banco de dados, evitando a ação de mecanismos de pesquisa automáticos."
page 126.txt,27,O navegador do usuário deve estar habilitado para gravação de cookies.
page 126.txt,28,"Portanto, os aplicativos poderão solicitar esta autorização."
page 126.txt,30,"O Titular tem direito a obter do Ministério da Saúde, em relação aos dados por ele tratados, a qualquer momento e mediante requisição:"
page 126.txt,31,"
Este consentimento poderá ser revogado pelo usuário, a qualquer momento, mediante solicitação via e-mail ou correspondência ao Ministério da Saúde."
page 126.txt,33,"O Ministério da Saúde não comercializa informações de identificação de usuários, podendo compartilhar informações demográficas, sem qualquer vínculo com identificação pessoal de seus usuários."
page 126.txt,34,"
Esta Política de Privacidade pode ser atualizada a qualquer momento para alterações e/ou ajustes, devidamente divulgado em notificações no aplicativo a que se referem as modificações."
