Document,Parag_number,Paragraph_Text
page 32.txt,0,"Esta Declaração de privacidade explica as práticas da Netflix, incluindo as suas escolhas como cliente, referentes à coleta, utilização e divulgação de certas informações, incluindo suas informações pessoais, em relação ao serviço Netflix."
page 32.txt,1,"
Como contatar a Netflix
Caso tenha dúvidas gerais sobre sua conta ou queira saber como entrar contato com o atendimento ao cliente, acesse nosso Centro de ajuda online em help.netflix.com."
page 32.txt,2,"Para questões específicas sobre esta Declaração de privacidade, incluindo a utilização de dados pessoais, cookies e outras tecnologias semelhantes, entre em contato com o nosso Encarregado de Proteção de Dados/Divisão de Privacidade por email no endereço privacy@netflix.com."
page 32.txt,4,"A Netflix Entretenimento Brasil, Ltda é a entidade responsável pelo tratamento dos seus dados pessoais."
page 32.txt,5,"Se você entrar em contato para solicitar assistência, para sua segurança e da Netflix, poderá ser preciso autenticar sua identidade antes de atender ao seu pedido."
page 32.txt,6,"
Coleta de dados"
page 32.txt,8,"A Netflix recebe e armazena dados sobre você, tais como:"
page 32.txt,9,"
-
Dados que você nos fornece: a Netflix coleta os dados que você nos fornece, tais como:"
page 32.txt,10,"
-
seu nome, email, endereço ou código postal, forma(s) de pagamento e número de telefone."
page 32.txt,11,"Em certos países, coletamos um número de identificação nacional para fins de cobrança e cumprimento das leis fiscais."
page 32.txt,12,"Os dados são coletados de diversas formas, incluindo quando você os fornece ao usar o serviço, interage com o serviço de atendimento ao cliente da Netflix ou participa em pesquisas ou promoções de marketing;
-
informações referentes à sua classificação de títulos, suas preferências pessoais e configurações (inclusive preferências configuradas na seção “Conta” no nosso site) ou, de outra forma, quando você fornece dados à Netflix, seja por intermédio do serviço"
page 32.txt,13,Netflix ou outros.
page 32.txt,14,"
-
Dados que coletamos automaticamente: a Netflix coleta dados sobre você e seu uso do nosso serviço, suas interações com a Netflix e a publicidade da Netflix, assim como dados sobre sua rede, seus aparelhos de rede e seu computador ou outros aparelhos compatíveis com a Netflix que você possa usar para acessar nossos serviços (tais como, videogames, Smart TVs, aparelhos móveis, decodificadores e outros aparelhos de streaming)."
page 32.txt,15,Tais dados incluem:
page 32.txt,16,"
-
suas atividades no serviço Netflix, como os títulos selecionados, as séries a que você assistiu e buscas;
-
suas interações com nossos emails, nossas mensagens de texto e nossas mensagens enviadas por canais de comunicação push e online;
-
detalhes sobre suas interações com o serviço de atendimento ao cliente, tais como data, hora e motivo do contato, transcrição de comunicação pelo bate-papo e, no caso de chamadas, o seu número de telefone e as gravações das chamadas;
-
IDs de aparelhos ou outros identificadores únicos, incluindo seus aparelhos de rede e aparelhos compatíveis com a Netflix em sua rede Wi-Fi;
-
identificadores de aparelho redefiníveis (também conhecidos como identificadores de publicidade), como os incluídos em certos celulares, tablets e aparelhos de streaming (consulte a seção “Cookies e publicidade na Internet” abaixo para saber mais);
-
características de aparelhos e software (tais como o tipo e a configuração), dados sobre a conexão, incluindo o tipo (Wi-Fi, celular), estatísticas sobre visualizações de página, fonte encaminhadora (por exemplo, URLs de origem), endereço de IP (que pode indicar à Netflix sua localização geográfica aproximada), navegador e dados padrão de logs de servidores da Internet;
-
dados coletados pelo uso de cookies, web beacons e outras tecnologias, incluindo dados de anúncios (tais como dados sobre a disponibilidade e distribuição de anúncios, a URL do site, assim como a data e hora)."
page 32.txt,17,(Consulte a seção “Cookies e publicidade na Internet” para saber mais.)
page 32.txt,18,"
-
Dados obtidos com parceiros: a Netflix coleta dados a partir de outras empresas com as quais você mantém um relacionamento (“Parceiros”)."
page 32.txt,19,Esses Parceiros podem incluir (dependendo dos serviços que você usa):
page 32.txt,20,"o seu provedor de serviços de TV ou Internet, ou outros provedores de aparelhos de streaming que disponibilizam o nosso serviço no aparelho deles;"
page 32.txt,21,operadoras de telefonia celular ou outras empresas que fornecem serviços e recebem o pagamento pelo serviço Netflix e o repassam para nós ou oferecem promoções pré-pagas para o serviço Netflix; e provedores de plataformas de assistente de voz que permitem a interação com o nosso serviço por meio de comandos de voz.
page 32.txt,22,"Os dados fornecidos pelos Parceiros para nós dependem da natureza dos serviços do Parceiro e podem incluir:
-
consultas e comandos de busca aplicáveis à Netflix realizados em aparelhos ou plataformas de assistente de voz do Parceiro;
-
dados de ativação de serviço, como o seu email ou outros dados de contato;
-
endereços IP, IDs de aparelho ou outros identificadores únicos, bem como dados associados sobre promoções pré-pagas, faturamento e interface do usuário, usados na autenticação de usuários, na experiência de assinatura do serviço Netflix, no processamento de pagamentos pelo Parceiro e na exibição de conteúdo da Netflix para você por meio de partes da interface do usuário do Parceiro."
page 32.txt,23,"
-
Dados de outras fontes: a Netflix também obtém dados a partir de outras fontes."
page 32.txt,24,"Protegemos esses dados de acordo com as práticas descritas nesta Declaração de privacidade, além de respeitar as restrições adicionais impostas pela fonte dos dados."
page 32.txt,25,"Essas fontes variam no decorrer do tempo, mas podem incluir:"
page 32.txt,26,"
-
prestadores de serviços que nos ajudam a identificar uma localização baseada no seu endereço IP para personalizar o nosso serviço e para outros fins compatíveis com esta Declaração de privacidade;
-
prestadores de serviços de segurança que nos fornecem dados para proteger nossos sistemas, previnem fraudes e nos ajudam a proteger a segurança das contas Netflix;
-
prestadores de serviços de pagamento que nos fornecem dados de pagamento ou saldo, ou atualizações desses dados com base no relacionamento deles com você;
-
fornecedores de dados online e offline, dos quais obtemos dados demográficos agregados, dados baseados no interesse e dados relacionados a anúncios online;
-
fontes publicamente disponíveis, como publicações disponibilizadas ao público em plataformas de redes sociais e por meio de bancos de dados públicos que associam endereços IP a provedores de Internet (ISPs)."
page 32.txt,28,"Uso de dados
"
page 32.txt,29,"A Netflix utiliza os dados para oferecer, analisar, administrar, aprimorar e personalizar nossos serviços e esforços de marketing, para gerenciar encaminhamentos de assinantes, para processar sua inscrição, seus pedidos e pagamentos, e para nos comunicarmos com você sobre esses e outros assuntos."
page 32.txt,30,"Por exemplo, a Netflix utiliza esses dados para:"
page 32.txt,31,"
-
determinar sua localização geográfica aproximada, oferecer conteúdo localizado, oferecer recomendações personalizadas e customizadas de filmes e séries que, na nossa avaliação, poderiam ser do seu interesse, determinar o seu provedor de Internet para auxiliar na resolução de problemas de rede para você (também usamos dados agregados do ISP para fins operacionais e comerciais) e ajudar nossa equipe a responder de forma rápida e eficiente às suas dúvidas e solicitações;
-
coordenar com os Parceiros a disponibilização do serviço"
page 32.txt,32,Netflix para os assinantes e fornecer aos não assinantes dados sobre a disponibilidade do serviço
page 32.txt,33,Netflix de acordo com a relação específica que você mantém com o Parceiro;
page 32.txt,34,"
-
proteger nossos sistemas, prevenir fraudes e nos ajudar a manter seguras as contas Netflix;
-
prevenir, detectar e investigar atividades possivelmente proibidas ou ilegais, incluindo atividades fraudulentas, e aplicar nossos termos (tais como determinar se você está qualificado para ofertas de inscrição na Netflix e a quais ofertas essa qualificação se aplica e determinar se um aparelho em particular pode ser usado com a conta segundo os nossos Termos de uso);
-
analisar e entender nosso público, melhorar o serviço (inclusive a interface do usuário e o desempenho do serviço) e otimizar a seleção de conteúdo, os algoritmos de recomendação e a transmissão;
-
comunicar-se com você sobre o serviço para que possamos enviar novidades sobre a Netflix, detalhes sobre novas funcionalidades, conteúdos disponíveis na Netflix, ofertas especiais, anúncios sobre promoções, pesquisas de mercado, e para prestar ajuda com pedidos de natureza operacional, como pedidos de redefinição de senha."
page 32.txt,35,"Essas comunicações podem ser feitas por vários métodos, tais como email, notificações push, mensagens de texto, canais de mensagens online e comunicações de identificadores correspondentes (descritas abaixo)."
page 32.txt,36,Consulte a seção “Suas Opções” desta Declaração de privacidade para saber como configurar e modificar suas preferências de comunicação.
page 32.txt,38,"Divulgação de dados
"
page 32.txt,39,"A Netflix divulgará seus dados para fins específicos e a terceiros, conforme descrição abaixo:
-
Família Netflix de empresas: poderemos compartilhar seus dados com a família Netflix de empresas (help.netflix.com/legal/corpinfo) conforme necessário, para: proporcionar acesso a nossos serviços; proporcionar serviço de atendimento ao cliente; tomar decisões sobre melhorias ao serviço, desenvolvimento de conteúdo e outros fins descritos na seção “"
page 32.txt,40,Uso de dados” da presente Declaração de privacidade.
page 32.txt,41,"
-
Prestadores de Serviços: a Netflix poderá contratar outras empresas, agentes ou terceirizados (os “Prestadores de Serviços”) para fornecer serviços em nome da Netflix ou ajudar a Netflix no fornecimento de serviços destinados a você."
page 32.txt,42,"Por exemplo, a Netflix contrata Prestadores de Serviços para prestar serviços de marketing, publicidade, comunicação, segurança, infraestrutura e serviços de TI para personalizar e otimizar o serviço"
page 32.txt,43,"Netflix, fornecer dados de conta bancária ou de saldo, processar transações por cartão de crédito e outras formas de pagamento, prestar serviços de atendimento ao cliente, analisar e aprimorar dados (inclusive dados de interação com o serviço Netflix) e conduzir pesquisas de mercado."
page 32.txt,44,"No decorrer da prestação desses serviços, esses Prestadores de Serviços podem ter acesso a seus dados pessoais ou de outra natureza."
page 32.txt,45,"Não autorizamos estas empresas a usar ou divulgar seus dados pessoais, a não ser com a finalidade de fornecer os serviços contratados pela Netflix (que incluem a manutenção e o aprimoramento de seus serviços)."
page 32.txt,46,"
-
Parceiros: como descrito acima, você pode ter um relacionamento com um ou mais de nossos Parceiros."
page 32.txt,47,"Nesse caso, poderemos compartilhar determinados dados com esses Parceiros para coordenar com eles a prestação do serviço"
page 32.txt,48,Netflix aos assinantes e fornecer dados sobre a disponibilidade do serviço Netflix.
page 32.txt,49,"Por exemplo, dependendo de quais serviços de Parceiros você usa, poderemos compartilhar dados:"
page 32.txt,50,"
-
para facilitar as promoções pré-pagas do Parceiro ou o recebimento do pagamento do serviço"
page 32.txt,51,Netflix pelo Parceiro e o repasse desse pagamento para a Netflix;
page 32.txt,52,"
-
com Parceiros que operam plataformas de assistente de voz que permitem interagir com o nosso serviço por meio de comandos de voz;"
page 32.txt,53,"
-
para que seja possível sugerir a você, na interface de usuário do Parceiro, o conteúdo e os recursos disponíveis no serviço Netflix."
page 32.txt,54,"Para os assinantes, essas sugestões fazem parte do serviço Netflix e podem incluir recomendações personalizadas de conteúdo a ser assistido."
page 32.txt,55,"
-
"
page 32.txt,56,Ofertas promocionais:
page 32.txt,57,"a Netflix poderá oferecer programas ou promoções conjuntas que, para efeitos de participação, exijam que dados pessoais sejam compartilhados com terceiros."
page 32.txt,58,"Para realizar estes tipos de promoção, a Netflix poderá compartilhar seu nome e outros dados pessoais referentes ao benefício que estamos oferecendo."
page 32.txt,59,"Por favor, observe que estes terceiros são responsáveis por suas próprias políticas de privacidade."
page 32.txt,60,"
-
Proteção da Netflix e outros: a Netflix e seus Prestadores de Serviços poderão divulgar ou, de outra forma, utilizar seus dados pessoais quando a Netflix ou tais empresas tiverem motivos razoáveis para acreditar que tal divulgação é necessária para (a) atender a alguma lei ou norma aplicável, processo legal ou solicitação governamental, (b) fazer cumprir os termos de uso aplicáveis, incluindo a investigação de potenciais infrações destes, (c) detectar, prevenir ou endereçar atividades ilegais ou suspeitas (inclusive fraude de pagamentos), problemas técnicos ou de segurança ou (d) proteger-se contra infrações aos direitos, propriedade ou segurança da Netflix, de seus usuários ou do público, conforme requerido ou permitido por lei."
page 32.txt,61,"
-
Transferência de propriedade: em relação a qualquer reorganização, reestruturação, fusão ou venda, ou transferência de ativos, a Netflix transferirá dados, incluindo dados pessoais, desde que a parte receptora se comprometa a respeitar seus dados pessoais de maneira condizente com nossa Declaração de privacidade."
page 32.txt,62,"
No decorrer do compartilhamento de dados, sempre que transferirmos dados pessoais a outros países, nós nos certificaremos de que os dados sejam transferidos segundo esta Declaração de privacidade e conforme permitido pela legislação de proteção de dados aplicável."
page 32.txt,63,"
Você também poderá optar por divulgar seus dados das seguintes maneiras:"
page 32.txt,64,"
-
determinadas seções do serviço"
page 32.txt,65,"Netflix poderão conter uma ferramenta que dá a você a opção de compartilhar dados por email, mensagem de texto ou outros aplicativos de compartilhamento por intermédio de softwares cliente e aplicativos instalados no seu aparelho;"
page 32.txt,66,"
-
plugins de redes sociais e tecnologias similares permitem o compartilhamento de dados."
page 32.txt,67,"
Plugins e aplicativos de redes sociais são operados pelas próprias redes sociais e estão sujeitos aos seus respectivos termos de uso e políticas de privacidade."
page 32.txt,69,"Acesso à conta e perfis
-
Função “Lembrar de mim”: para simplificar o acesso à sua conta, você pode utilizar a função “Lembre-se de mim neste aparelho” ao acessar o site."
page 32.txt,70,Essa função utiliza tecnologia que nos permite dar acesso direto à conta e ajuda a administrar o serviço
page 32.txt,71,Netflix sem redigitar a senha ou identificação do usuário ao retornar ao serviço no navegador.
page 32.txt,72,"
-
Permitir que outras pessoas acessem a sua conta:"
page 32.txt,73,"se você compartilhar ou permitir que outras pessoas tenham acesso à sua conta, elas poderão ver as séries a que você assistiu, as classificações e os dados da sua conta (inclusive seu email e outros dados na seção “Conta” no nosso site)."
page 32.txt,74,Isso ocorre mesmo utilizando o recurso de perfis.
page 32.txt,75,"Você pode ter a opção de usar o login de conta integrado no aplicativo móvel Netflix, que permite entrar no aplicativo Netflix em Smart TVs, decodificadores e outros aparelhos de streaming na rede Wi-Fi à qual você está conectado."
page 32.txt,76,"Se você usar esse recurso, esses aparelhos permanecerão conectados à sua conta até que você encerre a sessão deles."
page 32.txt,77,"
-
Perfis: os perfis permitem que os usuários tenham uma experiência Netflix personalizada e distinta, criada com base nos filmes e séries de seu interesse, cada um com o seu próprio histórico de títulos assistidos."
page 32.txt,78,"Os perfis estão à disposição de todos aqueles que utilizarem sua conta Netflix, portanto, qualquer pessoa com acesso à sua conta Netflix poderá acessar, utilizar, editar e excluir perfis."
page 32.txt,79,"Explique esta funcionalidade a todas as pessoas com acesso à sua conta e, se não quiser que eles utilizem ou alterem seu perfil, certifique-se de informá-los."
page 32.txt,80,"Os usuários do perfil podem ter a oportunidade de adicionar um email, número de telefone ou outros dados ao perfil e receberão uma notificação de cobrança e uso quando esses dados forem solicitados (sujeito à Declaração de privacidade do perfil (help.netflix.com/legal/profileprivacy))."
page 32.txt,81,"
-
Remoção do acesso de aparelhos à sua conta Netflix: para excluir o acesso à sua conta Netflix de seus aparelhos: (a) acesse a seção “Conta” no nosso site, selecione “Encerrar a sessão em todos os aparelhos” e siga as instruções para desativar os aparelhos (note que a desativação poderá não ocorrer imediatamente) ou (b) remova as configurações da sua conta Netflix no seu aparelho (as instruções variam de acordo com o aparelho, e esta opção não está disponível em todos os aparelhos)."
page 32.txt,82,"Sempre que possível, assinantes que utilizam aparelhos públicos ou compartilhados devem encerrar sua sessão ao final de cada acesso."
page 32.txt,83,Você sempre deve encerrar sua sessão e desativar o aparelho compatível com a Netflix se for vender ou devolver um computador ou aparelho.
page 32.txt,84,"Se você não mantiver a segurança da sua senha ou aparelho, ou não encerrar a sessão e desativar o seu aparelho, usuários subsequentes poderão ter acesso à sua conta, inclusive aos seus dados pessoais."
page 32.txt,85,"
Suas opções
"
page 32.txt,86,Mensagens de email e texto.
page 32.txt,87,"Se você não quiser mais receber determinados comunicados da Netflix por email ou mensagens de texto, acesse a opção"
page 32.txt,88,“Configurações de comunicação” na seção
page 32.txt,89,“Conta” no nosso site e desmarque as opções que deseja cancelar.
page 32.txt,90,Você pode também clicar no link
page 32.txt,91,"“cancelar” no email recebido, ou responder “STOP” (exceto se receber instruções diferentes) à mensagem de texto."
page 32.txt,92,"Observe que você não pode cancelar o recebimento de comunicados da Netflix relacionados ao serviço, incluindo mensagens referentes às transações da sua conta."
page 32.txt,94,Notificações push.
page 32.txt,95,Você pode optar por receber notificações push da Netflix.
page 32.txt,96,"Em alguns sistemas operacionais de aparelhos, você será inscrito automaticamente para receber as notificações."
page 32.txt,97,"Caso decida posteriormente que já não deseja receber essas notificações, você poderá utilizar as configurações do seu celular para desativá-las."
page 32.txt,98,Também oferecemos notificações push em determinados navegadores da web.
page 32.txt,99,"Se concordar em receber essas notificações e depois decidir que não quer mais recebê-las, você poderá utilizar as configurações do seu navegador para desativá-las."
page 32.txt,100,"
WhatsApp."
page 32.txt,101,Se você ativou as mensagens do WhatsApp relacionadas com a sua conta ou perfil
page 32.txt,102,"Netflix e não quiser mais recebê-las, pode usar as definições do aplicativo WhatsApp para bloqueá-las."
page 32.txt,104,Anúncios baseados em interesse.
page 32.txt,105,Os anúncios baseados em interesse são anúncios online direcionados aos seus prováveis interesses com base na sua utilização de diversos aplicativos e sites na Internet.
page 32.txt,106,"Em um navegador, cookies e web beacons podem ser utilizados para coletar dados que ajudam a identificar os seus prováveis interesses."
page 32.txt,107,"Se estiver utilizando um celular, tablet ou aparelho de streaming que inclua um identificador de aparelho redefinível, este poderá ser utilizado para ajudar a identificar os seus prováveis interesses."
page 32.txt,108,"Para verificar quais são as suas opções referentes a anúncios baseados em interesse na Netflix, consulte a seção"
page 32.txt,109,“Cookies e publicidade na Internet” (abaixo).
page 32.txt,111,Comunicações de identificadores correspondentes.
page 32.txt,112,Alguns sites e aplicativos de terceiros nos permitem atingir nossos usuários com promoções online sobre nossos títulos e serviços por meio do envio de um identificador que protege a privacidade para o terceiro.
page 32.txt,113,Um identificador que protege a privacidade significa que convertemos os dados originais (como um email ou número de telefone) em um valor para evitar que os dados originais sejam revelados.
page 32.txt,114,O terceiro compara o identificador que protege a privacidade com os identificadores em seu banco de dados.
page 32.txt,115,Somente ocorrerá uma correspondência se você tiver usado o mesmo identificador (como um email) com a Netflix e com o terceiro.
page 32.txt,116,"Se houver uma correspondência, a Netflix poderá optar por enviar uma determinada comunicação promocional para você nesse site ou aplicativo de terceiros e poderá otimizar e medir melhor a eficácia da publicidade online."
page 32.txt,117,Você pode optar por não receber essas comunicações na seção “Comunicações de marketing” da seção
page 32.txt,118,“Conta” no nosso site.
page 32.txt,119,"
Seus dados e direitos"
page 32.txt,121,"Você pode solicitar confirmação de que processamos seus dados pessoais, bem como solicitar acesso aos seus dados pessoais e corrigir ou atualizar dados pessoais desatualizados ou incorretos que temos sobre você."
page 32.txt,122,Você também pode solicitar que a Netflix exclua seus dados pessoais.
page 32.txt,124,"Ao acessar a seção “Conta” no nosso site, onde você pode ver e atualizar diversos dados sobre sua conta, inclusive seus dados de contato, de pagamento e diversas outras relacionadas à sua conta (como o conteúdo a que você assistiu e classificou)."
page 32.txt,125,Para acessar a seção “Conta” você precisa estar registrado.
page 32.txt,126,"
Você pode se opor ao uso de seus dados pessoais, solicitar que a Netflix restrinja o uso de seus dados pessoais ou solicitar a portabilidade deles;"
page 32.txt,127,"se a Netflix coletou e processou seus dados pessoais com o seu consentimento, você pode retirar esse consentimento a qualquer momento; a retirada do seu consentimento não afeta a legalidade do uso que fizemos desses dados antes da retirada do seu consentimento nem afeta o uso dos seus dados pessoais tratados com outra base legal além do consentimento;"
page 32.txt,128,você pode solicitar que a Netflix informe se usou seus dados pessoais de forma compartilhada (consulte a seção “Divulgação de dados” acima); você tem o direito de reclamar à Autoridade Nacional de Proteção de Dados se não conseguir resolver qualquer preocupação com a Netflix.
page 32.txt,130,"Se você for o titular da conta, para baixar uma cópia dos seus dados pessoais, acesse: www.netflix.com/account/getmyinfo (é preciso estar conectado para acessar a seção ""Conta"") e siga as instruções."
page 32.txt,131,"
Para outras solicitações ou caso você tenha uma dúvida sobre nossas práticas de privacidade, escreva para o Encarregado de Proteção de Dados/Divisão de Privacidade por email no endereço privacy@netflix.com."
page 32.txt,132,"Para saber mais sobre o acesso aos seus dados, incluindo nosso processo de verificação, consulte este artigo: help.netflix.com/node/100624."
page 32.txt,133,"Para saber mais sobre a exclusão, remoção e retenção de dados, consulte este artigo: help.netflix.com/node/100625."
page 32.txt,134,Respondemos a todas as solicitações que recebemos de indivíduos que queiram exercer os seus direitos de proteção de dados em conformidade com as respectivas leis de proteção de dados.
page 32.txt,135,Consulte também a seção
page 32.txt,136,“Suas opções” desta Declaração de privacidade para ver quais são suas outras opções relativas aos seus dados pessoais.
page 32.txt,138,"A Netflix pode rejeitar solicitações que sejam desarrazoadas ou não exigidas por lei, como aquelas que sejam extremamente impraticáveis, capazes de exigir um esforço técnico desproporcional ou que possa nos expor a riscos operacionais, como fraude em relação ao período de utilização gratuita."
page 32.txt,139,"A Netflix pode reter dados conforme exigência ou permissão prevista em leis e regulamentos aplicáveis, inclusive para honrar suas escolhas, para fins de cobrança ou registros e para atender às finalidades descritas nesta Declaração de privacidade."
page 32.txt,140,A Netflix toma medidas razoáveis para destruir ou anonimizar dados pessoais de forma segura quando deixam de ser necessários.
page 32.txt,141,"
Segurança
"
page 32.txt,142,"A Netflix emprega medidas administrativas, lógicas, gerenciais e físicas razoáveis para proteger seus dados pessoais contra perdas, roubos e acesso, uso e alterações não autorizados."
page 32.txt,143,Essas medidas são elaboradas para oferecer um nível de segurança adequado aos riscos de processamento de seus dados pessoais.
page 32.txt,144,"
Outros sites, plataformas e aplicativos
"
page 32.txt,145,"O serviço Netflix pode ser fornecido por plataformas de terceiros e/ou utiliza recursos (como controles por voz) operados por plataformas de terceiros, bem como pode conter links para sites de terceiros, cujas políticas relativas ao tratamento de dados podem diferir das nossas."
page 32.txt,146,"Por exemplo, você pode acessar o serviço"
page 32.txt,147,"Netflix por meio de plataformas como videogames, Smart TVs, celulares e decodificadores e diversos aparelhos com conexão à Internet."
page 32.txt,148,"Esses sites e plataformas têm políticas de privacidade e dados, declarações de privacidade, termos e avisos de uso separados e independentes, e recomendamos que você os leia atentamente."
page 32.txt,149,"Além disso, você pode encontrar aplicativos de terceiros que interajam com o serviço Netflix."
page 32.txt,151,Crianças
page 32.txt,153,Você deve ter pelo menos 18 anos para assinar o serviço Netflix.
page 32.txt,154,"Menores podem usar o serviço somente com o envolvimento, a supervisão e a aprovação dos pais ou responsáveis."
page 32.txt,156,"Alterações na presente Declaração de privacidade
"
page 32.txt,157,"A Netflix poderá periodicamente alterar esta Declaração de privacidade para atender a mudanças na legislação, exigências regulatórias ou operacionais."
page 32.txt,158,Comunicaremos eventuais alterações (inclusive a data em que entrarão em vigor) conforme previsto por lei.
page 32.txt,159,O uso continuado por você do serviço
page 32.txt,160,Netflix depois que tais alterações passarem a vigorar constituirá seu reconhecimento e (conforme o caso) a sua aceitação delas.
page 32.txt,161,"Caso não queira reconhecer ou aceitar nenhuma das atualizações desta Declaração de privacidade, você poderá cancelar o serviço Netflix."
page 32.txt,162,"Para saber quando essa Declaração de privacidade foi atualizada pela última vez, consulte a seção “Última atualização”, abaixo."
page 32.txt,163,"
Cookies e publicidade na Internet
"
page 32.txt,164,"A Netflix e os nossos Prestadores de Serviços contratados utilizam cookies e outras tecnologias (tais como web beacons), assim como identificadores de aparelho redefiníveis, por diversos motivos."
page 32.txt,165,Nós queremos informá-lo do nosso uso dessas tecnologias.
page 32.txt,166,"Assim, esta seção explica quais tipos de tecnologias utilizamos, sua função e suas opções em relação ao uso dessas tecnologias."
page 32.txt,167,"
Cookies e tecnologias similares, web beacons e identificadores de aparelho redefiníveis
"
page 32.txt,168,"Cookies são pequenos arquivos de dados, armazenados normalmente no seu aparelho enquanto você navega e utiliza sites e serviços online."
page 32.txt,169,"Usamos outras tecnologias, como armazenamento de navegador e plugins (por exemplo, HTML5, IndexedDB e WebSQL)."
page 32.txt,170,"Como os cookies, essas outras tecnologias podem armazenar pequenas quantidades de dados em seu aparelho."
page 32.txt,171,Os web beacons (também conhecidos como clear gifs ou pixel tags) normalmente funcionam em conjunto com os cookies.
page 32.txt,172,"Em vários casos, rejeitar os cookies impedirá também a eficácia dos web beacons associados a esses cookies."
page 32.txt,174,"Se você usar o aplicativo Netflix em um celular, tablet ou aparelho de streaming, poderemos coletar um identificador de aparelho redefinível do seu aparelho."
page 32.txt,175,"Os identificadores de aparelho redefiníveis (também conhecidos como identificadores de publicidade) são similares aos cookies e se encontram em muitos celulares e tablets (por exemplo, o “Identificador de Publicidade” [ou IDFA] nos aparelhos Apple iOS e o “Código de publicidade da Google” em aparelhos Android) e em determinados aparelhos de streaming."
page 32.txt,176,"Assim como os cookies, os identificadores de aparelho redefiníveis são utilizados para aumentar a relevância de anúncios online e para análises e otimização."
page 32.txt,177,"
Por que a Netflix usa essas tecnologias?"
page 32.txt,178,"
Usamos esses tipos de tecnologias por vários motivos, como facilitar o acesso aos nossos serviços, lembrando de você quando retornar ao serviço"
page 32.txt,179,"; fornecer, analisar, entender e aprimorar o uso dos nossos serviços; fazer valer os nossos termos e prevenir fraudes; melhorar o desempenho do site e monitorar o tráfego e as ações de visitantes em nosso site; e entregar e adaptar nosso marketing ou publicidade, bem como compreender as interações com nossos emails, marketing e anúncios online em sites de terceiros."
page 32.txt,180,"
Para ajudar você a entender melhor como usamos cookies e identificadores de aparelho redefiníveis, consulte os dados a seguir:"
page 32.txt,181,"
-
Cookies essenciais:"
page 32.txt,182,esses cookies são estritamente necessários para fornecer nosso serviço online ou website.
page 32.txt,183,"Por exemplo, nós e nossos Prestadores de Serviços podemos usar esses cookies para autenticar e identificar nossos assinantes quando eles usam nossos sites e aplicativos e possamos fornecer serviços a eles."
page 32.txt,184,"Os cookies também nos ajudam a garantir o cumprimento de nossos Termos de uso, prevenir fraudes e manter a segurança do nosso serviço."
page 32.txt,185,"
-
Cookies de desempenho e funcionalidade:"
page 32.txt,186,esses cookies nos ajudam a personalizar e aprimorar a sua experiência online com a Netflix.
page 32.txt,187,"Por exemplo, eles nos ajudam a lembrar de suas preferências e evitar que você precise digitar dados que já forneceu (por exemplo, durante a inscrição)."
page 32.txt,188,"Também usamos esses cookies para coletar dados (como páginas populares, taxas de conversão, padrões de visualização, número de cliques e outros) sobre o uso do serviço"
page 32.txt,189,"Netflix por nossos visitantes, para que possamos aprimorar e personalizar nosso site e nosso serviço e fazer pesquisas de mercado."
page 32.txt,190,A exclusão desses tipos de cookies poderá resultar em funcionalidade limitada do nosso serviço.
page 32.txt,191,"
-
Cookies de publicidade e identificadores de aparelho redefiníveis:"
page 32.txt,192,"esses cookies e identificadores de aparelho redefiníveis usam dados sobre a sua utilização deste e de outros sites e aplicativos, assim como sua resposta a anúncios e emails, para exibir anúncios mais relevantes a você e para análises e otimização."
page 32.txt,193,Esses tipos de anúncios são chamados de “anúncios baseados em interesse”.
page 32.txt,194,Os cookies de publicidade associados com nossos serviços pertencem aos Prestadores de Serviços.
page 32.txt,196,"No que diz respeito ao nosso uso dessas tecnologias, alguns sites e aplicativos em que anunciamos, bem como algumas empresas de tecnologia de publicidade que usamos para comprar, entregar, otimizar e/ou medir nossos anúncios (coletivamente, “Parceiros de Publicidade”), podem receber de nós dados limitados como parte da nossa segmentação, medição e otimização de campanhas (por exemplo, etapas concluídas na inscrição e dados sobre visitas ao site ou abertura/instalação de aplicativos)."
page 32.txt,198,"As utilizações comuns desse tipo de dado são para avaliar a eficácia de campanhas publicitárias e otimizá-las, permitindo que os Parceiros de Publicidade percebam quando alguém que viu um anúncio se inscreveu posteriormente em nosso serviço."
page 32.txt,199,Outra utilização comum é garantir que anúncios que tentam convencer as pessoas a se inscreverem no serviço
page 32.txt,200,Netflix não sejam apresentados a usuários já inscritos na Netflix.
page 32.txt,202,"A Netflix aplica medidas contratuais e técnicas projetadas para impedir que os Parceiros de Publicidade acessem dados sobre títulos específicos selecionados, URLs acessados ou séries assistidas por você em nosso serviço."
page 32.txt,203,Não compartilhamos dados sobre títulos selecionados ou séries assistidas em nosso serviço.
page 32.txt,204,"
Como eu posso fazer escolhas em relação a essas tecnologias?"
page 32.txt,205,"
Para fazer escolhas em relação a cookies
"
page 32.txt,206,Para saber mais sobre cookies definidos por meio do nosso site e sobre outros tipos de monitoramento online (inclusive a coleta de dados sobre suas atividades online por terceiros ao longo do tempo e em sites de terceiros ou por serviços online de publicidade baseada em interesses) e como fazer escolhas em relação a eles
page 32.txt,207,", clique aqui."
page 32.txt,208,"Atualmente, não respondemos a sinais de “não monitorar” de navegadores da web."
page 32.txt,209,"
Para fazer escolhas em relação a identificadores de aparelho redefiníveis
Para optar por não receber da Netflix anúncios baseados em interesse exibidos em conexão com um identificador de aparelho redefinível em um celular, tablet ou aparelho de streaming, configure a respectiva opção no seu aparelho (geralmente em “privacidade” ou “anúncios” nas configurações do aparelho)."
page 32.txt,210,"É possível que você continue vendo anúncios da Netflix no seu aparelho, mas não serão personalizados de acordo com os seus prováveis interesses."
page 32.txt,211,"
Para fazer escolhas em relação a outras tecnologias"
page 32.txt,213,"Há diversas formas de realizar escolhas referentes a tecnologias semelhantes a cookies, como armazenamento de navegador e plugins (por exemplo, HTML5, IndexedDB e WebSQL)."
page 32.txt,214,"Por exemplo, vários navegadores comuns fornecem a capacidade de eliminar o armazenamento do navegador, normalmente localizado na área de configurações ou preferências."
page 32.txt,215,Consulte a função de ajuda ou suporte do seu navegador para saber mais.
page 32.txt,216,"Outras tecnologias, como armazenamento Silverlight, podem ser excluídas de dentro do aplicativo."
page 32.txt,217,"
Para ver a versão anterior deste documento, acesse www.netflix.com/privacyupdates."
