Document,Parag_number,Paragraph_Text
page 254.txt,0,"Este aplicativo foi projetado para para oferecer Avisos de radares, Alertas de tráfego em tempo real e informações relevantes para uma direção mais segura e eficiente."
page 254.txt,2,"O aplicativo e todos os seus conteúdos, incluindo sem limitação texto, fotografias, gráficos, material de áudio e vídeo, software, logos, títulos, caracteres, nomes e ícones são propriedade da ITERATION ou, se for o caso, de seus licenciados."
page 254.txt,3,"Proíbe-se a cópia parcial ou total, a reprodução dos conteúdos, ou o tratamento de engenharia reversa com qualquer um dos conteúdos utilizados pelo aplicativo."
page 254.txt,5,Nós da ITERATION cuidamos da sua privacidade.
page 254.txt,6,"Esta política de privacidade tem por objetivo ajudá-lo a entender quais informações recopilamos, por que as recopilamos e como suas informações podem ser administradas."
page 254.txt,7,"
Nesta Política de Privacidade, o termo ""informações pessoais"" refere-se às informações que você nos proporciona, que o identificam pessoalmente, tais como seu nome, identificador de dispositivo, e-mail ou sua localização."
page 254.txt,8,"
Ao instalar o aplicativo em seu dispositivo, o aplicativo recopila informações ANÔNIMAS sobre o seu uso e informações do dispositivo no qual está instalado."
page 254.txt,9,"Por exemplo: frequência de uso do aplicativo, tempo de uso, tipo e modelo de dispositivo, identificadores únicos, idioma, versão do sistema operacional, uso da bateria e endereço IP."
page 254.txt,10,Também recolhemos informações ANÔNIMAS sobre relatório de falhas e rendimento.
page 254.txt,11,"
Todas as informações recopiladas são utilizadas para manter e melhorar a qualidade do serviço prestado."
page 254.txt,12,"Graças a essas informações, a ITERATION pode oferecer um serviço personalizado, realizar melhoras no aplicativo e solucionar falhas de funcionamento."
page 254.txt,13,"Também usamos suas informações para nos comunicarmos com você através do envio de mensagens com informações sobre atualizações, promoções ou notícias relacionadas com o aplicativo."
page 254.txt,14,"
Em nenhuma circunstância, vendemos os dados recopilados, nem os compartilhamos com terceiros, a menos que o obrigue a lei."
page 254.txt,15,A ITERATION utiliza o seguinte software de terceiros para coletar informações de uso:
page 254.txt,16,"
Serviços fornecidos por Google Inc.:
-Google Analytics for Firebase:"
page 254.txt,17,Usamos o Google Analytics para coletar informações sobre o uso do aplicativo.
page 254.txt,18,"O Google Analytics poderá compartilhar dados com outras ferramentas fornecidas pelo Firebase, tais como Crash Reporting, Authentication, Remote Config ou Cloud Messaging."
page 254.txt,19,"
-Firebase Crash Reporting: Usamos o Firebase Crash Reporting para o relatório de falhas e informações de uso do aplicativo."
page 254.txt,20,"
-Firebase Performance Monitoring: Usamos o Firebase Performance Monitoring para medir o rendimento do aplicativo e para poder realizar otimizações que melhorem a experiência do usuário."
page 254.txt,21,"
-Firebase Remote Config: Usamos o Firebase Remote Config para realizar testes"
page 254.txt,22,A/B e validar ou comparar os resultados sobre mudanças ou melhoras aplicadas às diferentes populações de usuários do aplicativo.
page 254.txt,23,"
-Firebase Cloud Messaging: Usamos o Firebase Cloud Messaging para enviar mensagens e notificações aos usuários do aplicativo."
page 254.txt,24,"As mensagens podem ser enviadas a dispositivos individuais, grupos de dispositivos ou segmentos específicos."
page 254.txt,25,"Podemos obter estatísticas sobre como os usuários interagem com as nossas notificações (Por exemplo, o número de mensagens abertas ou eventos de conversão associados a tal mensagem)."
page 254.txt,26,"
Serviços fornecidos por outras empresas:
-Facebook Analytics: Usamos o Facebook Analytics para realizar um acompanhamento analisar os canais de marketing relacionados com o Facebook."
page 254.txt,27,"Desta forma, podemos atingir melhores resultados na hora de realizar campanhas de marketing destinadas a obter novos downloads do aplicativo."
page 254.txt,28,Também nos ajuda a entender como os usuários utilizam o aplicativo.
page 254.txt,29,Consulte a política de privacidade do Facebook para mais informações:
page 254.txt,30,"https://www.facebook.com/about/privacy
"
page 254.txt,31,"Os dados que você compartilha voluntariamente conosco, como endereço de e-mail, idade, sexo, nome de usuário ou qualquer informação de seu perfil são úteis para proporcionar a você uma experiência mais personalizada."
page 254.txt,32,"Utilizamos seus dados para enviar a você notícias, estatísticas e qualquer informação adicional relacionada com os serviços."
page 254.txt,33,"
Também podemos usar o endereço de e-mail que nos forneceu (dentro do estabelecido pela legislação aplicável) para enviarmos promoções e ações de marketing."
page 254.txt,34,"Se você não deseja receber mais notificações, basta clicar no link correspondente nas mensagens de e-mail ou escrever para nós no e-mail support@iteration-mobile.com."
page 254.txt,35,Não compartilhamos seus dados de contato com terceiros.
page 254.txt,36,"
Uma vez que a ITERATION oferece serviços que registram a localização e você utiliza tais serviços, a ITERATION poderá recopilar e processar seus dados de localização para fornecer serviços baseados em tal localização."
page 254.txt,37,Não se poderá acessar sua localização baseada no GPS sem o seu consentimento.
page 254.txt,39,A ITERATION pode usar informação ANÔNIMA de localização (impossível de associar aos usuários) para colocá-la à disposição de seus parceiros e de qualquer outro terceiro.
page 254.txt,40,"Por exemplo, pode fornecer a informação de GPS (localização, velocidade, precisão do sinal GPS, endereço, data e hora) que recebe de seu dispositivo móvel a empresas de navegação, operadores de comunicação, empresas de tráfego, editores de mapas..."
page 254.txt,41,; em formato agregado ou anônimo para os ajudar a melhorarem seus serviços e a resolverem problemas que venham a ocorrer.
page 254.txt,42,"Sempre que disponibilizar a localização a terceiros, a ITERATION fará isso sempre de forma ANÔNIMA de acordo com a presente política de privacidade."
page 254.txt,44,A maior parte dos navegadores e dispositivos fornecem de modo pré-definido meios para desativar o rastreamento geográfico.
page 254.txt,45,"Se o usuário deu sua autorização expressa a tal possibilidade, o aplicativo poderá receber informações sobre sua localização geográfica real."
page 254.txt,46,"
Em particular, o aplicativo faz uso da sua localização GPS com a finalidade de:
-Avisar ao USUÁRIO, com base em sua localização, sobre possíveis alertas de circulação, tais como: radares, alertas de usuários, pontos de circulação perigosa, semáforos controlados e/ou qualquer incidente de tráfego que seja útil para o usuário do aplicativo."
page 254.txt,47,"
-Notificar novos alertas de tráfego."
page 254.txt,48,"Nossos servidores recebem o tipo de alerta, a localização, data/hora e seu identificador de dispositivo."
page 254.txt,49,"Estas informações são armazenadas em nossos servidores de forma temporária, até que o alerta deixe de estar ativo."
page 254.txt,50,Seu alerta será mostrado a outros usuários de forma totalmente ANÔNIMA.
page 254.txt,52,O aplicativo pode usar publicidade para fornecer o serviço de forma gratuita.
page 254.txt,53,"Quando você utiliza o aplicativo, seu dispositivo envia automaticamente certas informações aos nossos sócios publicitários."
page 254.txt,54,"Essas informações incluem, por exemplo, o nome do aplicativo, o tipo de dispositivo e o ID de publicidade."
page 254.txt,56,"O aplicativo e nossos associados podem recopilar e processar dados pessoais como o identificador do seu dispositivo, dados de localização e outras informações demográficas ou de interesse para lhe oferecer anúncios personalizados."
page 254.txt,57,"Se você for um usuário dentro do território da União Europeia, poderá escolher entre utilizar o aplicativo com anúncios personalizados ou não personalizados através da opção ""Privacidade"" nos ajustes do aplicativo."
page 254.txt,58,"Desabilitar esta opção não retira os anúncios, somente os despersonaliza."
page 254.txt,59,"
Nós também podemos receber informações ANÔNIMAS sobre como nossos usuários interagem com os nossos anúncios."
page 254.txt,60,"
A seguir, apresentamos a você a lista de sócios publicitários com os quais nós trabalhamos para apresentar anúncios:
-Google Admob: Política de privacidade"
page 254.txt,62,-Facebook: Política de privacidade
page 254.txt,64,-Unity Ads: Política de privacidade
page 254.txt,65,"
-Mopub: Política de privacidade
"
page 254.txt,66,O aplicativo pode incorporar compras integradas para retirar os anúncios.
page 254.txt,68,O aplicativo pode usar cookies e tecnologias similares.
page 254.txt,69,Os cookies são pequenos arquivos de texto que se localizam em seu dispositivo.
page 254.txt,70,"O aplicativo pode utilizar cookies para diversos fins, como evitar a necessidade de voltar a introduzir informações de acesso ou recopilar informações estatísticas."
page 254.txt,71,O usuário pode escolher configurar seu navegador web para rejeitar os cookies ou para avisá-lo quando os cookies sejam enviados.
page 254.txt,72,"
Revisamos regularmente nossa política de privacidade e nos asseguramos de que o processamento de suas informações a obedeça."
page 254.txt,73,O GDPR é a nova normativa da União Europeia para proteger a privacidade de seus cidadãos.
page 254.txt,74,"Você, como usuário do aplicativo, tem certos direitos sobre como suas ""informações pessoais"" são processadas."
page 254.txt,75,Eles estão descritos a seguir:
page 254.txt,76,"
-Direito de ser informado: Você tem o direito de saber como seus dados são processados."
page 254.txt,78,-Direito de acesso:
page 254.txt,79,Você tem o direito de acessar e solicitar uma cópia dos seus dados que tenham sido coletados.
page 254.txt,81,-Direito de retificação
page 254.txt,82,: Você tem o direito de modificar e atualizar seus dados pessoais se estiverem sendo usados dados incorretos.
page 254.txt,83,"
-Direito de eliminar: Você tem o direito de eliminar qualquer dado pessoal que tenha sido coletado."
page 254.txt,85,-Direito de restrição:
page 254.txt,86,Você tem o direito de impedir que uma empresa processe certo tipo de dados pessoais.
page 254.txt,88,-Direito de portabilidade de dados:
page 254.txt,89,Você tem o direito de acessar seus dados pessoais e transferi-los para outros controladores.
page 254.txt,91,-Direito de objeção:
page 254.txt,92,"Você tem o direito de retirar seu consentimento ao processamento de seus dados para interesse público, marketing ou pesquisa."
page 254.txt,93,"
-Direito de rejeitar decisões automáticas:"
page 254.txt,94,Você tem o direito de objetar que seus dados sejam processados por sistemas automáticos.
page 254.txt,95,"
Você pode realizar qualquer uma das solicitações descritas anteriormente contatando-nos através de:"
page 254.txt,96,"support@iteration-mobile.com
"
page 254.txt,97,"Nós podemos mudar esta política de privacidade de vez em quando, através da publicação da política de privacidade mais recente e de sua data de vigência em nosso site."
page 254.txt,98,"Caso modifiquemos substancialmente esta política de privacidade, podemos notificar essas mudanças através de aviso explícito em nossos aplicativos, em nossos sites, por e-mail ou através de uma notificação."
page 254.txt,99,"
Sem prejuízo das obrigações legais derivadas da aplicação da normativa espanhola e europeia, este aplicativo é fornecido sem nenhum tipo de garantia expressa ou implícita em relação à sua qualidade, confiabilidade, compatibilidade, segurança, rendimento, propósito, precisão ou exatidão e não infração de direitos ou determinações legais que possam advir de sua utilização independentemente do motivo que o origine."
page 254.txt,101,O uso deste aplicativo implica em que:
page 254.txt,102,"
-Você aceita os riscos que possam sobrevir como resultado da utilização deste aplicativo."
page 254.txt,103,"
-Você aceita as consequências que possam advir do uso de qualquer um dos serviços que este aplicativo possa fornecer, indistintamente da funcionalidade e objeto do seu uso."
page 254.txt,104,"
-Você aceita a responsabilidade de qualquer fato que possa sobrevir que acarrete um prejuízo para o usuário ou um terceiro."
page 254.txt,105,"
-Você exime a ITERATION de qualquer responsabilidade sobre os resultados negativos ou consequências indesejadas que impliquem em infração ou delito de qualquer tipo."
page 254.txt,106,"
-Você é responsável por qualquer uso ilícito que possa realizar com o aplicativo que envolva qualquer descumprimento normativo ou legal."
page 254.txt,107,"
Você pode cancelar todos os serviços deste aplicativo a qualquer momento desinstalando o aplicativo do seu dispositivo."
page 254.txt,109,"Se você tiver qualquer pergunta sobre os termos de uso ou a política de privacidade, contate-nos através de:"
page 254.txt,110,"support@iteration-mobile.com
"
