Document,Parag_number,Paragraph_Text
page 186.txt,0,Política de privacidade da Deezer
page 186.txt,2,Atualização em maio de 2020.
page 186.txt,3,"
Na Deezer, cuidamos de sua privacidade e desejamos que conheça como efetuamos o processamento de seus dados pessoais."
page 186.txt,5,"Nosso software Deezer foi atualizado para incluir agora novas configurações, que possibilitam um melhor controle de como a Deezer pode utilizar e compartilhar seus dados pessoais."
page 186.txt,7,"Juntamente com essas novas configurações, também atualizamos nossa Política de privacidade, para fornecer informações mais transparentes e precisas sobre como a Deezer, agindo como controlador de dados, coleta, usa, compartilha, retém e protege seus dados pessoais."
page 186.txt,8,"
Por favor, leia esta Política de privacidade com atenção."
page 186.txt,9,"É muito importante que você entenda plenamente:
- Que dados pessoais coletamos
- Por que utilizamos seus dados pessoais
- Como compartilhamos seus dados pessoais
- Por quanto tempo conservamos seus dados pessoais
- Como protegemos seus dados pessoais
- Como você pode exercer seus direitos
"
page 186.txt,10,"Se você tiver alguma dúvida sobre esta Política de privacidade, configurações ou nosso uso de seus dados pessoais, contate nosso Serviço de Atendimento ao Cliente e/ou nosso Responsável de Proteção de Dados através deste formulário."
page 186.txt,11,"
Que dados pessoais coletamos
“Dados pessoais” refere-se a qualquer informação que permita à Deezer identificar você direta ou indiretamente."
page 186.txt,12,"
Seus dados pessoais podem ser fornecidos diretamente por você, indiretamente por terceiros (por exemplo, ao assinar o software da Deezer mediante uma operadora de telecomunicações) ou coletados automaticamente por nós, quando você utiliza o software da Deezer."
page 186.txt,13,"Ao solicitarmos que você forneça seus dados pessoais, especificaremos aqueles em que a coleta é obrigatória."
page 186.txt,14,Agradecemos que informe dados completos e precisos.
page 186.txt,15,"Se não fornecer dados completos e precisos, talvez não possamos fornecer o software da Deezer."
page 186.txt,16,"
Abaixo encontrará as categorias de dados pessoais que coletamos no contexto do software da Deezer com uma lista indicativa, para cada um deles, de dados pessoais que podem estar relacionados."
page 186.txt,18,"Dados pessoais que coletamos quando você assina o software da Deezer
|Dados da conta|
Observe que, ao assinar, pode ser necessário preencher um reCAPTCHA de Google, que nos ajuda a proteger o software da Deezer."
page 186.txt,19,O uso do reCAPTCHA de Google é sujeito à Política de Privacidade do Google e aos Termos de Serviço do Google.
page 186.txt,21,"Dados pessoais que coletamos quando você assina um plano pago do software da Deezer
|Dados de assinatura|
"
page 186.txt,22,"Dados pessoais que coletamos quando você utiliza o software da Deezer
|Dados de uso|
|Dados técnicos|"
page 186.txt,24,"Dados pessoais que coletamos quando você contata o Serviço de Atendimento ao Cliente
|Dados de solicitação|"
page 186.txt,26,"Outros dados pessoais que podemos coletar
|Dados de participação|
|Dados adicionais|
Por que utilizamos seus dados pessoais
"
page 186.txt,27,Usamos seus dados pessoais para permitir que aproveite o software da Deezer e também para cumprir nossas exigências legais e regulamentares.
page 186.txt,28,"Em qualquer caso, não tomamos nenhuma decisão automatizada com base apenas no processamento automático que produza efeitos legais sobre você ou que o afetem de maneira semelhante."
page 186.txt,29,"
Mais informações sobre o uso de cookies e tecnologias semelhantes podem ser encontradas em suas configurações de cookies."
page 186.txt,31,"Fornecimento do software da Deezer
Utilizamos os dados de sua conta, os dados de assinatura, os dados de uso e os dados técnicos com o objetivo de permitir que você aproveite o software da Deezer, em especial:"
page 186.txt,32,"
- streaming de músicas e outros conteúdos, como podcasts, estações de rádio e audiobooks;
- criação, compartilhamento e assinatura de playlists;"
page 186.txt,33,"
- obtenção de recomendações personalizadas de conteúdo (em particular via Flow, sua trilha sonora personalizada da Deezer);
- obtenção de notícias e atualizações de artistas e podcasters que você acompanha e/ou escuta."
page 186.txt,34,"
Esse uso de seus dados pessoais é necessário para o fornecimento do software da Deezer, de acordo com o contrato que nos une a você."
page 186.txt,35,"
Melhorando, protegendo e monitorando o software da Deezer
Utilizamos os dados de sua conta, os dados de assinatura, os dados de uso e os dados técnicos com o objetivo de:"
page 186.txt,36,"
- melhorar os recursos existentes e o desempenho geral do software da Deezer;
- desenvolver novos recursos e novos serviços para o software da Deezer;
- garantir a segurança, confidencialidade, integridade, disponibilidade e resiliência contínuas do software da Deezer;
- medir e analisar o público, e o uso do software da Deezer."
page 186.txt,37,"
Esse uso de seus dados pessoais é necessário para atendermos nosso interesse legítimo de oferecer o melhor software possível da Deezer para nossos usuários."
page 186.txt,39,"Promoção do software da Deezer
"
page 186.txt,40,"Utilizamos os dados de sua conta, os dados de assinatura, os dados de uso, os dados técnicos e os dados de participação com o objetivo de:"
page 186.txt,41,"
- fornecer informações sobre o software da Deezer e seus recursos, bem como sobre nossos planos pagos e ofertas especiais;"
page 186.txt,42,"
- fornecer ofertas personalizadas;"
page 186.txt,43,"
- convidar você a participar de eventos e competições que organizamos, e lhe conferindo a chance de ganhar ingressos e outros prêmios;"
page 186.txt,44,"
- convidar você a participar de pesquisas de satisfação de cliente e fornecer seus comentários sobre o software da Deezer."
page 186.txt,45,"
Esse uso de seus dados pessoais é necessário para conseguir realizar iniciativas de marketing direto e aprimorar o software da Deezer, que são do interesse legítimo da Deezer."
page 186.txt,47,Transmissão de propaganda de terceiros (somente se você for licenciado do software Deezer Free)
page 186.txt,48,"
Utilizamos os dados de sua conta, os dados de assinatura, os dados de uso e os dados técnicos com o objetivo de exibir publicidade personalizada dos serviços e produtos de parceiros."
page 186.txt,50,Essas publicidades podem ser:
page 186.txt,51,"
- Transmitidas diretamente no software da Deezer (áudio, vídeo ou exibição):"
page 186.txt,52,"por defeito, a publicidade de transmissão é personalizada para seu perfil."
page 186.txt,53,"Isso nos ajuda a otimizar a lucratividade de nossas campanhas publicitárias, fornecendo anúncios adaptados a seu perfil (utilizando dados limitados, como sexo, idade, que música escutada e utilização do software da Deezer) e, portanto, está no legítimo interesse da Deezer."
page 186.txt,54,"A qualquer momento, você pode optar por não receber publicidade personalizada em suas configurações."
page 186.txt,55,"Após a desativação, a publicidade personalizada será substituída pela publicidade genérica."
page 186.txt,56,"
Observe"
page 186.txt,57,"que, como usuário do serviço Deezer"
page 186.txt,58,"Free, você não pode desativar completamente a publicidade de difusão, pois é a contrapartida obrigatória do fornecimento de nosso software de streaming de música gratuito e, portanto, é necessária para a execução do contrato que nos une a você."
page 186.txt,59,"Se você deseja receber um software Deezer sem publicidade, convidamos a assinar um de nossos planos pagos."
page 186.txt,60,"
- Comunicadas por e-mail, SMS ou notificação de envio: não enviamos publicidade de serviços e produtos de parceiros por e-mail, SMS ou notificação de envio exceto que você nos ofereça seu consentimento expresso para fazê-lo em suas configurações."
page 186.txt,62,"Gerenciamento de suas solicitações no Serviço de Atendimento ao Cliente
Utilizamos os dados de sua conta, os dados de assinatura, os dados de uso, os dados técnicos e os dados de solicitação com o objetivo de gerenciar sua solicitação ao nosso Serviço de Atendimento ao Cliente, por exemplo:"
page 186.txt,63,"
- ao entrar em contato com o nosso Serviço de Atendimento ao Cliente e enviar uma consulta técnica ou funcional;"
page 186.txt,64,"
- quando deseja exercer os direitos legais que possui sobre seus dados pessoais."
page 186.txt,65,"
Esse uso de seus dados pessoais é necessário para cumprirmos nossas obrigações decorrentes do contrato que nos vincula a você, ou quando se trata de seus direitos estatutários sobre seus dados, com as leis e regulamentos de proteção de dados aos quais a Deezer está sujeita."
page 186.txt,66,"
No processamento de seu pagamento (somente se você for licenciado pago)"
page 186.txt,67,"
Utilizamos os dados de sua conta, os dados de assinatura, os dados de uso e os dados técnicos com o objetivo de:
- processamento de seu pagamento;
- responsabilidade e impostos;"
page 186.txt,68,"
- no combate à fraude, para detectar e impedir pagamentos ou uso fraudulento do software da Deezer."
page 186.txt,69,"
Esse uso de seus dados pessoais é necessário para poder processar seu pagamento de acordo com o contrato que nos vincula a você, para cumprir os regulamentos tributários e de responsabilidade aos quais a Deezer está sujeita e evitar fraudes, que são o interesse legítimo da Deezer."
page 186.txt,70,"
Como compartilhamos seus dados pessoais
"
page 186.txt,71,"Dados pessoais que compartilhamos
Compartilhamos seus dados pessoais com as seguintes categorias de destinatários:"
page 186.txt,72,"
|Provedores técnicos|
|Provedores de marketing|
|Provedores de pagamento|
|Parceiros|"
page 186.txt,73,"
|Grupo Deezer|"
page 186.txt,74,"
|Autoridades|
|Compradores|"
page 186.txt,75,"
Observe que alguns desses destinatários se encontram localizados em países fora da União Europeia/Espaço Econômico Europeu e não garantem um nível de proteção de dados pessoais considerado equivalente ao nível de proteção de dados pessoais garantido pelo Regulamento 2016/679 do Parlamento Europeu e do Conselho, de 27 de abril de 2016, relativamente à proteção das pessoas físicas no que se refere ao tratamento de dados pessoais (RGPD)."
page 186.txt,76,"
A maioria desses destinatários fora da União Europeia/Espaço Econômico Europeu está localizada nos Estados Unidos e certificou sua conformidade com os EUA."
page 186.txt,77,"O Escudo de Proteção da Privacidade, criado pelo Departamento de Comércio dos EUA e pela Comissão Europeia, para fornecer às empresas de ambos os lados do Atlântico um mecanismo para atender aos requisitos de proteção de dados ao transferir dados pessoais da União Europeia e da Suíça para os Estados Unidos, em apoio ao comércio transatlântico."
page 186.txt,78,"
Para destinatários que não estariam localizados na União Europeia/Espaço Econômico Europeu, ou não estariam localizados em um país com nível adequado de proteção de dados pessoais (Artigo 45 do RGPD), ou que não cumprem com o Escudo de Proteção da Privacidade UE-EUA, tomaremos todas as medidas necessárias para verificar se fornecem salvaguardas apropriadas, como a implementação de cláusulas padrão de proteção de dados adotadas pela Comissão Europeia (Artigo 46.2 do RGDP)."
page 186.txt,79,"
Para obter mais informações sobre transferências de dados entre fronteiras, contate nosso Responsável de Proteção de Dados."
page 186.txt,80,"
Dados pessoais que você compartilha
"
page 186.txt,81,"Ao usar o software da Deezer, você pode:"
page 186.txt,82,"
- tornar seu perfil acessível a outros usuários do software da Deezer (""perfil público"");"
page 186.txt,83,"
- compartilhar conteúdo ou atividade com seus amigos por mensagens privadas ou nas mídias sociais;"
page 186.txt,84,"
- conectar dispositivos de terceiros à nossa conta de usuário, como fones de ouvido, alto-falantes, dispositivos de streaming;
- conectar aplicativos de terceiros à nossa conta de usuário, como reprodutores de áudio alternativos, aplicativos de análise de dados e aplicativos de portabilidade de dados."
page 186.txt,85,"
Você pode gerenciar seu perfil, contas de mídia social, dispositivos e aplicativos em suas configurações."
page 186.txt,86,"
Por quanto tempo conservamos seus dados pessoais
"
page 186.txt,87,Não conservamos seus dados pessoais durante mais tempo daquele estritamente necessário para os fins que foram coletados e utilizamos.
page 186.txt,89,"Os períodos de tempo específicos em que conservaremos seus dados pessoais são estabelecidos abaixo:
|Propósito||Dados||Retenção|
|Fornecimento do software da Deezer|"
page 186.txt,90,"
|Duração de seu registro no software da Deezer, depois é arquivado por até 5 anos (exceto cookies mantidos por até 25 meses)|
|Melhorando, protegendo e monitorando o software da Deezer|"
page 186.txt,91,"
|Duração de seu registro no software da Deezer, depois é arquivado por até 5 anos (exceto cookies mantidos por até 25 meses)|
|Promoção do software da Deezer|
|Até 3 anos após a finalização de seu registro no software da Deezer (exceto cookies mantidos por até 25 meses)|
|Transmissão de propaganda de terceiros|
|Duração de seu registro no software da Deezer, depois é arquivado por até 3 anos (exceto cookies mantidos por até 25 meses)|
|Gerenciamento de suas solicitações no Serviço de Atendimento ao Cliente|
|Duração do tratamento de sua solicitação, depois é arquivada por até 5 anos|
|Processamento de seu pagamento|
|Duração de sua assinatura do software da Deezer, depois é arquivada por até 10 anos|
Como protegemos seus dados pessoais"
page 186.txt,93,"Contamos com medidas para proteger seus dados pessoais contra acesso, uso ou divulgação não autorizados, incluindo, sem limitação, as seguintes medidas:"
page 186.txt,94,"
- implementamos e mantemos medidas técnicas sofisticadas para garantir que seus dados pessoais sejam registrados e usados de maneira confidencial e segura;
- restringimos e limitamos o acesso a seus dados pessoais e monitoramos quem acessa, utiliza e transfere seus dados pessoais;"
page 186.txt,95,"
- os funcionários que possuem acesso a seus dados pessoais devem cumprir nossos requisitos de privacidade e confidencialidade de dados;"
page 186.txt,96,"
- parceiros de negócios e prestadores de serviços terceirizados com quem compartilhamos seus dados pessoais são obrigados a cumprir todos os requisitos aplicáveis de privacidade e confidencialidade dos dados."
page 186.txt,97,"
Como você pode exercer seus direitos
"
page 186.txt,98,"De acordo com as leis e regulamentos aplicáveis de proteção de dados, você tem o direito de:"
page 186.txt,99,"
- acessar, retificar ou apagar seus dados pessoais;"
page 186.txt,100,"
- restringir ou opor-se a seu processamento;"
page 186.txt,101,"
- informar-nos que não deseja receber informações de marketing;
- em certas circunstâncias, exigir a transferência de seus dados pessoais a você ou a terceiros;
- na medida em que o processamento de seus dados pessoais tenha como base seu consentimento, retirar seu consentimento, sem afetar a legalidade de nosso processamento conforme seu consentimento antes da retirada;
- em determinados países, definir diretrizes para a retenção, apagamento e comunicação de dados pessoais após a sua morte."
page 186.txt,102,"
Estamos totalmente comprometidos em permitir que você exerça os direitos que possui sobre seus dados:"
page 186.txt,103,"
- alguns desses direitos podem ser exercidos diretamente em suas configurações, como os direitos de retificação e exclusão de seus dados pessoais ou o direito de definir suas preferências de comunicação;
- quanto ao exercício de seus outros direitos (acesso e portabilidade de seus dados pessoais, restrição ou objeção ao processamento de seus dados pessoais, conjunto de diretrizes para a retenção, apagamento e comunicação de seus dados pessoais após a morte), entre em contato conosco através deste formulário."
page 186.txt,105,Observe que nos reservamos o direito de verificar sua identidade antes de respondermos à sua solicitação.
page 186.txt,107,"Se você não estiver totalmente satisfeito com nossa resposta, também poderá apresentar uma reclamação respeito do processamento de seus dados pessoais junto à autoridade de proteção de dados relevante."
page 186.txt,109,Alterações à nossa Política de privacidade
page 186.txt,111,"Revisamos regularmente nossa conformidade com nossa Política de privacidade (pelo menos uma vez por ano), em particular para garantir o cumprimento das novas leis e regulamentos relativos à proteção de dados."
