Document,Parag_number,Paragraph_Text
page 113.txt,0,O aplicativo Animes Play foi desenvolvido como um app gratuito.
page 113.txt,1,O SERVIÇO é fornecido gratuitamente a todos os usuários sem qualquer tipo de cobrança.
page 113.txt,3,"Esta página é usada para informar os visitantes do app a respeito de nossa política com a coleta, uso, e divulgação de Informações Pessoais, se alguém decidir usar nosso Serviço."
page 113.txt,5,"Se você optar por usar o nosso Serviço, você concorda com a coleta e uso de informações em relação com esta política."
page 113.txt,6,As Informações Pessoais que coletamos são usadas para fornecer e melhorar o serviço.
page 113.txt,7,"Não usaremos nem compartilharemos suas informações com ninguém, exceto conforme descrito nesta Política de Privacidade."
page 113.txt,8,"
Coleta e Uso de Informações
Para uma melhor experiência ao usar nosso Serviço, podemos exigir que você forneça informações pessoalmente identificáveis, incluindo mas não se limitando a nome do usuário, e-mail e um ID único (fornecido pelo Google Sign-In), localização (bibliotecas de terceiros podem exigir isso para gerenciar os anúncios exibidos), ID de publicidade do Android, Código de publicidade e ID de hardware (para plataforma de ads e gerenciamento de falhas respectivamente)."
page 113.txt,9,As informações que solicitamos serão utilizadas por nós e usadas conforme descrito nesta política de privacidade.
page 113.txt,11,O app usa serviços de terceiros que podem coletar informações usadas para identificá-lo.
page 113.txt,12,SDKs como o Google Services e Crashlytics).
page 113.txt,14,"Tipos de dados que coletamos
-ID Único - Fornecido pelo Google Sign-In, usado para identificar o usuário em nossos serviços em nuvem;"
page 113.txt,15,"
-Endereço de E-Mail - Fornecido pelo Google Sign-In, usado para gerenciar, contatar e identificar o usuário em nossos serviços em nuvem e formulário de contato;"
page 113.txt,16,"
-Nome da Conta - Fornecido pelo Google Sign-In, o nome da sua conta do G-Mail."
page 113.txt,17,Usado no formulário de contato para melhor identificá-lo em nosso aplicativo;
page 113.txt,18,"
-Código de publicidade - Usado para publicidade e análise de usuários;
-ID de Hardware - Composto de dados como Marca, CPU, Modelo, Fabricante e outras estatísticas, usado para gerenciar bugs e problemas do dispositivo (não para fins publicitários)."
page 113.txt,20,"Permissões
"
page 113.txt,21,Gostaríamos de informar que nosso aplicativo exige as permissões listadas abaixo:
page 113.txt,22,"
-READ_EXTERNAL_STORAGE - Necessário para ler o backup do banco de dados interno, se o mesmo foi criado no seu Armazenamento Externo, também usado para armazenar dados de cache;
-WRITE_EXTERNAL_STORAGE - Necessário para salvar banco de dados, vídeos, imagens em cache no Armazenamento Externo."
page 113.txt,23,"
-INTERNET - Necessário para se conectar aos nossos serviços em nuvem."
page 113.txt,24,"
-ACCESS_WIFI_STATE & ACCESS_NETWORK_STATE - Necessário para verificar sua conectividade com a internet para que você possa usar nossos serviços em nuvem."
page 113.txt,25,"
-WAKE_LOCK - Permissão necessária para impedir que a tela fique inativa ao usar o Player(descanso de tela)
Dados de Log
Queremos informá-lo que sempre que você usar nosso serviço, em caso de erro no aplicativo, coletamos dados e informações (por meio de produtos de terceiros) em seu telefone chamado Log Data."
page 113.txt,26,"Estes dados de log pode incluir informações como o endereço IP do dispositivo, o nome do dispositivo, versão do sistema operacional, configuração do aplicativo ao utilizar nosso Serviço, a hora e a data de seu uso do Serviço e outras estatísticas."
page 113.txt,27,"
Cookies
Cookies são arquivos com pequena quantidade de dados que são comumente usados como um identificador exclusivo anônimo."
page 113.txt,28,Estes são enviados para o seu navegador a partir do website que você visita e são armazenados em seus dispositivos memória interna.
page 113.txt,29,"
Este serviço não usa esses “cookies” explicitamente."
page 113.txt,30,"No entanto, o aplicativo pode usar código de terceiros e bibliotecas que usam “cookies” para coletar informações e melhorar seus serviços."
page 113.txt,31,"E se você não concorda com o uso de tais cookies, você pode parar de usar nossos serviços a qualquer momento."
page 113.txt,33,"Provedores de Serviço
"
page 113.txt,34,Podemos empregar empresas e indivíduos de terceiros pelos seguintes motivos:
page 113.txt,35,"
-Para facilitar nosso serviço;"
page 113.txt,36,"
-Para fornecer o serviço em nosso nome;"
page 113.txt,37,"
-Para executar serviços relacionados a serviços; ou
-Para nos ajudar a analisar como nosso Serviço é usado."
page 113.txt,38,"
Queremos informar aos usuários deste Serviço que esses terceiros têm acesso a sua Informações Pessoais."
page 113.txt,39,O motivo disso é executar as tarefas atribuídas a eles em nosso nome.
page 113.txt,40,"No entanto, eles são obrigados a não divulgar ou usar as informações pessoas para qualquer outra finalidade."
page 113.txt,41,"
Segurança
"
page 113.txt,42,"Valorizamos sua confiança em nos fornecer suas informações pessoais, por isso estamos nos esforçando para usar meios comercialmente aceitáveis de protegê-lo."
page 113.txt,43,"Mas lembre-se que nenhum método de transmissão a Internet, ou método de armazenamento eletrônico é 100% seguro e confiável, e não podemos garantir sua segurança absoluta."
page 113.txt,44,"
Links"
page 113.txt,45,para Outros Sites
page 113.txt,47,Este Serviço pode conter links para outros sites.
page 113.txt,48,"Se você clicar em um link de terceiros, você será direcionado para esse site."
page 113.txt,49,Observe que esses sites externos não são operados por nós.
page 113.txt,50,"Portanto, nós recomendamos que você revise a Política de Privacidade desses sites."
page 113.txt,51,"nós não temos controle sobre, e não assumimos nenhuma responsabilidade pelo conteúdo, políticas de privacidade ou práticas de sites de terceiros ou serviços."
page 113.txt,52,"
Privacidade Infantil
Este Serviço não aborda ou foca ninguém com idade inferior a 13 anos."
page 113.txt,53,Não coletamos conscientemente informações identificáveis de crianças menores de 13 anos.
page 113.txt,54,"No caso, se descobrirmos que uma criança nos forneceu informações pessoais, nós imediatamente excluíremos a mesma de nossos servidores."
page 113.txt,55,"Se vocês é um pai ou responsável e você está ciente de que seu filho nos forneceu informações, entre em contato conosco para que possamos realizar as ações necessárias."
page 113.txt,57,"Alterações a esta política de privacidade
"
page 113.txt,58,Podemos atualizar nossa Política de Privacidade de tempos em tempos.
page 113.txt,59,"Assim, você é aconselhado a rever esta página periodicamente para quaisquer alterações."
page 113.txt,60,"Vamos notificá-lo de quaisquer alterações, publicando a nova Política de Privacidade nesta página."
page 113.txt,61,Estas alterações entram em vigor imediatamente após serem publicadas nesta página.
page 113.txt,62,"
Contate-nos
"
page 113.txt,63,"Se você tiver dúvidas ou sugestões sobre nossa Política de Privacidade, não hesite em entrar em contato conosco em contatogearsistemas@gmail.com
"
