Document,Parag_number,Paragraph_Text
page 253.txt,0,"A presente Política de Privacidade destina-se a regular e garantir a proteção das informações pessoais dos Usuários, coletadas para o fornecimento de produtos e serviços digitais pela empresa Casa Publicadora Brasileira, inscrita no CNPJ sob nº 44.194.660/0001-26, sediada na Rodovia SP"
page 253.txt,1,"– 127, Km 106, s/n, Bairro Guardinhas, Tatuí, São Paulo, Brasil, CEP 18270-970, aqui designada CPB ."
page 253.txt,3,Este documento pode ser atualizado a qualquer momento.
page 253.txt,4,"Por isso, recomenda-se sua consulta periódica para verificar possíveis mudanças."
page 253.txt,5,"Ao continuar a utilização dos serviços oferecidos pela CPB, após a postagem das mudanças nesta política, os Usuários reconhecerão que aceitam as mudanças eventualmente postadas."
page 253.txt,6,"
Dessa forma, definimos os seguintes itens para a Política de Privacidade :
1."
page 253.txt,7,"Da Coleta de Informações
"
page 253.txt,8,"Ao baixar e acessar os aplicativos da CPB, algumas informações pessoais dos Usuários podem ser coletadas para uma melhor utilização dos produtos e serviços."
page 253.txt,9,"
São coletadas informações pessoais, capazes de identificar os Usuários, quando estes:
2."
page 253.txt,10,"Dos Serviços
"
page 253.txt,11,"Ao utilizar os serviços da CPB, os Usuários poderão fornecer suas informações pessoais para as seguintes finalidades:"
page 253.txt,12,"
a)"
page 253.txt,13,"Cadastro
"
page 253.txt,14,"No ato do cadastro, algumas dessas informações pessoais podem ser solicitadas, como: nome completo, endereço de e-mail, data de nascimento etc."
page 253.txt,15,"
b)"
page 253.txt,16,"Contato
Para personalizar o contato com os Usuários e atender as solicitações de produtos e serviços, a CPB poderá solicitar dados gerais, como: nome, endereço de e-mail, telefone etc."
page 253.txt,17,"
3."
page 253.txt,18,"Da Aceitação dos Termos da Política de Privacidade
"
page 253.txt,19,"Os Usuários que optam por fornecer os seus dados pessoais para utilizar os serviços oferecidos pela CPB e também adquirir seus produtos, declaram conhecer e aceitar os termos da presente Política de Privacidade."
page 253.txt,20,"
4."
page 253.txt,21,"Da Segurança
"
page 253.txt,22,"Todas as informações coletadas dos Usuários trafegam de forma segura, utilizando processo de criptografia padrão de Internet."
page 253.txt,23,"
Qualquer informação fornecida pelos Usuários será armazenada e a CPB envidará os melhores esforços na manutenção do sigilo e confidencialidade das informações que lhes forem fornecidas."
page 253.txt,24,"
Todos os dados pessoais coletados dos Usuários serão incorporados ao banco de dados da CPB."
page 253.txt,25,"
5."
page 253.txt,26,"Da Veracidade das Informações dos Usuários
"
page 253.txt,27,"Os Usuários assumem plena responsabilidade pelo conteúdo de suas informações e/ou dos seus dados pessoais fornecidos no cadastro junto à CPB, garantindo, portanto, a sua veracidade e exatidão."
page 253.txt,29,Os Usuários se comprometem a manter suas informações e dados cadastrais sempre atualizados.
page 253.txt,30,"
6."
page 253.txt,31,"Do Sigilo da Senha de Usuário
É de total responsabilidade do Usuário a guarda de sua senha e de seu login de acesso."
page 253.txt,32,Recomenda-se que o Usuário não utilize senhas de fácil identificação como datas específicas ou sequências numéricas.
page 253.txt,34,"Na hipótese do Usuário suspeitar ou tomar conhecimento de que sua senha foi reconhecida por terceiros, ele deverá providenciar, de forma imediata, a sua alteração, mediante o acesso ao site www.cpb.com.br , na área reservada ao Usuário."
page 253.txt,35,"
7."
page 253.txt,36,"Do Uso das Informações Pessoais Coletadas
"
page 253.txt,37,As informações pessoais dos Usuários são coletadas pela CPB e armazenadas em sua base de dados;
page 253.txt,38,seu uso estará restrito às condições estabelecidas na presente Política de Privacidade .
page 253.txt,40,"A CPB usa essas informações pessoais para as seguintes finalidades, dentre outras:"
page 253.txt,41,"
- disponibilizar os produtos e serviços adquiridos pelos Usuários;
- efetuar as cobranças alusivas à aquisição dos produtos e serviços pelos Usuários;
- entrar em contato com seus Usuários e atender suas solicitações;
- aperfeiçoar os serviços prestados e viabilizar a interatividade com os Usuários;"
page 253.txt,42,"
- enviar newsletters , convites, promoções especiais e ofertas;"
page 253.txt,43,"
- manter atualizados os cadastros dos Usuários para fins de contato telefônico, por correio eletrônico, SMS ou outros meios de comunicação;
- obter estatísticas genéricas para identificação do perfil dos Usuários, bem como para melhoria contínua dos serviços prestados pela CPB;
- constituir, defender ou exercer regularmente direitos em âmbito judicial ou administrativo, se for o caso;"
page 253.txt,44,"
O uso das informações pessoais é feito sempre com a devida concordância dos Usuários."
page 253.txt,46,"Os funcionários da CPB, especialmente aqueles ligados à funcionalidade dos sites, aplicativos e demais produtos e serviços oferecidos pela CPB, podem acessar as informações pessoais dos Usuários, no limite de seu exercício profissional."
page 253.txt,47,"
8."
page 253.txt,48,"Do Envio de Mensagens Publicitárias
"
page 253.txt,49,"A CPB poderá enviar mensagens publicitárias diariamente, a seu exclusivo critério, aos seus Usuários cadastrados, fazendo uso de todos os tipos de tecnologias e meios de comunicação disponíveis, seja por e-mail, SMS ou outros meios."
page 253.txt,50,"
Tais mensagens, enviadas por correio eletrônico, trarão obrigatoriamente opção de cancelamento do envio daquele tipo de mensagem por parte da CPB."
page 253.txt,51,"
9."
page 253.txt,52,"Da Transferência das Informações
"
page 253.txt,53,"A CPB utiliza de serviços de empresas parceiras autorizadas para viabilizar o fornecimento de seus serviços e produtos digitais, tais como o processamento de pagamentos com cartão de crédito, dentre outros."
page 253.txt,54,"Nesses casos, tais empresas têm acesso às informações pessoais necessárias para a concreta realização de suas tarefas, mas não podem utilizá-las para outras finalidades."
page 253.txt,56,"Salvo mediante ordem e/ou determinação judicial, as informações dos Usuários cadastrados no banco de dados da CPB, jamais serão transmitidas a terceiros que não sejam parceiros, ou empresas autorizadas, ou usadas para finalidades diferentes daquelas para as quais foram coletadas."
page 253.txt,57,"
10."
page 253.txt,58,"Da Responsabilidade e Segurança das Informações Pessoais
"
page 253.txt,59,"A CPB se responsabiliza pelo armazenamento e pela utilização das informações pessoais de seus Usuários e dispõe de padrões rígidos de segurança e confidencialidade, a fim de assegurá-las."
page 253.txt,60,"
11."
page 253.txt,61,"Do Armazenamento Interno
"
page 253.txt,62,Os aplicativos utilizam armazenamento interno para guardar as informações coletadas dos Usuários.
page 253.txt,64,"As informações coletadas dos Usuários são sincronizadas com os servidores da CPB, os quais são locados em servidores de terceiros."
page 253.txt,65,"
12."
page 253.txt,66,"Dos Procedimentos para Alteração das Informações Pessoais
"
page 253.txt,67,"Os Usuários que introduzirem seus dados pessoais identificáveis poderão alterá-los, corrigi-los e removê-los como for conveniente para estes, mediante o acesso ao site da CPB ( www.cpb.com.br ), no espaço reservado ao Usuário."
page 253.txt,69,A senha de acesso do Usuário poderá ser recuperada no próprio aplicativo.
page 253.txt,70,"
13."
page 253.txt,71,"Da Validade
"
page 253.txt,72,"Esta Política de Privacidade aplica-se apenas aos serviços e produtos digitais oferecidos pela CPB, por meio de seus aplicativos, não valendo, portanto, para os sites indicados por meio de links ."
page 253.txt,73,Recomenda-se que os Usuários se informem sobre a política de cada um deles antes de fornecer qualquer tipo de informação.
page 253.txt,74,"
14."
page 253.txt,75,"Da Legislação Aplicável e Jurisdição
"
page 253.txt,76,A presente Política de Privacidade é regida pela legislação da República Federativa do Brasil.
page 253.txt,77,"Seu texto deverá ser interpretado no idioma da língua portuguesa, sendo que qualquer dúvida ou controvérsia que dela surgir, será submetida ao Foro da Comarca de Tatuí, Estado de São Paulo, Brasil."
page 253.txt,78,"
15."
page 253.txt,79,"Das Dúvidas e Informações
"
page 253.txt,80,"Para esclarecimento de dúvidas ou solicitação de informações, os Usuários poderão contatar a CPB pelo site www.cpb.com.br , na Área Atendimento ou então diretamente pelo link cpb.uservoice.com.br ."
page 253.txt,81,"
Além disso, o Usuário poderá contatar a CPB pelo telefone 0800 55 26 16 ."
