Document,Parag_number,Paragraph_Text
page 406.txt,0,Política de privacidade
page 406.txt,1,"
Esta Política de Privacidade foi atualizada pela última vez em Abril 1, 2021."
page 406.txt,2,"
Agradecemos pela sua participação no maior marketplace de aprendizado online do mundo."
page 406.txt,3,"A Udemy (“Udemy”, “nós”, “a Empresa”) respeita a privacidade dos usuários e deseja que todos entendam como são colhidos, utilizados e compartilhados os dados dos usuários."
page 406.txt,4,"Esta Política de Privacidade abrange nossas práticas de coleta de dados e descreve os direitos do usuário de acessar, corrigir ou restringir o uso de seus dados pessoais por parte da Empresa."
page 406.txt,6,"A menos que nos vinculemos a outra política ou indiquemos em contrário, esta Política de Privacidade se aplica quando você visita ou usa os sites, os aplicativos móveis, as APIs ou serviços relacionados da Udemy (os “Serviços”)."
page 406.txt,7,Ela também se aplica a clientes em potencial dos nossos produtos profissionais ou empresariais.
page 406.txt,8,"
Ao usar os Serviços, o usuário concorda com os termos desta Política de Privacidade."
page 406.txt,9,Não use os Serviços caso não concorde com esta Política de Privacidade ou qualquer outro acordo que reja o uso dos Serviços por parte do usuário.
page 406.txt,11,"Tabela de conteúdos
- 1."
page 406.txt,12,"Tipos de dados coletados
- 2."
page 406.txt,13,"Forma de coleta dos dados dos usuários
- 3."
page 406.txt,14,"Finalidade dos dados dos usuários
- 4."
page 406.txt,15,"Com quem são compartilhados os dados dos usuários
- 5."
page 406.txt,16,"Segurança
- 6."
page 406.txt,17,"Direitos dos usuários
- 7."
page 406.txt,18,"Regras específicas de cada jurisdição
- 8."
page 406.txt,19,"Atualizações e informações de contato
1."
page 406.txt,20,"Tipos de dados coletados
1.1 Dados fornecidos pelo usuário
"
page 406.txt,21,"Podemos coletar diferentes dados sobre o usuário, ou por ele fornecidos, de acordo com a forma como o usuário utiliza os Serviços."
page 406.txt,22,Veja a seguir alguns exemplos para ajudá-lo a entender melhor os dados que coletamos.
page 406.txt,23,"
Quando o usuário cria uma conta e usa os Serviços, inclusive por meio de uma plataforma de terceiros, coletamos todos os dados fornecidos diretamente, entre eles:"
page 406.txt,24,"
|Dados da conta||Para usar determinados recursos (como acessar o conteúdo), você precisa criar uma conta de usuário."
page 406.txt,25,"Ao criar ou atualizar a conta, coletamos e armazenamos os dados fornecidos, como endereço de e-mail, senha, número de telefone, ocupação, interesses, sexo, raça, etnia, informações do documento de identificação oficial, foto de verificação, idade, data de nascimento e configurações da conta, e atribuímos ao usuário um número de identificação exclusivo (""Dados da Conta"").|
|Dados do perfil||O usuário pode também optar por fornecer informações referentes ao perfil, tais como foto, título, biografia, idioma, link para site, perfis em mídias sociais, país ou outros dados."
page 406.txt,26,"Os dados do perfil do usuário poderão ser vistos publicamente por outras pessoas.|
|Conteúdo compartilhado||Determinadas partes dos Serviços permitem interagir com outros usuários ou compartilhar conteúdo publicamente, inclusive por meio da publicação de avaliações sobre o conteúdo, perguntas ou respostas, envio de mensagens para alunos ou instrutores ou publicação de fotos ou outros trabalhos enviados pelo usuário."
page 406.txt,27,"Esse conteúdo compartilhado poderá ser visto publicamente por outras pessoas, de acordo com o local onde é publicado.|
|Dados de Conteúdo Educacional||Quando o usuário acessa o conteúdo, coletamos alguns dados, inclusive quais cursos, tarefas, laboratórios, espaços de trabalho e testes foram iniciados e concluídos pelo usuário;"
page 406.txt,28,"o conteúdo comprado e créditos; assinaturas; certificados de conclusão; trocas de informação com instrutores, assistentes de ensino e outros alunos; e redações, respostas a perguntas e outros itens enviados para satisfazer os requisitos dos cursos e do conteúdo relacionado."
page 406.txt,29,"Se você é um instrutor, armazenamos seu conteúdo educacional, que pode conter dados sobre você.|"
page 406.txt,30,"
|Dados sobre pagamento dos alunos||Quando"
page 406.txt,31,"o usuário faz compras, coletamos alguns dados sobre a compra em questão (tais como nome e CEP do usuário) quando necessário para processar o pedido."
page 406.txt,32,"Cabe ao usuário fornecer determinados dados sobre pagamento e fatura diretamente aos nossos parceiros de processamento de pagamentos, entre eles nome do usuário, informações sobre o cartão de crédito, endereço de faturamento e CEP."
page 406.txt,33,"Também podemos receber informações limitada, como o fato que você tem um novo cartão e os últimos quatro dígitos desse cartão, dos parceiros para facilitar os pagamentos."
page 406.txt,34,"Por questões de segurança, a Udemy não coleta nem armazena dados confidenciais do titular do cartão, tais como o número completo do cartão de crédito ou os dados de autenticação do cartão.|
|Dados sobre pagamento dos instrutores||Se você é um instrutor, poderá vincular sua conta de pagamento do PayPal, Payoneer ou outro aos Serviços para receber pagamentos."
page 406.txt,35,"Quando você vincular uma conta de pagamento, coletaremos e usaremos algumas informações, incluindo o endereço de e-mail da conta de pagamento, o ID da conta, o endereço físico ou outros dados necessários para que possamos enviar os pagamentos para sua conta."
page 406.txt,36,"Em alguns casos, coletaremos informações de transferência bancária ou eletrônica para enviar pagamentos à sua conta."
page 406.txt,37,"Para cumprir as leis aplicáveis, também trabalharemos com terceiros de confiança que coletam informações fiscais conforme legalmente exigido."
page 406.txt,38,"Essas informações fiscais podem incluir informações sobre sua residência, números de identificação fiscais, informações biográficas e outras informações pessoais necessárias para fins de tributação."
page 406.txt,39,"Por segurança, a Udemy não coleta nem armazena informações confidenciais de contas bancárias."
page 406.txt,40,"A coleta, o uso e a divulgação dos seus dados de pagamento, faturamento e tributação estão sujeitos à política de privacidade e a outros termos do provedor da sua conta de pagamento.|
|Dados sobre contas do usuário em outros serviços|
Poderemos obter determinadas informações por meio das contas do usuário em redes sociais ou outras contas online, caso elas estejam conectadas à conta do usuário na Udemy."
page 406.txt,41,"Caso o usuário se conecte à Udemy por meio do Facebook ou outra plataforma ou serviço de terceiros, solicitamos a permissão do usuário para que possamos acessar determinadas informações sobre essa outra conta."
page 406.txt,42,"Por exemplo, de acordo com a plataforma ou serviço, poderemos coletar o nome do usuário, a foto do perfil, o número de ID da conta, o endereço de e-mail de acesso, a localização, a localização física dos dispositivos de acesso do usuário, o sexo, a data de aniversário e a lista de amigos ou contatos do usuário."
page 406.txt,43,"
Essas plataformas e serviços disponibilizam informações para a Udemy por meio das respectivas APIs."
page 406.txt,44,As informações que recebemos dependem de quais informações o usuário (por meio das configurações de privacidade) ou a plataforma ou serviço decidem nos fornecer.
page 406.txt,45,"
Caso o usuário acesse ou use nossos Serviços por meio de uma plataforma ou serviço de terceiros ou clique em links de terceiros, a coleta, o uso e o compartilhamento dos dados estarão também sujeitos às políticas de privacidade e outros acordos dos respectivos terceiros."
page 406.txt,46,"
|Sorteios, promoções e pesquisas||Poderemos convidar você a realizar uma pesquisa ou participar de uma promoção (como um concurso, sorteio ou desafio), seja por meio dos Serviços ou de uma plataforma de terceiros."
page 406.txt,47,"Se o usuário participar, coletaremos e armazenaremos os dados que forem fornecidos pelo usuário como parte da participação, tais como nome, endereço de e-mail, endereço postal, data de nascimento ou número de telefone."
page 406.txt,48,"Esses dados estão sujeitos a esta Política de Privacidade, salvo disposição em contrário nas regras oficiais da promoção ou em outra política de privacidade."
page 406.txt,49,"Os dados coletados serão usados para administrar a promoção ou pesquisa, inclusive para notificar os vencedores e distribuir prêmios."
page 406.txt,50,"Para receber um prêmio, pode ser necessário obter a permissão do usuário para que divulguemos algumas informações suas publicamente (como na página dos vencedores)."
page 406.txt,51,"Quando usarmos uma plataforma de terceiros para administrar uma pesquisa ou promoção, a política de privacidade deste terceiro se aplicará.|
|Comunicações e suporte||Caso o usuário entre em contato conosco para obter suporte ou relatar um problema ou dúvida (independentemente de ter criado uma conta), coletamos e armazenamos as informações de contato do usuário, bem como mensagens e outros dados sobre o usuário, tais como nome, endereço de e-mail, mensagens, localização, ID do usuário na Udemy, IDs da transação de reembolso e quaisquer outros dados que o usuário forneça ou que coletemos por meios automatizados (abordados abaixo)."
page 406.txt,52,"Esses dados serão usados para responder ao usuário e pesquisar sobre a dúvida apresentada, de acordo com esta Política de Privacidade.|
"
page 406.txt,53,Os dados listados acima são armazenados pela Udemy e associados à conta do usuário.
page 406.txt,54,"
1.2 Dados coletados por meios automatizados
Quando o usuário acessa os Serviços (inclusive ao navegar pelo conteúdo), coletamos determinados dados por meios automatizados, entre eles:"
page 406.txt,55,"
|Dados do sistema||Dados técnicos sobre o computador ou dispositivo do usuário, tais como endereço IP, tipo de dispositivo, tipo e versão do sistema operacional, identificadores exclusivos do dispositivo, navegador, idioma do navegador, domínio e outros dados de sistemas e tipos de plataforma (“Dados do sistema”).|
|Dados sobre a utilização||As estatísticas de uso sobre as interações do usuário com os Serviços, tais como conteúdo acessado, tempo gasto nas páginas ou no Serviço, páginas visitadas, recursos utilizados, consultas de pesquisa, dados sobre os cliques, data e hora, referenciador e outros dados relacionados ao uso dos Serviços (""Dados de uso"") por parte do usuário.|
|Dados geográficos aproximados||Localização geográfica aproximada, que inclui informações tais como país, cidade e coordenadas geográficas, calculada com base no endereço IP do usuário.|
"
page 406.txt,56,"Os dados listados acima são coletados por meio de arquivos de log do servidor e tecnologias de rastreamento, conforme detalhado na seção “Cookies e ferramentas de coleta de dados” abaixo."
page 406.txt,57,Os dados são armazenados pela Udemy e associados à conta do usuário.
page 406.txt,58,"
1.3 Dados de Terceiros
"
page 406.txt,59,Se você é um cliente empresarial em potencial da Udemy
page 406.txt,60,"for Business, poderemos coletar algumas informações de contato de fontes comerciais terceirizadas."
page 406.txt,61,"
2."
page 406.txt,62,"Forma de coleta dos dados dos usuários
2.1 Cookies e ferramentas de coleta de dados
"
page 406.txt,63,"Utilizamos cookies, que são pequenos arquivos de texto armazenados pelo seu navegador para coletar, armazenar e compartilhar dados sobre suas atividades em diferentes sites, inclusive na Udemy."
page 406.txt,64,"Os cookies nos permitem lembrar detalhes sobre as visitas do usuário à Udemy, tais como o idioma preferido, e facilitar o uso do site."
page 406.txt,65,"Para saber mais sobre cookies, visite https://cookiepedia.co.uk/all-about-cookies."
page 406.txt,66,"
A Udemy e os provedores de serviços que atuam em nome da Udemy (tais como o Google Analytics e anunciantes terceiros) usam arquivos de log do servidor e ferramentas para coleta automatizada de dados, tais como cookies, tags, scripts, links personalizados, impressões digitais de dispositivos ou navegadores e web beacons (coletivamente, ""Ferramentas de Coleta de Dados""), quando o usuário acessa e usa os Serviços."
page 406.txt,67,Essas Ferramentas de Coleta de Dados rastreiam e coletam automaticamente determinados Dados do Sistema e Dados sobre Utilização (detalhados na Seção 1) quando o usuário utiliza os Serviços.
page 406.txt,68,"Em alguns casos, associamos os dados coletados por meio das Ferramentas de Coleta de Dados a outros dados que coletamos, conforme descrito nesta Política de Privacidade."
page 406.txt,69,"
2.2"
page 406.txt,70,"Porque usamos Ferramentas de Coleta de Dados
"
page 406.txt,71,A Udemy usa os seguintes tipos de Ferramentas de Coleta de Dados para as finalidades descritas:
page 406.txt,72,"
- Estritamente Necessárias: essas Ferramentas de Coleta de Dados permitem que você acesse o site, oferecem funcionalidades básicas (como fazer login ou acessar conteúdo), protegem o site, protegem contra logins fraudulentos e detectam e evitam abuso ou uso não autorizado da sua conta."
page 406.txt,73,"Isso é necessário para que os Serviços funcionem adequadamente, então se você as desativar, algumas partes do site serão corrompidas ou estarão indisponíveis."
page 406.txt,74,"
- Funcionais: essas Ferramentas de Coleta de Dados lembram dos dados sobre seu navegador e suas preferências, oferecem funcionalidades adicionais no site, personalizam o conteúdo para que ele seja mais relevante ao usuário e lembram de configurações que afetam a aparência e o comportamento dos Serviços (como seu idioma preferido ou volume para reprodução de vídeos)."
page 406.txt,75,"
- Desempenho: essas Ferramentas de Coleta de Dados ajudam a avaliar e melhorar os Serviços, fornecendo dados de uso e desempenho, contagens de visita, origens de tráfego ou o local onde um aplicativo foi baixado."
page 406.txt,76,"Essas ferramentas nos ajudam a testar diferentes versões da Udemy para ver quais recursos ou conteúdo os usuários preferem, bem como para determinar quais mensagens de e-mail são abertas."
page 406.txt,77,"
- Publicidade: essas Ferramentas de Coleta de Dados são usadas para exibir anúncios relevantes (no site e/ou em outros sites) com base nas informações conhecidas sobre o usuário, como os Dados do Sistema e de Utilização (conforme detalhado na Seção 1), e nas informações que os provedores do serviço de publicidade sabem sobre o usuário com base nos dados de rastreamento."
page 406.txt,78,Os anúncios podem se basear na sua atividade recente ou histórica e em outros sites e serviços.
page 406.txt,79,"Para ajudar a exibir publicidade personalizada, poderemos fornecer aos prestadores de serviços uma versão anônima e com hash do endereço de e-mail do usuário (em formato ilegível por seres humanos) e o conteúdo que o usuário compartilha publicamente nos Serviços."
page 406.txt,80,"
- Mídia Social: essas Ferramentas de Coleta de Dados possibilitam funcionalidade de mídia social, como o compartilhamento de conteúdo com amigos e conhecidos."
page 406.txt,81,"Esses cookies podem rastrear um usuário ou dispositivo em outros sites, e criar um perfil com os interesses do usuário para uso em publicidade direcionada."
page 406.txt,83,"O usuário pode configurar o navegador da Web para alertá-lo sobre tentativas de inserção de cookies no computador, limitar os tipos de cookies permitidos ou simplesmente recusar cookies como um todo."
page 406.txt,84,"Nesse caso, talvez não seja possível usar alguns ou todos os recursos dos Serviços, e a experiência do usuário pode ser diferente ou menos funcional."
page 406.txt,85,"Para saber mais sobre o gerenciamento de Ferramentas de Coleta de Dados, consulte a Seção 6.1 (Opções do usuário quanto ao uso de seus dados) abaixo."
page 406.txt,86,"
3."
page 406.txt,87,"Finalidade dos dados dos usuários
"
page 406.txt,88,Os dados colhidos quando o usuário utiliza os Serviços são usados para:
page 406.txt,89,"
- Fornecer e administrar os Serviços, inclusive para facilitar a participação em conteúdo educacional, emitir certificados de conclusão, exibir conteúdo personalizado e facilitar a comunicação com outros usuários;
- Processar pagamentos a instrutores e outros terceiros;
- Processar solicitações e pedidos de conteúdo educacional feitos pelo usuário, produtos, serviços específicos, informações ou recursos;
- Comunicar com o usuário sobre a conta dele:Respondendo às perguntas e dúvidas do usuário;Enviar mensagens e informações administrativas, inclusive mensagens recebidas de instrutores, alunos e assistentes de ensino;"
page 406.txt,90,notificações sobre alterações em nosso Serviço;
page 406.txt,91,"e atualizações de nossos contratos;Enviar informações ao usuário, por e-mail ou mensagens de texto, sobre o progresso dele em cursos e conteúdo relacionado, programas de prêmios, novos serviços, novos recursos, promoções, boletins informativos e outro conteúdo disponível criado pelo instrutor (que, a qualquer momento, o usuário pode optar por não receber);Enviando notificações por push para o dispositivo sem fio do usuário para fornecer atualizações e outras mensagens relevantes (que podem ser gerenciadas na página de “opções” ou “configurações” do aplicativo móvel);
- Gerenciar a conta e as preferências da conta do usuário;
- Facilitar a operação técnica dos Serviços, inclusive solução de problemas, proteção dos Serviços e prevenção de fraudes e abuso;"
page 406.txt,92,"
- Solicitar feedback dos usuários;
- Produtos, serviços, pesquisas e promoções de mercado;
- Planos de Assinatura de Mercado para clientes em potencial;"
page 406.txt,93,"
- Saber mais sobre o usuário, vinculando os dados dele a outros dados por meio de provedores de dados terceirizados e/ou analisando os dados com a ajuda de provedores de serviços de análise;
- Identificar usuários únicos entre dispositivos;
- Personalizar anúncios entre dispositivos;"
page 406.txt,94,"
- Melhorar nossos Serviços e desenvolver novos produtos, serviços e recursos;
- Analisar tendências e tráfego, rastrear compras e dados sobre utilização;"
page 406.txt,95,"
- Anunciar os Serviços em sites e aplicativos de terceiros;
- Conforme exigido ou permitido por lei; ou
- Como a Udemy, a nosso exclusivo critério, determinar necessário para garantir a segurança ou a integridade de nossos usuários, funcionários, terceiros, o público ou nossos Serviços."
page 406.txt,96,"
4."
page 406.txt,97,Com quem são compartilhados os dados dos usuários
page 406.txt,98,"
Poderemos compartilhar os dados do usuário com terceiros nas seguintes circunstâncias ou quando, de alguma forma, descrito nesta Política de Privacidade:
- Com os instrutores:"
page 406.txt,99,"Compartilhamos dados sobre o usuário (exceto o endereço de e-mail) com instrutores ou assistentes de ensino do conteúdo educacional que o usuário acessa ou sobre os quais solicita informações, para que eles possam melhorar o conteúdo para o usuário e outros alunos."
page 406.txt,100,"Esses dados podem incluir a cidade do usuário, o país, o idioma do navegador, o sistema operacional, as configurações do dispositivo, o site que levou o usuário à Udemy e as atividades do usuário na Udemy."
page 406.txt,101,"Caso coletemos outros dados sobre o usuário (como idade ou sexo), poderemos compartilhá-los também."
page 406.txt,102,Não compartilharemos o endereço de e-mail do usuário com instrutores ou assistentes de ensino.
page 406.txt,103,"
- Com outros alunos e instrutores: Dependendo das configurações do usuário, o conteúdo compartilhado e os dados do perfil poderão ser vistos publicamente, inclusive por outros alunos e instrutores."
page 406.txt,104,"Caso faça uma pergunta a um instrutor ou assistente de ensino, as informações do usuário (inclusive o nome) poderão também ser vistos publicamente."
page 406.txt,105,"
- Com prestadores de serviços, contratados e representantes: Compartilhamos os dados do usuário com empresas terceirizadas que prestam serviços para nossa Empresa, tais como processamento de pagamentos, prevenção de fraude e abuso, análise de dados, serviços de marketing e publicidade (inclusive publicidade redirecionada), serviços de e-mail e hospedagem e atendimento e suporte ao cliente."
page 406.txt,106,"Estes provedores de serviços podem acessar os dados pessoais do usuário e são obrigados a usá-los somente conforme orientados pela Udemy, para fornecer o serviço solicitado."
page 406.txt,107,"
- Com Afiliados da Udemy:"
page 406.txt,108,"Seus dados poderão ser compartilhados com nosso grupo corporativo de empresas, relacionadas por posse comum ou controle para possibilitar ou apoiar a prestação dos Serviços."
page 406.txt,109,"
- Com parceiros de negócios:"
page 406.txt,110,Mantemos contratos com outros sites e plataformas que visam distribuir nossos Serviços e aumentar o tráfego para a Udemy.
page 406.txt,111,"Por exemplo, trabalhamos com a Benesse, no Japão."
page 406.txt,112,"De acordo com a localização do usuário, poderemos compartilhar os dados dele com estes parceiros."
page 406.txt,113,"
- Com serviços de análise e de enriquecimento de dados:"
page 406.txt,114,"Como parte do uso que fazemos de ferramentas de análise de terceiros, como o Google Analytics, e serviços de enriquecimento de dados, como o ZoomInfo, compartilhamos algumas informações de contato, Dados da Conta, Dados do Sistema, Dados sobre Utilização (conforme detalhado na Seção 1) ou dados não identificados, conforme necessário."
page 406.txt,115,"Dados não identificados significam dados dos quais foram removidas informações, tais como o nome e o endereço de e-mail do usuário, que são substituídas por um ID de token."
page 406.txt,116,"Dessa forma, os provedores podem fornecer serviços de análise ou combinar os dados do usuário com informações de bancos de dados disponíveis publicamente (inclusive informações de contato e sociais provenientes de outras fontes)."
page 406.txt,117,O objetivo é nos comunicarmos com o usuário de maneira mais eficaz e personalizada.
page 406.txt,118,"
- Para habilitar recursos de mídia social:"
page 406.txt,119,"Os recursos de mídia social incluídos nos Serviços (como o botão Curtir do Facebook) podem permitir que o provedor de mídia social colete informações tais como o endereço IP do usuário e qual página dos Serviços o usuário está visitando, e defina uma cookie para ativar o recurso."
page 406.txt,120,As interações do usuário com esses recursos se regem pela política de privacidade da empresa terceirizada.
page 406.txt,121,"
- Para administrar promoções e pesquisas: Poderemos compartilhar os dados do usuário, conforme necessário, para administrar, comercializar ou patrocinar promoções e pesquisas das quais o usuário escolha participar, conforme exigido pela lei aplicável (como, por exemplo, fornecer uma lista de vencedores ou fazer os cadastros exigidos) ou de acordo com as regras da promoção ou pesquisa."
page 406.txt,122,"
- Para publicidade:"
page 406.txt,123,"Se decidirmos usar um modelo de receita mantida por publicidade no futuro, poderemos usar e compartilhar certos Dados do Sistema e Dados sobre Utilização com anunciantes e redes de terceiros para exibir informações demográficas e preferenciais gerais entre nossos usuários."
page 406.txt,124,"Poderemos, também, permitir que os anunciantes coletem Dados do Sistema por meio de Ferramentas de Coleta de Dados (conforme detalhado na Seção 2.1) e usem esses dados para oferecer anúncios direcionados, a fim de personalizar a experiência do usuário (por meio de publicidade comportamental) e realizar análises da Web."
page 406.txt,125,Os anunciantes poderão também compartilhar conosco os dados que coletarem sobre o usuário.
page 406.txt,126,"Para saber mais ou optar por não receber publicidade comportamental das redes de anúncios participantes, consulte a Seção 6.1 (Opções do usuário quanto ao uso de seus dados) abaixo."
page 406.txt,127,"Vale ressaltar que, ao optar por não participar, o usuário continuará a receber anúncios genéricos."
page 406.txt,128,"
- Para segurança e conformidade com a lei: Poderemos divulgar os dados do usuário a terceiros se (a nosso exclusivo critério) acreditarmos, pautados na boa-fé, que a divulgação seja:"
page 406.txt,129,"
- Permitida ou exigida por lei;
- Solicitada como parte de uma investigação ordem ou processo judicial, governamental ou jurídico;
- Justificadamente necessária como parte de uma intimação válida, mandado ou outro pedido legalmente válido;"
page 406.txt,130,"
- Justificadamente necessária para aplicar nossos Termos de Uso, Política de Privacidade e outros acordos jurídicos;"
page 406.txt,131,"
- Necessária para detectar, prevenir ou solucionar casos de fraude, abuso, uso indevido, possíveis violações da lei (ou regras ou regulamentos) ou questões técnicas ou de segurança; ou
- Justificadamente necessária, segundo nosso parecer, para proteger contra danos iminentes aos direitos, propriedades ou seguranças da Udemy, nossos usuários, funcionários, membros do público ou nossos Serviços."
page 406.txt,132,"
- Poderemos também divulgar dados sobre o usuário para nossos auditores e consultores jurídicos, a fim de avaliar nossas obrigações e direitos de divulgação ao abrigo desta Política de Privacidade."
page 406.txt,133,"
- Em casos de transferência de controle:"
page 406.txt,134,"Se a Udemy se submeter a uma transação comercial, tal como uma fusão, aquisição, alienação corporativa ou dissolução (inclusive falência), ou uma venda parcial ou total de ativos, poderemos compartilhar, divulgar ou transferir todos os dados do usuário para a organização sucessora, durante a referida transição, ou na contemplação de uma transição (inclusive durante uma auditoria)."
page 406.txt,135,"
- Após a agregação/remoção da identificação: Poderemos divulgar ou usar dados agregados ou não identificados para qualquer finalidade."
page 406.txt,136,"
- Com a permissão do usuário:"
page 406.txt,137,"Com consentimento do usuário, poderemos compartilhar dados com terceiros fora do escopo desta Política de Privacidade."
page 406.txt,138,"
5."
page 406.txt,139,"Segurança
"
page 406.txt,140,"A Udemy adota medidas de segurança adequadas para proteger-se contra acesso não autorizado, alteração, divulgação ou destruição dos dados pessoais do usuário por nós coletados e armazenados."
page 406.txt,141,Essas medidas variam com base no tipo e na confidencialidade dos dados.
page 406.txt,142,"Infelizmente, no entanto, nenhum sistema pode ser 100% protegido."
page 406.txt,143,"Por isso, não podemos garantir que as comunicações entre o usuário e a Udemy, os Serviços ou qualquer informação fornecida à Udemy em relação aos dados por nós coletados por meio dos Serviços estejam livres de acesso não autorizado por terceiros."
page 406.txt,144,"A senha do usuário é uma parte importante do nosso sistema de segurança, e é responsabilidade do usuário protegê-la."
page 406.txt,145,Não compartilhe a senha com terceiros.
page 406.txt,146,"Em caso de suspeita de violação da senha ou conta, altere-a imediatamente e entre em contato com a Equipe de Suporte para sanar a situação."
page 406.txt,147,"
6."
page 406.txt,148,"Direitos dos usuários
"
page 406.txt,149,"6.1 Opções do Usuário Quanto ao Uso de Seus Dados
"
page 406.txt,150,"O usuário pode optar por não fornecer determinados dados à Udemy, mas é possível que não consiga usar determinados recursos dos Serviços."
page 406.txt,151,"
- O usuário pode optar por não receber comunicações promocionais."
page 406.txt,152,"Para isso, pode usar o mecanismo de cancelamento de inscrição, na própria comunicação promocional que receber, ou alterar as preferências de e-mail da conta do usuário."
page 406.txt,153,"Convém destacar que, independentemente das configurações de preferência de e-mail do usuário, a Udemy enviará mensagens sobre transações e de relacionamento relacionadas aos Serviços, inclusive confirmações administrativas, confirmações de pedidos, atualizações importantes sobre os Serviços e avisos sobre nossas políticas."
page 406.txt,154,"
- Se você estiver no Espaço Econômico Europeu, poderá desativar algumas Ferramentas de Coleta de Dados, clicando no link """
page 406.txt,155,"Configurações de cookie"" na parte inferior de qualquer página."
page 406.txt,156,"
- O navegador ou dispositivo utilizado pelo usuário pode permitir o controle de cookies e outros tipos de armazenamento local de dados."
page 406.txt,157,"Para saber mais sobre o gerenciamento de cookies, acesse https://cookiepedia.co.uk/how-to-manage-cookies."
page 406.txt,158,Dispositivos sem fio também podem permitir o controle da coleta e do compartilhamento de localização e outros dados.
page 406.txt,159,"
- Para obter informações e controlar os cookies utilizados para anúncios personalizados provenientes das empresas participantes, consulte as páginas de cancelamento de serviços do consumidor referentes à Network Advertising Initiative e à Digital Advertising Alliance, ou, caso esteja localizado no Espaço Econômico Europeu, acesse o site Your Online Choices."
page 406.txt,160,"Para optar por não receber publicidade gráfica do Google ou personalizar anúncios da Rede de Display do Google, acesse a página de configurações do Google Ads."
page 406.txt,161,"Para optar por não receber anúncios direcionados do Taboola, consulte o link de cancelamento da Política sobre cookies do Taboola."
page 406.txt,162,"
- Para optar por não permitir que o Google Analytics, Mixpanel, ZoomInfo ou Clearbit usem os dados do usuário para fins de análise e enriquecimento, acesse Google Analytics Opt-out"
page 406.txt,163,Browser
page 406.txt,164,"Add-on, Mixpanel Opt-Out Cookie, a política da ZoomInfo e o mecanismo de reivindicação de dados do Clearbit."
page 406.txt,165,"
- O Apple iOS, o Android OS e o Microsoft Windows fornecem suas próprias instruções sobre como controlar anúncios personalizados no aplicativo."
page 406.txt,166,"Para outros dispositivos e sistemas operacionais, revise as configurações de privacidade da plataforma."
page 406.txt,167,"
Caso tenha dúvidas sobre direitos, dados e a forma como a Udemy utiliza os dados, o usuário deverá entrar em contato conosco em privacy@udemy.com."
page 406.txt,168,"
6.2"
page 406.txt,169,"Acesso, atualização e exclusão de dados pessoais do usuário"
page 406.txt,171,"Para acessar e atualizar os dados pessoais coletados e mantidos pela Udemy, o usuário pode:"
page 406.txt,172,"
- Para atualizar dados fornecidos diretamente, o usuário deve conectar-se à sua conta e atualizá-la a qualquer momento."
page 406.txt,173,"
- Para encerrar a conta:"
page 406.txt,174,"Se for aluno, o usuário deve acessar a página de configurações do perfil e seguir as etapas detalhadas aqui."
page 406.txt,175,"Se for instrutor, o usuário deve seguir as etapas detalhadas aqui."
page 406.txt,176,"Se você estiver com problemas para encerrar sua conta, entre em contato com a Equipe de Suporte."
page 406.txt,177,"Observação: mesmo depois de encerrada a conta, alguns ou todos os dados do usuário ainda ficarão visíveis para outras pessoas, inclusive, entre outros, dados que tenham sido (a) copiados, armazenados ou disseminados por outros usuários (inclusive comentários no conteúdo); (b) compartilhados ou disseminados pelo próprio usuário ou por outras pessoas (inclusive no conteúdo compartilhado do usuário); ou (c) publicados em uma plataforma de terceiros."
page 406.txt,178,"Mesmo depois de encerrada a conta, reteremos os dados do usuário enquanto tivermos um propósito legítimo para assim o fazer (e de acordo com a lei aplicável), inclusive para ajudar em obrigações legais, resolver conflitos e fazer cumprir nossos contratos."
page 406.txt,179,Poderemos reter e divulgar esses dados de acordo com esta Política de Privacidade depois do encerramento da conta do usuário.
page 406.txt,180,"
- Para solicitar acesso, corrigir ou excluir dados pessoais, use nosso formulário online aqui."
page 406.txt,181,"Você também pode enviar um e-mail para privacy@udemy.com ou escrever para a Udemy, Attn: Privacy/Legal Team, 600 Harrison Street, 3rd floor, San Francisco CA 94107."
page 406.txt,182,Aguarde até 30 dias para obter uma resposta.
page 406.txt,183,"Por questão de proteção do usuário, poderemos pedir que a solicitação seja enviada pelo endereço de e-mail associado à conta do usuário."
page 406.txt,184,Pode ser necessário confirmar a identidade do usuário antes de implementar a solicitação.
page 406.txt,185,"Vale ressaltar que retemos certos dados quando temos direito de assim o fazer, inclusive em caso de manutenção obrigatória de registros e para realizar transações."
page 406.txt,186,"
6.3"
page 406.txt,187,"Nossa política em relação a crianças
Reconhecemos os interesses de privacidade das crianças e recomendamos que os pais e responsáveis assumam um papel ativo nos interesses e nas atividades online das crianças."
page 406.txt,188,"Se você ainda não tiver 18 anos de idade, mas já tiver a idade mínima para o consentimento de uso dos serviços online no país onde mora (por exemplo, 13 anos nos EUA ou 16 na Irlanda), você não poderá criar uma conta, mas sugerimos pedir para seu pai, sua mãe ou outro responsável abrir uma conta e ajudar você a se inscrever no conteúdo apropriado."
page 406.txt,189,Indivíduos que ainda não atingiram a idade mínima para o consentimento de uso dos serviços online não poderão usar os Serviços.
page 406.txt,190,"Se for do nosso conhecimento que coletamos dados pessoais de uma criança abaixo dessas idades, tomaremos as medidas necessárias para excluí-los."
page 406.txt,192,Pais que acreditem que a Udemy possa ter coletados dados pessoais de uma criança abaixo destas idades poderão enviar uma solicitação de remoção dos dados para privacy@udemy.com.
page 406.txt,193,"
7."
page 406.txt,194,Regras específicas de cada jurisdição
page 406.txt,196,"7.1 Usuários na Califórnia
"
page 406.txt,197,"Os usuários que residem na Califórnia têm certos direitos nos termos da Lei de Privacidade do Consumidor da Califórnia (""CCPA"")."
page 406.txt,198,"Caso você seja um usuário da Califórnia elegível, seus direitos incluem:
- ""Direito de saber"" — Você tem o direito de pedir para saber mais sobre as categorias e informações pessoais específicas que coletamos sobre você, bem como acessar uma cópia das suas informações pessoais."
page 406.txt,199,"
- ""Direito à exclusão"" — Você tem o direito de solicitar a exclusão das informações pessoais que coletamos sobre você."
page 406.txt,200,"
- ""Direto à não discriminação"" — Se você optar por fazer valer qualquer um dos seus direitos nos termos da CCPA, a Udemy continuará tratando você como todos os outros usuários."
page 406.txt,201,"Em outras palavras, nenhuma penalidade será aplicada por você exercer seus direitos de acordo com a CCPA."
page 406.txt,202,"
- ""Direito de cancelamento"" - Você tem o direito de cancelar a venda das suas informações pessoais."
page 406.txt,204,"A CCPA tem uma definição específica de ""venda"" e, embora a Udemy não venda, no sentido tradicional, suas informações pessoais ou de qualquer outro usuário, utilizamos os cookies que tornam as informações pessoalmente não identificáveis disponíveis a alguns terceiros."
page 406.txt,205,"Para cancelar essa ""venda"", clique no link ""Não vender minhas informações pessoais"" na parte inferior desta página."
page 406.txt,206,"
Para exercer qualquer um dos direitos nos termos da CCPA, envie um e-mail para privacy@udemy.com ou escreva para a Udemy, Attn: Privacy/Legal Team, 600 Harrison Street, 3rd floor, San Francisco CA 94107."
page 406.txt,207,A CCPA permite que você designe um agente autorizado para fazer essas solicitações em seu nome.
page 406.txt,208,"Para sua proteção, poderemos exigir que a solicitação seja enviada pelo endereço de e-mail associado à sua conta, e pode ser necessário verificar a sua identidade e/ou a do seu agente antes que o pedido seja realizado."
page 406.txt,209,"
Adicionalmente, para saber mais sobre as informações pessoais que coletamos e como as coletamos, consulte as seções """
page 406.txt,210,"Quais Dados Coletamos"" e ""Como Coletamos Dados sobre Você"" acima."
page 406.txt,211,"
Para conhecer as finalidades empresariais e comerciais para as quais suas informações pessoais são coletadas e as categorias de provedores de serviços que têm acesso a elas, consulte as seções ""Finalidade dos Seus Dados"" e ""Com Quem Compartilhamos Seus Dados""."
page 406.txt,212,"
Como residente da Califórnia, você também tem o direito de solicitar alguns detalhes sobre quais informações pessoais compartilhamos com terceiros para as finalidades de marketing direto deles."
page 406.txt,213,"Para enviar sua solicitação, envie um e-mail para privacy@udemy.com com a frase ""California Shine the Light"" (Lei ""Shine the Light"" da Califórnia, em inglês) e inclua seu endereço para correspondência, estado de residência e endereço de e-mail."
page 406.txt,214,"
Como não há um padrão amplamente aceito para sinais “Do Not Track” iniciados por navegadores, no momento não reconhecemos nem respondemos a esse tipo de sinal."
page 406.txt,216,7.2 Usuários de Nevada
page 406.txt,218,A Udemy não vende as informações ou dados pessoais de seus usuários.
page 406.txt,219,"No entanto, se você é residente de Nevada e gostaria de solicitar que suas informações pessoais não sejam vendidas, envie um e-mail para privacy@udemy.com ou escreva para Udemy, Attn: Privacy/Legal Team, 600 Harrison Street, 3rd floor, San Francisco CA 94107."
page 406.txt,220,"
7.3 Usuários na Austrália
Caso resida na Austrália e queira fazer uma reclamação, entre em contato com o Office of the Australian Information Commissioner (""OAIC"")."
page 406.txt,221,"Para entrar em contato com o OAIC: visite www.oaic.gov.au; envie um e-mail para enquiries@oaic.gov.au; ligue para 1300 363 992; ou escreva para GPO Box 5218, Sydney NSW 2001."
page 406.txt,222,"
7.4 Usuários fora dos EUA
Para prestar os Serviços ao usuário, é necessário transferir os dados do usuário para os Estados Unidos e processá-los naquele país."
page 406.txt,223,"Ao visitar ou usar nossos Serviços, o usuário concorda com o armazenamento de seus dados em servidores localizados nos Estados Unidos."
page 406.txt,224,"Ao usar os Serviços fora dos Estados Unidos, o usuário concorda com a transferência, o armazenamento e o processamento de seus dados nos Estados Unidos ou outros países."
page 406.txt,225,"Especificamente, os dados pessoais coletados no Reino Unido (""RU""), na Suíça e no Espaço Econômico Europeu (""EEE"") são transferidos e armazenados fora dessas áreas."
page 406.txt,226,"Além disso, se você estiver no EEE, no RU ou na Suíça, também terá o direito de apresentar uma queixa à sua autoridade de supervisão de dados."
page 406.txt,227,"
Os dados pessoais também são processados fora do RU, da Suíça e do EEE pelas empresas do grupo Udemy ou nossos provedores de serviços, incluindo para processar transações, facilitar pagamentos e prestar serviços de suporte conforme descrito na Seção 4."
page 406.txt,228,Usamos Cláusulas Contratuais Padrão adotadas pela Comissão Europeia para facilitar as transferências de dados pessoais do EEE para países terceirizados e celebramos acordos de processamento de dados com nossos provedores de serviços e empresas do grupo Udemy para restringir e regular o processamento dos seus dados em nosso nome.
page 406.txt,229,"Ao enviar seus dados ou usar nossos Serviços, você consente com a transferência, o armazenamento e o processamento pela Udemy e seus processadores."
page 406.txt,230,"
8."
page 406.txt,231,"Atualizações e informações de contato
"
page 406.txt,232,"8.1 Modificações nesta política de privacidade
"
page 406.txt,233,"De tempos em tempos, poderemos atualizar esta Política de Privacidade."
page 406.txt,234,"Em caso de alterações significativas, notificaremos o usuário por e-mail, notificação publicada nos Serviços ou conforme exigido pela lei aplicável."
page 406.txt,235,Incluiremos também um resumo das principais alterações.
page 406.txt,236,"Salvo indicação em contrário, as modificações entrarão em vigor no dia em que forem publicadas."
page 406.txt,237,"
Conforme permitido pela lei aplicável, ao continuar a usar os Serviços após a data de vigência de qualquer alteração, o acesso e/ou uso, por parte do usuário, serão considerados uma aceitação da Política de Privacidade revisada (e concordância em seguir e vincular-se a ela)."
page 406.txt,238,A Política de Privacidade revista substitui todas as Políticas de Privacidade anteriores.
page 406.txt,239,"
8.2 Interpretação
Todos os termos com letras iniciais maiúsculas não definidos nesta política são definidos conforme especificado nos Termos de Uso da Udemy."
page 406.txt,240,Qualquer versão desta Política de Privacidade em um idioma diferente do inglês é fornecida por conveniência.
page 406.txt,241,"Em caso de conflito com uma versão não redigida em inglês, o usuário concorda que a versão em inglês prevalecerá."
page 406.txt,242,"
8.3 Dúvidas"
page 406.txt,244,"Em caso de dúvidas, esclarecimentos ou conflitos em relação à nossa Política de Privacidade, entre em contato com nossa equipe de privacidade (inclusive com nosso gerente designado para proteção de informações pessoais) em privacy@udemy.com."
page 406.txt,245,"Se preferir, envie uma correspondência para Udemy, Attn: Legal, 600 Harrison Street, 3rd Floor, San Francisco, CA 94107."
