Document,Parag_number,Paragraph_Text
page 502.txt,0,Bem-vindo ao Descomplica.
page 502.txt,1,"O Descomplica é uma plataforma/aplicativo de educação online, cujo foco principal é o ensino médio, ENEM e vestibulares."
page 502.txt,2,"O Descomplica apresenta sua ""Política de Privacidade"" de seu website (www.descomplica.com.br) e aplicativos, sua plataforma e seus serviços (juntos, a “Plataforma”) estabelecidos neste documento."
page 502.txt,4,O Descomplica respeita o direito à privacidade e zela pela segurança dos dados pessoais de seus usuários.
page 502.txt,5,"A nossa Política de Privacidade esclarece como coletamos, armazenamos e utilizamos as informações pessoais dos usuários."
page 502.txt,6,"A fim de proporcionar maior segurança e transparência, poderemos alterar periodicamente a Política de Privacidade."
page 502.txt,7,"Ao acessar, usar ou navegar por nossa plataforma, você concordou, expressa e voluntariamente, com todas as cláusulas desta Política de Privacidade, conforme abaixo detalhadas."
page 502.txt,8,"Se você não concordar com a Política de Privacidade, não utilize os Serviços Descomplica."
page 502.txt,10,A Política de Privacidade é válida para todos os usuários de nossa plataforma.
page 502.txt,11,"
1.1."
page 502.txt,12,Nosso servidor não coleta automaticamente nenhuma informação sobre o domínio ou endereço de e-mail de nossos visitantes.
page 502.txt,13,"
1.2."
page 502.txt,14,"Coletamos o domínio e endereço de e-mail dos visitantes de nossa plataforma, quando informado por eles, e os endereços de e-mail daqueles que se comunicam conosco através dela."
page 502.txt,15,"Coletamos ainda, os endereços de e-mail daqueles que postam mensagens nos nossos fóruns, trocam mensagens entre si e entre grupos via nosso sistema de mensagens e daqueles que se comunicam conosco através dele, bem como os endereços de e-mail dos que se comunicam conosco através do nosso Chat ao vivo."
page 502.txt,16,"Além disso, agregamos informações voluntariamente prestadas pelos usuários, como as coletadas em pesquisas e no momento de registro na plataforma, como nome, endereço, número de telefone, informações de pagamento (ex."
page 502.txt,17,": número de cartão de crédito e endereço de cobrança), além das informações divulgadas no serviço de mensagens instantâneas, incluindo arquivos e fotos enviados, dentre outras."
page 502.txt,18,"
1.3."
page 502.txt,19,"Ao fornecer informações através da nossa plataforma, você consente com a coleta, uso, armazenamento e divulgação de informações de acordo com esta Política de Privacidade."
page 502.txt,20,"
2.1."
page 502.txt,21,"As informações que coletamos são usadas com o objetivo de melhorar o conteúdo de nossa plataforma, notificar os usuários sobre as atualizações disponíveis e para ofertas, promoções e campanhas de publicidade de nossos serviços e de parceiros selecionados e, ainda, para aproximar alunos no âmbito de estudo de cada membro."
page 502.txt,22,"
2.2."
page 502.txt,23,"Tais informações podem vir a ser armazenadas em bancos de dados de terceiros, inclusive no exterior, desde que os mesmos respeitem a privacidade e a proteção de dados dos usuários em nível condizente com aquele oferecido pela legislação brasileira e por esta Política de Privacidade, e ofereçam condições adequadas de segurança no armazenamento e processamento desses dados."
page 502.txt,24,"
2.3."
page 502.txt,25,"Ao preencher cadastros para utilização da plataforma e ao navegar em seus conteúdos você concorda com esta Política de Privacidade, fornecendo o seu consentimento livre, expresso e informado de que os dados fornecidos ao Descomplica poderão ser coletados, armazenados, tratados e compartilhados conforme as condições aqui mencionadas."
page 502.txt,26,"
2.4."
page 502.txt,27,"O Descomplica se compromete a respeitar os direitos à privacidade, à proteção dos dados pessoais e dos registros dos seus usuários, e assegura que cuidará para que eventuais terceiros com quem referidos dados sejam compartilhados respeitem os termos desta Política de Privacidade."
page 502.txt,28,"
2.5."
page 502.txt,29,"Os dados pessoais coletados poderão ser utilizados para permitir a melhor customização de sua experiência no site e no aplicativo da Descomplica, além de permitir o constante aperfeiçoamento da plataforma."
page 502.txt,30,"Dessa forma, dados geográficos, demográficos e de perfil de consumo, por exemplo, poderão auxiliar a tornar o site cada vez melhor."
page 502.txt,31,"
2.6."
page 502.txt,32,"Os dados pessoais poderão ainda ser compartilhados com parceiros comerciais selecionados para o oferecimento de serviços ou produtos relacionados, observando sempre a condição de que os mesmos respeitem os termos desta Política de Privacidade."
page 502.txt,33,Não compartilharemos os seus dados para qualquer finalidade que esteja em desacordo com a legislação vigente ou com esta Política de Privacidade.
page 502.txt,34,"
2.7."
page 502.txt,35,"Os usuários que nos fornecerem seus números de telefone poderão ser contatados pelo Descomplica via telefone, com informações a respeito de novos produtos e serviços ou eventos próximos."
page 502.txt,36,"Se você não deseja receber essas ligações, por favor nos avise através de nossa Central de Atendimento."
page 502.txt,37,"
2.8."
page 502.txt,38,"O Descomplica poderá ainda compartilhar informações pessoais com pessoas externas à empresa caso isso seja necessário para: (i) cumprir determinações legais, regulatórias ou judiciais; (ii) cumprir os Termos de Uso da plataforma, inclusive para apuração de eventuais violações; ou (iii) proteger direitos dos usuários, do Descomplica ou do público em geral, conforme previsão legal."
page 502.txt,39,"
3.1."
page 502.txt,40,"O Descomplica usa cookies, tags e outras tecnologias similares para melhorar sua experiência em nossa plataforma e para fornecer-lhe informações adequadas às suas necessidades."
page 502.txt,41,"
3.2."
page 502.txt,42,"Os cookies são utilizados para armazenar as preferências do usuário em seu computador, smartphone, celular ou tablet e oferecer um serviço personalizado."
page 502.txt,43,"Servem para reconhecer, acompanhar seus hábitos de navegação e alertar os visitantes sobre novas áreas que podem ser de seu interesse cada vez que retornarem ao nosso aplicativo."
page 502.txt,44,"
3.3."
page 502.txt,45,"Durante a sua navegação em nossa plataforma, é possível que cookies anônimos ou tecnologias similares sejam instalados no seu computador, smartphone, celular ou tablet."
page 502.txt,46,"
3.4."
page 502.txt,47,Você poderá recusar os cookies caso não tenha interesse em que trabalhemos para a melhora da sua experiência.
page 502.txt,48,"Por favor, consulte as instruções de seu navegador para saber mais sobre cookies e sobre como desabilitá-los."
page 502.txt,49,"
4.1."
page 502.txt,50,"Nossa plataforma poderá conter links para outros aplicativos, sites externos, parceiros e/ou patrocinadores, que podem ter políticas de privacidade diferentes das nossas, estando assim sujeitas às suas próprias práticas de obtenção e uso de dados."
page 502.txt,51,"Lembre-se de que, se você fornecer informações pessoais em outros aplicativos, sites, fóruns, em nosso serviço de troca de mensagens, ou chats, tais informações poderão ser recolhidas e utilizadas indevidamente por terceiros."
page 502.txt,52,"
4.2."
page 502.txt,53,O Descomplica não se responsabiliza pelo conteúdo de tais aplicativos nem pelo manuseio das informações por terceiros.
page 502.txt,54,"Por isso, recomendamos que nossos usuários sempre leiam as normas de relacionamento e política de privacidade específicas dentro do próprio aplicativo ou site do parceiro ou patrocinador que colete suas informações."
page 502.txt,55,"
4.3."
page 502.txt,56,A Política de Privacidade do Descomplica se aplica unicamente às informações coletadas pelo Descomplica através da plataforma do Descomplica.
page 502.txt,57,"
5.1."
page 502.txt,58,Este site não se destina a menores de 13 anos de idade.
page 502.txt,59,"O Descomplica não coleta ou solicita dados pessoalmente identificáveis de visitantes abaixo dessa faixa etária intencionalmente, exceto quando permitido pela respectiva legislação."
page 502.txt,60,Qualquer pessoa que nos preste suas informações pessoais através do Descomplica declara que tem 13 anos de idade ou mais.
page 502.txt,61,"
5.2."
page 502.txt,62,"Caso seu filho tenha enviado dados pessoais e você queira excluir tais dados dos nossos registros, poderá fazê-lo através de nossa Central de Atendimento."
page 502.txt,63,"
6.1."
page 502.txt,64,O Descomplica utiliza medidas de segurança comercialmente razoáveis para proteger as informações contidas em nossos servidores e banco de dados.
page 502.txt,65,"Exceto quando expressamente informado nesta Política ou em demais documentos que venham a reger a relação entre as partes, o Descomplica não oferece nenhuma garantia de infalibilidade dos serviços."
page 502.txt,66,A plataforma e seus respectivos conteúdos são oferecidos “na forma em que estão”.
page 502.txt,67,"
6.2."
page 502.txt,68,"Quando recebemos e transferimos certos tipos de informação confidencial, como informações financeiras, dados de cartão de crédito e afins, redirecionamos os visitantes a servidores seguros, notificando-os através de uma janela pop-up em nosso aplicativo ou website."
page 502.txt,69,"Sempre que solicitamos um número de cartão de crédito esse número será transmitido no formato criptografado padrão da indústria, SSL (Secure Sockets Layer, camada de soquetes de segurança)."
page 502.txt,70,"
6.3."
page 502.txt,71,"Sua senha é secreta, mantenha-a em segurança e procure não divulgá-la a ninguém."
page 502.txt,72,"Caso você esqueça a sua senha, uma nova será fornecida, mediante solicitação prévia, e enviada para a sua conta de e-mail informada."
page 502.txt,73,"Sugerimos que você escolha uma senha não óbvia, misturando letras e números."
page 502.txt,74,Lembre-se de que você é responsável por manter o sigilo de suas senhas e qualquer informação da sua conta do Descomplica.
page 502.txt,75,"
6.4."
page 502.txt,76,"Não solicitaremos sua senha pessoal em nenhuma hipótese, seja por e-mail ou telefone."
page 502.txt,77,"
6.5."
page 502.txt,78,Recomendamos que você se desconecte de sua conta do Descomplica e feche o aplicativo ou site quando concluir a utilização de nossa plataforma.
page 502.txt,79,"Este procedimento evita que terceiros tenham acesso aos seus dados pessoais, caso você compartilhe um celular, smartphone ou tablet com alguém ou esteja usando em local público."
page 502.txt,80,"
7.1."
page 502.txt,81,Você é responsável por manter suas informações de registro completas e atualizadas.
page 502.txt,82,"Para atualizar as suas informações de registro, acesse a sua conta do Descomplica e faça a alteração desejada para alterar as suas preferências de usuário ou, ainda, cancelar a sua inscrição."
page 502.txt,83,"
8.1."
page 502.txt,84,"Determinadas informações são necessárias para fornecer-lhe serviços, assim só excluímos essas informações após excluirmos a sua conta."
page 502.txt,85,"Ao excluir sua conta, ela será excluída permanentemente do Descomplica dentro de um prazo de 30 (trinta) dias a partir da solicitação, ressalvadas as hipóteses de guarda obrigatória de registros previstas em lei."
page 502.txt,86,"
8.2."
page 502.txt,87,Você pode solicitar a exclusão de sua conta através de nossa Central de Atendimento .
page 502.txt,88,"
8.3."
page 502.txt,89,"No caso de usuários que já realizaram pagamentos através do aplicativo, algumas informações associadas aos mesmos serão mantidas em nossa base de dados para futuras referencias contábeis."
page 502.txt,90,"
9.1."
page 502.txt,91,"Ao utilizar a nossa plataforma você está sujeito às regras de coleta, armazenamento e uso detalhadamente descritas nesta Política de Privacidade."
page 502.txt,92,"
9.2."
page 502.txt,93,"O Descomplica reserva-se o direito de alterar esta Política de Privacidade, o que será informado aos nossos Membros por meios razoáveis, inclusive através de nota sobre a publicação da política alterada no site Descomplica."
page 502.txt,94,"
9.3."
page 502.txt,95,A última atualização da nossa política de privacidade ocorreu em 28 de setembro de 2017.
page 502.txt,96,"Ao utilizar a nossa plataforma a partir desta data, você concorda com os termos e políticas de dados e cookies atualizados."
page 502.txt,97,"
10.1."
page 502.txt,98,Seus comentários são bem-vindos.
page 502.txt,99,"Caso você tenha dúvidas ou reclamações sobre a nossa Política de Privacidade, entre em contato através de nossa Central de Atendimento."
