Document,Parag_number,Paragraph_Text
page 546.txt,0,"Bem-vindo à Política de Privacidade do Bumble (""Política"")!"
page 546.txt,1,"Aqui explicamos como coletamos, armazenamos, protegemos e compartilhamos suas informações, e com quem as compartilhamos."
page 546.txt,2,Sugerimos que você leia isso junto com os nossos brilhantes Termos e Condições de Uso.
page 546.txt,3,"Enquanto você está desfrutando o aplicativo móvel Bumble (""App""), coletamos algumas informações sobre você."
page 546.txt,4,"Além disso, você pode optar por usar o aplicativo para compartilhar informações com outros Bumblers, incluindo seus amigos e contatos (""Usuários"")."
page 546.txt,5,Nós podemos precisar ocasionalmente de compartilhar suas informações.
page 546.txt,7,"O Bumble é um aplicativo global e suas informações serão enviadas para e usadas nos Estados Unidos da América, independentemente do país em que você reside."
page 546.txt,8,"Esta Política explica como protegemos seus dados pessoais quando os transferimos para o exterior, por isso, leia com muito cuidado."
page 546.txt,10,"Se você tiver quaisquer perguntas ou comentários acerca desta política, contate-nos através de feedback@team.bumble.com."
page 546.txt,12,"Ao usar este App, você reconhece que o Bumble é um aplicativo mundial operado através de servidores de vários países ao redor do mundo, incluindo os Estados Unidos."
page 546.txt,13,"Se você mora em um país com leis de proteção de dados, a forma como armazenamos os seus dados pessoais pode diferir da proteção do seu país de residência."
page 546.txt,15,"O Bumble designou um Oficial de Proteção de Dados que pode ser contatado por e-mail DPO@team.bumble.com ou por correio, no endereço seguinte:"
page 546.txt,16,"
Quando você baixa o aplicativo e cria uma conta (""Conta""), nós podemos coletar determinadas informações (""Informações de Registro"") sobre você, tais como:"
page 546.txt,17,"
Você também terá de criar uma senha em conexão com o registro de sua Conta."
page 546.txt,18,"Depois de se registrar, você poderá rever e alterar essa informação a qualquer momento acessando a página do seu ""Perfil""!"
page 546.txt,19,"Você pode controlar seu perfil, corrigir ou atualizar suas informações (além do e-mail, número de telefone, data de nascimento, gênero e localização, que são atualizadas automaticamente) a qualquer momento ao entrar em sua conta no Bumble."
page 546.txt,21,Esta informação coletada nos ajuda a melhorar o aplicativo e verificar nossos usuários (robôs não são bem-vindos!!).
page 546.txt,22,"Informações de Registro, como o seu nome e nome de usuário podem ser visíveis para o público na sua página de perfil."
page 546.txt,23,"
Note que sua conta for bloqueada, quaisquer contas que você tiver em outros aplicativos ou sites do nosso grupo poderão ser também bloqueadas como parte do nosso procedimento anti-spam e anti-fraude."
page 546.txt,24,"
Você também terá de criar uma senha em conexão com o registro de sua Conta."
page 546.txt,25,"Depois de se registrar, você poderá rever e alterar essa informação a qualquer momento acessando a página do seu ""Perfil""!"
page 546.txt,26,"Você pode controlar seu perfil, corrigir ou atualizar suas informações (além do e-mail, número de telefone, data de nascimento, gênero e localização, que são atualizadas automaticamente) a qualquer momento ao entrar em sua conta no Bumble."
page 546.txt,28,Esta informação coletada nos ajuda a melhorar o aplicativo e verificar nossos usuários (robôs não são bem-vindos!!).
page 546.txt,29,"Informações de Registro, como o seu nome e nome de usuário podem ser visíveis para o público na sua página de perfil."
page 546.txt,30,"
Para usuários residentes na Califórnia, os dados que podemos coletar enquadram-se nas seguintes categorias de ""informações pessoais"", conforme definido pela California Consumer Privacy Act (CCPA):"
page 546.txt,31,"
Recomendamos e incentivamos (a si e todos os nossos membros) a pensar cuidadosamente sobre a informação divulgada."
page 546.txt,32,"Também, nós não recomendamos que você divulgue endereços de e-mail, URLs, detalhes de mensagens instantâneas, números de telefone, nome completo ou endereços, informações de cartão de crédito, números de identidade nacionais, detalhes da carteira de motorista e outras informações sensíveis em seu perfil, que está aberto e pode levar a que outros usem e abusem dele."
page 546.txt,33,"
Quando você postar informações sobre você mesmo ou usar a função de mensagens, a quantidade de informação pessoal que partilha é por sua conta e risco."
page 546.txt,34,"Por favor, consulte a Seção 4 abaixo para obter mais informações sobre quem pode acessar o que você postar no Bumble."
page 546.txt,35,"Se você postar qualquer coisa que seja inconsistente com os nossos Termos e Condições de Uso, nós nos reservamos o direito de encerrar sua conta - nós realmente não queremos ter que fazer isso."
page 546.txt,36,"Por favor, respeite as nossas regras."
page 546.txt,37,"
Por motivos de segurança e proteção, e para garantir que você tenha a melhor experiência possível, solicitamos que os usuários verifiquem suas contas e para isso podemos solicitar seu número de telefone."
page 546.txt,38,Queremos ter certeza de que você não é um robô!
page 546.txt,39,"E também queremos evitar que contas falsas sejam criadas no Bumble, que podem ser usadas para atividades maliciosas e crimes na internet."
page 546.txt,40,Estas atividades ameaçam a nossa rede do Bumble e estragam tudo para todos.
page 546.txt,41,"Usamos um provedor terceirizado para verificação de contas que manterá seu número de telefone por até 90 dias para fins de identificação de fraude em várias plataformas e serviços on-line, como o Bumble."
page 546.txt,42,Coletamos e usamos seus número de telefone com base em nossos interesses legítimos identificados na seção 11 abaixo para prevenção de fraude.
page 546.txt,43,"
É sua responsabilidade garantir que os seus detalhes de conta são mantidos em segurança."
page 546.txt,44,"Se o seu número de telefone mudar, atualize-o."
page 546.txt,45,"
Para evitar o abuso do aplicativo/site, o Bumble usa decisões automatizadas e moderadores para bloquear contas como parte de seus procedimentos de moderação."
page 546.txt,46,"Para fazer isso, nossos sistemas verificam contas e mensagens que possam indicar violações dos nossos Termos e Condições de Uso."
page 546.txt,47,Isso é feito através de uma combinação de sistema automático e nossa equipe de moderadores.
page 546.txt,48,"Se uma conta ou mensagem atender a determinados critérios que demonstrem que os Termos e Condições de Uso provavelmente foram violados, a conta relevante será bloqueada automaticamente."
page 546.txt,49,Todos os usuários de contas bloqueadas serão notificados de que sua conta foi bloqueada e os usuários afetados poderão entrar em contato com o Bumble para contestar a decisão.
page 546.txt,51,"Se você decidir comprar qualquer um de nossos serviços premium, processaremos suas informações de pagamento e as manteremos com segurança para evitar fraudes e fins de auditoria / impostos."
page 546.txt,53,O Bumble também usa decisões automatizadas para impedir que transações fraudulentas de pagamento sejam processadas como parte de seus procedimentos antifraude.
page 546.txt,54,"Para isso, nossos sistemas verificam as transações de pagamento quanto a comportamentos que indicam violações de nossos Termos e Condições de Uso."
page 546.txt,55,"Se uma transação atender a certos critérios que demonstram que os Termos e Condições de Uso provavelmente foram violados e a transação provavelmente fraudulenta, a transação relevante poderá ser bloqueada automaticamente."
page 546.txt,56,"Quando uma transação é bloqueada, o usuário será notificado de que sua transação não pode ser processada e os usuários afetados podem entrar em contato com o Bumble para contestar a decisão."
page 546.txt,57,"
Note que sua conta for bloqueada, quaisquer contas que você tiver em outros aplicativos ou sites do nosso grupo poderão ser também bloqueadas como parte do nosso procedimento anti-spam e anti-fraude."
page 546.txt,59,"Se você ativar esses recursos, podemos coletar dados de geolocalização do seu dispositivo e guardar as coordenadas do seu dispositivo para oferecer certos recursos para você."
page 546.txt,60,"Essas informações nos ajudam a identificar seu local físico e podemos usar isso para personalizar o aplicativo e facilitar sua interação com outros usuários, permitindo que as informações sejam exibidas e compartilhadas com outros usuários que optaram por ver perfis de pessoas"
page 546.txt,61,“próximas”.
page 546.txt,63,"Se você ativou os serviços de localização, mas deseja desativá-los, poderá fazê-lo pelos seguintes métodos:"
page 546.txt,64,"
Mantemos suas informações pessoais apenas enquanto precisamos delas para fins comerciais legítimos (conforme estabelecido na Seção 11 abaixo) e conforme permitido pela lei aplicável."
page 546.txt,65,"
Na prática, excluímos ou anonimizamos suas informações após a exclusão de sua conta (seguindo o período de retenção de segurança), a menos que:
Onde o Bumble usa o aprendizado de máquina para, por exemplo, nos ajudar a detectar e impedir transações fraudulentas com cartões e para detectar e impedir as comunicações de spam no aplicativo (como explicado acima), poderemos precisar manter as informações pessoais por um período maior do que os períodos de retenção definidos acima, para permitir que o aprendizado de máquina funcione corretamente."
page 546.txt,66,"Quando for o caso, procuraremos sempre minimizar a quantidade de informações pessoais usadas e garantiremos que elas serão protegidas e mantidas em segurança contra outras informações pessoais do usuário."
page 546.txt,67,Revisamos regularmente o período em que as informações pessoais são necessárias para fins de aprendizado de máquina e excluímos todas as informações identificáveis quando não são mais necessárias.
page 546.txt,68,"
Nós podemos coletar informações sobre o seu dispositivo quando você usar o App incluindo o identificador único do dispositivo, modelo do dispositivo, sistema operacional e endereço MAC."
page 546.txt,69,"Além disso, se você permitir-nos fazê-lo, o App pode acessar o livro de endereços e listas de contatos do seu dispositivo para adicionar alguém em seus contatos."
page 546.txt,71,"Podemos recolher informações sobre como você interage com os links disponíveis no Bumble, incluindo serviços de terceiros e clientes, redirecionando cliques ou através de outros meios."
page 546.txt,72,"Podemos compartilhar estatísticas agregadas de clique, como quantas vezes um determinado link foi clicado."
page 546.txt,73,"
Ao contrário das cookies de chocolate, esses cookies não têm calorias!"
page 546.txt,74,"São pequenos arquivos de dados que são transferidos para o disco rígido do seu computador e são basicamente uma ferramenta que armazena informações sobre visitas ao site, reconhecem você e suas preferências sempre que você visita o Bumble, garante a funcionalidade do site e nos permite oferecer os serviços solicitados pelos usuários."
page 546.txt,76,"O uso de cookies e dispositivos de armazenamento local do Bumble estão basicamente relacionados ao desempenho do site do Bumble, como análises que nos ajudam a determinar o desempenho do nosso site e garantem uma experiência tranquila e sem problemas para nossos membros e visitantes."
page 546.txt,78,"O uso de cookies e dispositivos de armazenamento local do Bumble estão basicamente relacionados ao desempenho do site do Bumble, como análises que nos ajudam a determinar o desempenho do nosso site e garantem uma experiência tranquila e sem problemas para nossos usuários e visitantes."
page 546.txt,79,"
Abaixo está uma tabela para explicar as funções dos cookies do Bumble e por que elas são usadas."
page 546.txt,80,"
Se por qualquer motivo você decidir que não quer que todas as suas atividades no Bumble sejam armazenadas, você pode configurar o seu navegador e as suas configurações móveis para bloquear cookies e dispositivos de armazenamento local."
page 546.txt,81,"Mas lembre-se que se fizer isso, você não pode ser capaz de acessar todos os recursos oferecidos pelo Bumble!"
page 546.txt,82,"
Usamos os seguintes tipos de cookies:"
page 546.txt,83,"
|Funções dos Cookies||Motivos para usarmos cookies|
|Analytics e pesquisa||Usamos Google Analytics para coletar informações sobre o modo que visitantes navegam pelo site."
page 546.txt,84,"Os cookies coletam informações anonimamente, incluindo o número de visitantes no aplicativo e website, de onde visitantes acessaram o aplicativo e as páginas visitadas."
page 546.txt,85,"Para mais informações sobre a Política de Privacidade do Google, por favor, visite http://www.google.com/intl/en/policies/.|
|Desempenho||Nós precisamos utilizar determinados cookies e salvar dados nos seus dispositivos de armazenamento local para garantir que nossos membros tenham a melhor experiência possível, ajudando com sua navegação pelo website e aplicativo garantindo carregamento rápido das páginas e respostas mais rápidas aos seus cliques."
page 546.txt,86,"Ninguém gosta de navegar à velocidade do caracol!|
"
page 546.txt,87,"O nosso uso de cookies e dispositivos de armazenamento local, incluindo os nomes específicos dos cookies, podem mudar ao longo do tempo, mas geralmente eles se enquadram nas categorias acima descritas."
page 546.txt,88,Nós iremos informá-lo sempre que houver alterações informações importantes no nosso uso de cookies e dispositivo de armazenamento local.
page 546.txt,89,"Por favor, visite esta página regularmente, para estar ciente de quaisquer alterações."
page 546.txt,91,"Se você quiser saber mais sobre esses cookies inteligentes e sem calorias , incluindo cookies flash / dispositivos de armazenamento local , os seguintes sites fornecem informações úteis:"
page 546.txt,93,O nosso principal objetivo é garantir que a sua experiência no Bumble vai ser fantástica que você não acabe sendo picado por ninguém!
page 546.txt,94,"Para isso, nós podemos usar o seu registro e outras informações para:"
page 546.txt,96,"A nossa política é de não partilhar suas informações de cadastro, exceto nas circunstâncias limitadas descritas aqui:
|Circunstâncias em que os seus dados podem ser divulgados||Dados divulgados|
|Seu consentimento - Se você consentir, podemos compartilhar ou divulgar suas Informações de registro, como quando você usa um cliente ou aplicativo da Web de terceiros para acessar sua conta.||Isso pode incluir todos os dados, incluindo todas as categorias de CCPA listadas acima|
|Provedores de serviços - Contratamos certos terceiros confiáveis para desempenhar funções e fornecer serviços para nós."
page 546.txt,97,"Podemos compartilhar suas Informações de registro com esses terceiros, mas apenas com o objetivo de desempenhar essas funções e fornecer tais serviços, por exemplo."
page 546.txt,98,"empresas de tecnologia da informação (hardware e software) que prestam serviços para oferecer suporte a nossos produtos e nos ajudam com informações sobre segurança||Isso pode incluir todos os dados, incluindo todas as categorias de CCPA listadas acima|
|Moderadores - para podemos monitorar a atividade nos aplicativos e aprovar conteúdos.||Nome e detalhes do registro do usuário, informações do perfil, conteúdo das mensagens e fotografias (categorias"
page 546.txt,99,"A, B, C, E e H da CCPA)|
|Empresas de processamento e telecomunicações de pagamento - Para facilitar pagamentos por nossos serviços premium.||Nome do titular do cartão, endereço do titular do cartão, número do cartão, valor do pagamento, data / hora da transação (categorias A, B e D da CCPA)|
|Lei e Danos - Como mencionamos nos Termos e Condições, pensamos que é muito importante que todos os Bumblers se comportem de forma adequada enquanto usam o app."
page 546.txt,100,Nós vamos cooperar com todas as entidades terceiras para garantir que são preservadas as regras de propriedade intelectual e outros direitos.
page 546.txt,101,"Nós também vamos colaborar com forças de segurança do país de residência dos usuários e de outros países onde somos requisitados a fazer isso por lei, quando houver uma investigação de alegado comportamento criminoso ou para proteger os interesses vitais de uma pessoa."
page 546.txt,102,"Isso pode significar a preservação ou divulgação de qualquer informação, incluindo suas informações de registro, se acreditarmos que são necessárias para fazer cumprir uma lei, regulamento ou solicitação legal; para proteger a segurança de qualquer pessoa; para combater a fraude, por segurança ou questões técnicas, por exemplo através de fornecedores de tecnologia anti-spam para proteger o serviço de atividades criminosas;"
page 546.txt,103,ou para proteger os nossos direitos ou propriedade.
page 546.txt,104,"Em tais casos, nós poderemos utilizar ou prescindir de qualquer objeção legal disponível.||Isso"
page 546.txt,105,"pode incluir qualquer dado pessoal que o Bumble mantenha sobre você, dependendo da natureza da solicitação ou do problema com o qual estamos lidando, incluindo todas as categorias da CCPA listadas acima.|"
page 546.txt,106,"
|Transferência de negócios - No caso de a Bumble ou qualquer de nossas afiliadas passar por uma transição de negócios ou mudança de propriedade, como uma fusão, aquisição por outra empresa, reorganização ou venda de todos os ou parte de seus ativos, ou no caso de insolvência ou administração, poderemos ser obrigados a divulgar seus dados"
page 546.txt,107,"pessoais.||Isso pode incluir todos os dados pessoais que o Bumble mantém sobre você, incluindo todas as categorias da CCPA listadas acima|"
page 546.txt,108,"
|Parceiros de publicidade - para veicular anúncios direcionados aos usuários.||ID do dispositivo, dados de geolocalização, dados demográficos (categorias C, F e G da CCPA)|
|Anti-spam e Anti-Fraude - Seus dados podem ser compartilhados com outras empresas do grupo Bumble, por exemplo, para bloquear contas e suspeitas de transações fraudulentas de pagamento como parte de nossos programas anti-spam e anti-spam."
page 546.txt,109,"procedimentos de fraude.||Endereço de email, número de telefone, endereço IP e informações da sessão IP, ID da rede social, nome de usuário, cadeia de caracteres do agente do usuário e dados de transação e pagamento (categorias B, F e D da CCPA).|
Informações agregadas - Podemos compartilhar informações agregadas com terceiros que incluam seus dados pessoais (mas que não o identificam diretamente) junto com outras informações, incluindo dados do registro para análise do setor e perfil demográfico."
page 546.txt,110,Você pode optar por não receber mensagens de marketing usando os mecanismos de desativação e os links fornecidos em cada e-mail.
page 546.txt,112,Garantimos que essas partes devem aderir a cláusulas rigorosas de proteção de dados e confidencialidade que sejam consistentes com esta Política.
page 546.txt,113,Medidas são tomadas para garantir que os dados compartilhados não sejam atribuíveis na medida do possível.
page 546.txt,115,O Bumble não vende os seus dados e não vendeu nenhum dado pessoal nos 12 meses anteriores.
page 546.txt,116,"
Nós achamos que nossos Bumblers são incríveis e queremos que você compartilhe isso com o mundo todo."
page 546.txt,117,"Para isso, nós criamos certos recursos para o fazer."
page 546.txt,118,Nosso aplicativo é projetado para tornar mais fácil a conexão e interação com outro usuários.
page 546.txt,119,"Se você se registar ou entrar no App usando sua conta Facebook, você estará nos autorizando a acessar certas informações da conta de Facebook, incluindo as informações que você disponibilizar via Facebook, sua lista de amigos, localização atual e quais amigos você tem em comum com outros usuários do Bumble."
page 546.txt,120,"Você também concorda que o seu perfil do Bumble e outras informações que você tornar disponível através do App, incluindo informações que você fornecer, directa ou indirectamente através do Facebook (ex."
page 546.txt,121,"as suas fotos do Facebook, seu nome, idade, localização, amigos que você tem em comum com outros usuários do Bumble e outras informações de perfil), pode ser vistas e compartilhadas pelos usuários do Bumble com indivíduos que podem ou não ser usuários ou através de aplicativos de terceiros por ação dos usuários do Bumble."
page 546.txt,122,"Por exemplo, o usuário pode recomendar-lo como um jogo para seus amigos no Facebook, compartilhando sua imagem, independentemente de tais amigo (s) também é um usuário do App."
page 546.txt,123,"Você pode compartilhar informações como fotos e mensagens e quaisquer metadados fornecidos com essas mensagens, juntamente com quaisquer comentários ou informações que você fornecer em conexão com as suas fotos."
page 546.txt,124,"
Ao usar o Bumble, você assume que qualquer coisa que você postar ou enviar no App é visível e acessível publicamente, tanto pelos usuários do App como pelos não-usuários."
page 546.txt,125,Queremos que nossos Bumblers sejam cuidadosos sobre a publicação de informações que venham a se tornar públicas.
page 546.txt,127,"Se você fizer login ou acessar o Bumble através do seu perfil do Facebook, lembre-se de sair do Facebook quando sair de um dispositivo para impedir que outros usuários acessem sua conta."
page 546.txt,128,"
Você pode acessar ou modificar as informações de registro que você forneceu a qualquer momento ou excluir permanentemente sua conta (embora nós não desejemos que o faça!)"
page 546.txt,129,"
Quando uma conta é desativada, nós faremos os esforços razoáveis para se certificar de que não é mais visível na App."
page 546.txt,130,"Durante 30 dias, ainda é possível restaurar sua conta, se esta tiver sido desativada acidentalmente ou injustamente."
page 546.txt,131,"Após 28 dias, começamos o processo de exclusão de sua conta de nossos sistemas."
page 546.txt,132,"Nós não somos responsáveis por qualquer informação, imagem, comentário, ou outro conteúdo que seja excluído de nossos sistemas, resultante da desativação de sua conta."
page 546.txt,133,"
Para evitar abusos e/ou mau uso do Bumble por um usuário após a terminação ou exclusão de um perfil/conta vamos reter as informações que, por nosso exclusivo critério, julgamos relevantes para garantir que o usuário não crie uma nova conta ou perfil em violação dos nossos Termos e Condições de Uso e assegurar o cumprimento de todas as leis e regulamentos."
page 546.txt,135,Aviso:
page 546.txt,136,"Mesmo depois de remover as informações do seu perfil ou depois de excluir sua conta, cópias das informações poderão ainda ser visualizadas e/ou acessados na medida em que estas tenham sido previamente compartilhada com outras pessoas, copiadas ou armazenadas por outros usuários, ou na medida em que tal informação tenha sido compartilhada com os motores de busca."
page 546.txt,137,"Nós não podemos controlar esses acontecimentos, nem aceitamos qualquer responsabilidade por eles."
page 546.txt,138,"Se você tiver dado acesso a aplicativos ou sites de terceiros, eles poderão reter suas informações pessoais na medida permitida sob seus termos de políticas de serviço ou privacidade."
page 546.txt,140,"Informações removidas e deletadas podem persistir em cópias de backup por até 28 dias para permitir a recuperação de contas e perfis, mas não estarão disponíveis para os outros no mesmo período."
page 546.txt,141,"
É claro que nós queremos o máximo número de pessoas possível desfrutando de nossa criação, mas você tem que ter pelo menos 18 anos de idade para usar o App - desculpem, crianças, sabemos que o Bumble é super legal, mas vocês vão ter que voltar quando tiverem idade suficiente!"
page 546.txt,142,"
Temos a política de não comercializar nosso produto para crianças, menores ou qualquer pessoa com idade inferior a 18."
page 546.txt,143,"Se você tem menos de 18 anos de idade, nós pedimos que não nos envie qualquer informação."
page 546.txt,144,"Se tomarmos conhecimento de que uma criança, menor ou qualquer pessoa com menos de 18 anos de idade se registrou com a gente e nos forneceu informações pessoais, iremos tomar medidas para encerrar o registro dessa pessoa e excluir suas informações do Bumble."
page 546.txt,145,"Se deletarmos um perfil por violação da nossa regra de não aceitar crianças, poderemos reter seu e-mail e endereço IP para garantir que o usuário não vai tentar contornar as nossas regras, criando um novo perfil."
page 546.txt,147,"Na medida que o Bumble evolui, podemos rever esta Política de Privacidade de tempos em tempos."
page 546.txt,148,A versão mais atual da política rege o uso das suas informações e sempre poderá ser consultada em bumble.com/privacy/.
page 546.txt,149,"Se fizermos uma alteração a esta política que, segundo nosso exclusivo critério, seja relevante, iremos notificá-lo, por exemplo através de um e-mail para o endereço associado à sua Conta ou postando um aviso dentro do Bumble."
page 546.txt,150,"Ao continuar acessando ou usando o App após essas alterações entram em vigor, você concorda e se compromete com a Política de Privacidade revisada."
page 546.txt,152,"Aqui no Bumble orgulhamo-nos de tomar medidas de segurança comercialmente razoáveis para ajudar a proteger as informações contra perda, mau uso e acesso ou divulgação não autorizadas."
page 546.txt,153,"Usamos medidas de segurança razoáveis para salvaguardar a confidencialidade de suas informações pessoais, tais como servidores protegidos usando firewalls."
page 546.txt,154,"
Infelizmente nenhum site ou transmissão via Internet"
page 546.txt,155,"é completamente 100% segura e nem mesmo nós podemos garantir que o acesso não autorizado, pirataria, perda de dados ou outras violações nunca vão acontecer, mas aqui estão algumas dicas úteis para ajudar a manter os seus dados seguros:"
page 546.txt,157,"Se você acha que alguém teve acesso à sua senha de mídia social, por favor denuncie isso junto da plataforma de mídia social relevante e mude sua senha imediatamente."
page 546.txt,158,Nós não podemos garantir a segurança de seus dados pessoais enquanto elas estão a ser transmitidas para o nosso site e qualquer transmissão de dados é feita a seu próprio risco.
page 546.txt,159,"
NÓS NEGAMOS EXPRESSAMENTE"
page 546.txt,160,"QUALQUER REPRESENTAÇÃO OU GARANTIA, EXPRESSA OU IMPLÍCITA, COM RELAÇÃO"
page 546.txt,161,A QUAISQUER QUEBRAS
page 546.txt,162,"DE SEGURANÇA,"
page 546.txt,163,"DANOS AO SEU DISPOSITIVO, OU QUALQUER PERDA OU USO NÃO"
page 546.txt,164,AUTORIZADO DAS SUAS
page 546.txt,165,INFORMAÇÕES
page 546.txt,166,DE REGISTRO OU OUTROS DETALHES.
page 546.txt,168,"Se você se registrou com o Bumble usando uma plataforma de mídia social terceira, como por exemplo o Facebook, o seu perfil do Bumble estará disponível para todos os usuários do Bumble, através do nosso App ou sites dos nossos parceiros."
page 546.txt,169,"
Lembre-se que quando você se cadastra com um terceiro, você também está dando a eles suas informações pessoais."
page 546.txt,170,"Por isso recomendamos que você leia as suas políticas de privacidade, pois o Bumble não controla como eles usam suas informações."
page 546.txt,172,"Se você se registrou em um desses sites de terceiros, tais como o Facebook, ou se você verificou a sua conta através de um site de terceiros, podemos conectar o seu perfil do Bumble com o seu perfil no site em questão."
page 546.txt,173,"Podemos fazer isso por meio de novos produtos e aplicativos que introduzimos ao longo do tempo, incluindo novos produtos desenvolvidos por empresas do nosso grupo."
page 546.txt,175,"Se você tiver criado um perfil do Bumble através de um site de terceiros e não quiser ter o seu perfil do Bumble conectado ao seu perfil no site de terceiros, infelizmente o Bumble não pode alterar essas configurações."
page 546.txt,176,"Por favor, visite as configurações do aplicativo no seu perfil no site de terceiros e siga as instruções para remover as permissões de acesso ao Bumble."
page 546.txt,177,"
Nós apenas usamos os APIs, OAuth Tokens, Widgets e outros meios fornecidos pela conta de mídia social para integrar sua conta nesses aplicativos de terceiros com o nosso App."
page 546.txt,178,"Como tal, recebemos apenas as informações limitadas que cada site de mídia social permite transferir."
page 546.txt,180,"Usuários residentes na Califórnia têm os seguintes direitos (além dos listados na seção 11 abaixo) relativos à Lei de Privacidade do Consumidor da Califórnia e ao direito de estar livre de discriminação ilegal por exercer seus direitos sob o Ato:
"
page 546.txt,181,"A lei ""Shine a Light"" da California, seção 1798.83 do Código Civil, requer que certas empresas respondam aos pedidos de clientes da Califórnia perguntando sobre práticas relacionadas com a divulgação de informações pessoais a terceiros para fins de marketing directo desses terceiros."
page 546.txt,182,"Se você deseja saber mais sobre os direitos que pode ter ao abrigo da secção 1798.83 do Código Civil da Califórnia, você pode escrever-nos para feedback@team.bumble.com."
page 546.txt,183,"
De vez em quando podemos divulgar suas informações de contato a terceiros para permitir que eles ofereçam os seus produtos ou serviços para si ou para outros fins de marketing."
page 546.txt,184,"Estas podem ser informações que recebemos de você, offline e online."
page 546.txt,185,"Se você quiser que paremos de compartilhar suas informações de contato de e-mail com terceiros (se tivermos o seu e-mail e informações de contato), você pode notificar-nos através de feedback@team.bumble.com."
page 546.txt,186,"Por favor, siga as instruções fornecidas por terceiros para cancelar a subscrição das suas mensagens."
page 546.txt,187,"Se você optou por sair, como descrito acima, e depois disso você escolher usar um serviço ou promoção que nos obrigue a entrar em contato com você ou compartilhar suas informações com terceiros, em seguida, as suas preferências de saída anteriores não serão aplicáveis a tal serviço."
page 546.txt,188,"
Além disso, sob a lei da Califórnia, as operadoras de serviços on-line são obrigados a divulgar como eles respondem a sinais para ""não rastrear"" ou outros mecanismos similares, que fornecem aos consumidores a capacidade de exercer a sua escolha em relação à coleta de informações pessoais de um consumidor e entre serviços terceiros on-line, na medida em que a operadora está envolvida nessa coleta."
page 546.txt,189,"Neste momento, nós não rastreamos informações pessoais dos nossos usuários ao longo do tempo nem através de serviços online de terceiros."
page 546.txt,190,Esta lei também exige que as operadoras de serviços on-line revelem se os terceiros podem coletar informações pessoais sobre as atividades online de seus usuários ao longo do tempo e em diferentes serviços online quando os usuários usam o serviço da operadora.
page 546.txt,191,Nós não permitimos conscientemente que terceiros coletem informações pessoais sobre as atividades de um usuário individual ao longo do tempo nem em diferentes serviços online ao usar o nosso.
page 546.txt,192,"
Segundo a legislação do Reino Unido e da UE, você tem o direito de apresentar uma reclamação junto aos reguladores de proteção de dados, e o Gabinete de Comissários da Informação (OIC) é o principal regulador do Reino Unido."
page 546.txt,193,"Você pode descobrir como comunicar uma preocupação ao OIC, visitando o site em www.ico.org.uk."
page 546.txt,194,"Se você estiver na UE, também poderá entrar em contato com o seu Regulador de Proteção de Dados local, que pode estabelecer uma ligação com a OIC em seu nome."
page 546.txt,195,"
Você tem vários direitos ao abrigo da Lei de Proteção de Dados da União Europeia, como especificado abaixo."
page 546.txt,196,Estes direitos se aplicam a todos os nossos usuários.
page 546.txt,198,"O Bumble designou um Oficial de Proteção de Dados que pode ser contatado por e-mail DPO@team.bumble.com ou por correio, no endereço seguinte:"
page 546.txt,199,"
The Broadgate Tower Third Floor, 20 Primrose Street, London, United Kingdom, EC2A 2RS."
page 546.txt,201,"Se você quiser exercer seus direitos listados acima, por favor, visite Feedback Page ou envie um e-mail para DPO@team.bumble.com."
page 546.txt,202,Você também pode entrar em contato conosco por correio usando o endereço acima.
page 546.txt,203,Como o Bumble protege os meus dados?
page 546.txt,204,"
Aqui no Bumble orgulhamo-nos de tomar medidas de segurança comercialmente razoáveis para ajudar a proteger as informações contra perda, mau uso e acesso ou divulgação não autorizadas."
page 546.txt,205,"Usamos medidas de segurança razoáveis para salvaguardar a confidencialidade de suas informações pessoais, tais como servidores protegidos usando firewalls."
page 546.txt,206,"
Apesar de tomarmos todas as precauções razoáveis contra possíveis violações de segurança de nosso site, banco de dados de membros e registros, nenhum site ou transmissão da Internet é totalmente seguro e não podemos garantir que nunca ocorram acessos não autorizados, hacks, perda de dados ou outras violações."
page 546.txt,207,Pedimos que você tome medidas para manter seus dados pessoais em segurança (incluindo sua senha) e saia da sua conta após terminar de usar sua conta.
page 546.txt,208,"Se você perder sua senha ou divulgá-la a alguém, ou outro provedor de serviços que você usa sofrer uma violação de dados e você tiver usado as mesmas credenciais com o provedor de serviços que com o Bumble, seus dados pessoais poderão ser comprometidos."
page 546.txt,209,"Se isso acontecer, informe o Suporte via Página de Feedback .Onde os meus dados estão guardados?"
page 546.txt,211,Queremos que você consiga acessar o Bumble onde quer que esteja no mundo.
page 546.txt,212,"Para nos permitir fornecer esse serviço, operamos uma rede global de servidores, incluindo nos EUA, Hong Kong, República Tcheca e Rússia."
page 546.txt,213,"O hardware está localizado em data centers de terceiros, mas é de propriedade do Grupo Bumble."
page 546.txt,214,Os dados coletados pelos parceiros de publicidade também podem ser realizados fora do Espaço Econômico Europeu.
page 546.txt,215,"Garantimos que os dados sejam adequadamente protegidos, garantindo a existência de mecanismos legais válidos, tais como:"
page 546.txt,216,"cláusulas do modelo aprovadas pela UE (que podem ser encontradas aqui), e a implementação de padrões contratuais robustos."
page 546.txt,217,"Se você quiser mais informações relacionadas à natureza das medidas de proteção que temos, envie um email para DPO@team.bumble.com."
page 546.txt,218,O Bumble coleta alguma informação pessoal sobre mim?
page 546.txt,220,"Se você entrar em contato com a nossa equipe de Suporte ao Cliente via Página de Feedback,"
page 546.txt,221,"vamos receber o seu endereço de e-mail, e poderemos registrar o seu endereço IP, bem como as informações que você nos enviar para ajudar a resolver a sua questão."
page 546.txt,222,"Vamos manter registros de nossas comunicações com você, incluindo quaisquer queixas que recebermos sobre outros Usuários (e de outros usuários sobre você) durante seis anos após a eliminação da conta."
page 546.txt,223,O Bumble usa os meus dados pessoais para algum outro propósito?
page 546.txt,224,"
Aqui no Bumble orgulhamo-nos de tomar medidas de segurança comercialmente razoáveis para ajudar a proteger as informações contra perda, mau uso e acesso ou divulgação não autorizadas."
page 546.txt,225,"Usamos medidas de segurança razoáveis para salvaguardar a confidencialidade de suas informações pessoais, tais como servidores protegidos usando firewalls."
page 546.txt,226,"
Ocasionalmente, poderemos realizar enquetes para fins de pesquisa e entrar em contato com você para saber se você deseja participar nelas Também poderemos entrar em contato com você para saber se você gostaria de participar de campanhas de marketing."
page 546.txt,227,Tais pesquisas e campanhas de marketing são opcionais e mais informações serão fornecidas no ponto de contato.
page 546.txt,228,Também poderemos entrar em contato com você para fins de obter feedback.
page 546.txt,229,"Se você não deseja ser contatado para participar de pesquisas ou campanhas de marketing, entre em contato com nossa equipe de suporte ao cliente através da página de comentários."
page 546.txt,230,"
Usaremos seus dados pessoais para resolver disputas, solucionar problemas e aplicar nossos Termos e Condições de Uso."
page 546.txt,231,"
De acordo com as leis de proteção de dados da UE e do Reino Unido, só podemos usar seus dados quando tivermos uma base legal para isso."
page 546.txt,232,A tabela abaixo fornece uma visão geral das bases jurídicas nas quais confiamos para usar seus dados.
page 546.txt,233,"Onde a base legal é o consentimento, você pode retirar o consentimento a qualquer momento."
page 546.txt,234,"Onde a base legal é interesses legítimos, você tem o direito de se opor ao uso de seus dados."
page 546.txt,235,Explicamos nas seções relevantes desta Política como você pode retirar o consentimento ou cancelar o uso de certos dados (quando aplicável).
page 546.txt,236,↵ ↵ ↵
page 546.txt,237,↵
page 546.txt,238,↵
page 546.txt,239,"↵
|Finalidade para a qual os dados são usados ||Dados||Fonte||Base jurídica|
|Para fornecer a você o serviço do Bumble||Nome, endereço de e-mail, data de nascimento, local (categorias"
page 546.txt,240,"A e B da CCPA)||Você nos fornece seu nome, endereço de e-mail e data de nascimento."
page 546.txt,241,"Obtemos dados de localização do dispositivo que você usa para acessar o serviço||Necessidade contratual|
|Para facilitar as oportunidades de networking no site Bumble||Informações opcionais que você escolhe fornecer em seu perfil, incluindo a adição de distintivos Bumble, que podem incluir informações sobre suas preferências sexuais, gêneros não binários, religião, origem étnica, fotos etc."
page 546.txt,242,"(categorias CCPA C, H, I, J)||Você nos fornece essas informações||Consentimento|
|Para verificar sua identidade e evitar fraudes e garantir a segurança dos Usuários||Número de telefone (categoria B do CCPA)||Você nos fornece essas informações||Interesses legítimos - é do nosso interesse legítimo garantir que as contas não sejam configuradas de maneira fraudulenta e proteger os usuários do site|
|Aceitar pagamentos por serviços premium||Detalhes do cartão de pagamento (categorias B e D da CCPA)||Você nos fornece essas informações||Necessidade contratual e interesses legítimos - temos um interesse legítimo em receber pagamento por nossos serviços premium|
|Para enviar informações de marketing sobre nossas ofertas e serviços||Endereço de e-mail e número de celular (categoria B da CCPA)||Você nos fornece essas informações||Interesses legítimos - é do nosso interesse legítimo promover nossos produtos e serviços|
|Para mostrar informações de localização ""próximas"" para você e outros usuários do aplicativo||Pontos de acesso Wi-Fi e dados de localização quando você usa o aplicativo (categoria G do CCPA)||Obtemos essas informações no dispositivo que você usa para acessar o serviço||Interesses legítimos - é do nosso interesse legítimo fornecer essa funcionalidade como parte dos serviços|
|Realizar pesquisas e análises para nos ajudar a melhorar o aplicativo||Dados de log e uso, incluindo endereço IP, tipo de navegador, domínio de referência, páginas acessadas, operadora de celular e termos de pesquisa (Categoria F da CCPA)||Obtemos essas informações no dispositivo que você usa para acessar o serviço||Interesses legítimos - é do nosso interesse analisar a maneira como os usuários acessam e usam nossos serviços, para que possamos desenvolver ainda mais o aplicativo e melhorar o serviço|
|Para responder às correspondências e perguntas que você nos enviar, incluindo mensagens nas redes sociais||Endereço de email e endereço IP, nome de usuário das redes sociais, número de telefone (categorias B e F da CCPA)||Você nos fornece seu endereço de e-mail, nome de usuário das redes sociais e número de telefone quando entra em contato e obtemos o seu endereço IP do dispositivo que você usa para entrar em contato||Interesses legítimos - é do nosso interesse legítimo responder às suas perguntas para garantir um bom serviço aos usuários e solucionar problemas|
|Para bloquear contas como parte de nossos procedimentos anti-spam||Endereço de email, número de telefone, endereço IP e informações da sessão IP, ID da rede social, nome de usuário, sequência de agentes do usuário (Categorias B e F da CCPA)||Você nos fornece seu endereço de e-mail, número de telefone e nome de usuário."
page 546.txt,243,"Obtemos as outras informações do dispositivo que você usa para acessar o serviço||Interesses legítimos - é do nosso interesse legítimo impedir comportamentos não autorizados e manter a segurança dos nossos serviços|
|Para permitir que os usuários criem seu perfil Bumble e acessem o aplicativo via Facebook||Dados do Facebook, incluindo endereço de e-mail, nome e foto do perfil, data de nascimento, amigos que usam o aplicativo, páginas curtidas, local e fotos (categorias A, B, C e H do CCPA)||Obtemos essas informações do Facebook||Interesses legítimos - é do nosso interesse legítimo facilitar o acesso aos nossos serviços|
|Para bloquear transações de pagamento como parte de nossos procedimentos antifraude||Nome, endereço IP, endereço de e-mail, número de celular, nome do titular do cartão, pagamentos recebidos, tipo de pagamento, ID do usuário, país (categorias CCPA, A, B e D)||Você nos fornece seu nome, endereço de e-mail, número de celular e detalhes do cartão."
page 546.txt,244,Nós obtemos seu endereço IP do dispositivo que você usa para entrar em contato conosco.
page 546.txt,245,"Obtemos suas informações de pagamento em suas interações com nosso serviço||Interesses legítimos - é do nosso interesse legítimo impedir transações fraudulentas e manter a segurança de nossos serviços|
|Para veicular cartões promocionais e anúncios no aplicativo||Dados demográficos, localização, endereço de email (categorias A, B, C e G da CCPA)||Obtemos dados demográficos de você e dados de localização do dispositivo que você usa para acessar o serviço."
page 546.txt,246,"Você nos fornece seu endereço de e-mail||Interesses legítimos - é do nosso interesse legítimo segmentar anúncios para que os usuários vejam anúncios relevantes e nos permita gerar receita com receita publicitária|
|Para veicular anúncios em redes de terceiros||Identificadores de dispositivo (IDFA e GAID) (categoria F da CCPA)||Obtemos essas informações no dispositivo que você usa para acessar o serviço||Interesses legítimos - é do nosso interesse legítimo veicular anúncios e promover nossos produtos|
|Para entrar em contato com você para realizar pesquisas para fins de pesquisa e obter feedback e descobrir se você deseja participar de campanhas de marketing||Endereço de e-mail e número de celular (categoria B da CCPA)||Você nos fornece essas informações||Interesses legítimos - é do nosso interesse legítimo realizar pesquisas para que possamos desenvolver ainda mais o aplicativo e melhorar o serviço|
|Para ativar as funções de chamada de vídeo e áudio e o envio de imagens e vídeo||Dados, imagens e vídeo de uso de chamadas de vídeo e áudio (categorias"
page 546.txt,247,"F e H da CCPA)||Obtemos essas informações no dispositivo que você usa para acessar o serviço||Interesses legítimos - é do nosso interesse legítimo fornecer essas funcionalidades como parte dos serviços|
|Para defender pedidos legais, proteger direitos legais e para evitar que pessoas sejam prejudicadas||Isso pode incluir qualquer informação relevante ao problema||Esta informação"
page 546.txt,248,"pode ser obtida diretamente de você, do seu aparelho ou de terceiros, dependendo da informação envolvida||Interesses legítimos – é o nosso interesse legítimo proteger os nossos direitos legais, defender pedidos legais e proteger nossos usuários e terceiros de serem prejudicados|
"
page 546.txt,249,"O seu acesso ao App, assim como esta Política de Privacidade são regidos e interpretados pelas leis do Estado de Nova Iorque, e não pelas pelas leis, regras, regulamentos e jurisprudência que resultariam da aplicação das legislações de outra jurisdição que não do Estado de Nova Iorque."
page 546.txt,250,"Ao usar o App, você concorda com a jurisdição exclusiva dos tribunais dos Estados Unidos e do Estado de Nova Iorque."
page 546.txt,251,Você concorda que tais tribunais devem dispor de competência jurídica e local e renuncia a qualquer objeção com base em foro inconveniente.
page 546.txt,252,Você concorda que não vai apresentar ou participar de uma ação de classe contra nós.
page 546.txt,253,"Caso haja conflitos entre a versão em inglês desta Política e qualquer outra tradução, a versão em Inglês deverá prevalecer."
page 546.txt,255,"Obrigado por nos ler, esperamos que tenha sido agradável!"
page 546.txt,256,"
Esta Política de Privacidade foi atualizada em 22 de março de 2021."
