Document,Parag_number,Paragraph_Text
page 110.txt,0,"Termos e Condições
TERMOS DE USO E POLÍTICA DE PRIVACIDADE"
page 110.txt,2,"O Itaú Unibanco Holding S.A., Itaú Unibanco S.A. e as demais empresas do conglomerado Itaú, que nesses Termos de Uso e Política de Privacidade chamamos de “Conglomerado Itaú Unibanco”, “Itaú Unibanco” ou apenas “nós”, têm como propósito contribuir para que as pessoas e as empresas possam realizar sonhos e investir em grandes ideias."
page 110.txt,3,"Tudo sempre feito de forma transparente, ética e responsável."
page 110.txt,4,"
Assim, apresentamos os nossos Termos de Uso e a nossa Política de Privacidade para que os nossos Usuários e titulares de dados pessoais compreendam facilmente as condições para uso dos nossos Sites e Aplicativos, e a forma como coletamos e usamos suas informações em nossas atividades."
page 110.txt,5,"
Se tiver dúvidas, entre em contato conosco pelos nossos canais de atendimento."
page 110.txt,6,"
ÍNDICE"
page 110.txt,8,"Termos de Uso
1.Atualização dos Termos de Uso
2."
page 110.txt,9,Termos e condições de uso específicos
page 110.txt,10,"
3."
page 110.txt,11,Acesso a conteúdo restrito
page 110.txt,12,"
4."
page 110.txt,13,"Conteúdos enviados por Usuários
5."
page 110.txt,14,"Links para sites e aplicativos de terceiros
6."
page 110.txt,15,"Como nossos Sites e Aplicativos não devem ser utilizados
7."
page 110.txt,16,"Responsabilidades
8."
page 110.txt,17,"Propriedade Intelectual
9."
page 110.txt,18,Suspensão de acesso
page 110.txt,19,"
10.Legislação aplicável
"
page 110.txt,20,"TERMOS DE USO
"
page 110.txt,21,Estes Termos de Uso são aplicáveis a todos os Sites e Aplicativos do Itaú Unibanco e a todos que acessam os nossos Sites e Aplicativos.
page 110.txt,22,"
Ao acessar os Sites e Aplicativos, você expressamente aceita e concorda com as disposições destes Termos de Uso para todos os Sites e Aplicativos do Itaú Unibanco."
page 110.txt,23,"Por conta disso, você deve ler atentamente esses Termos de Uso antes de usar os nossos Sites e Aplicativos."
page 110.txt,24,"Caso você não concorde com os Termos de Uso, você não deve usar os nossos Sites e Aplicativos."
page 110.txt,25,"
1."
page 110.txt,26,"ATUALIZAÇÃO DOS TERMOS DE USO
Lembramos que os Termos de Uso, assim como os conteúdos e as funcionalidades dos nossos canais, poderão ser atualizados a qualquer momento por razões legais, pelo uso de novas tecnologias e funcionalidades e sempre que o Itaú Unibanco entender que as alterações são necessárias."
page 110.txt,27,"Ao continuar a acessar nossos Sites e Aplicativos após as alterações, que serão publicadas nos Sites e Aplicativos, você concorda com as alterações também."
page 110.txt,28,"
2."
page 110.txt,29,TERMOS E CONDIÇÕES DE USO ESPECÍFICOS
page 110.txt,31,"Além desses Termos de Uso e da Política de Privacidade, alguns Sites e Aplicativos podem ter serviços e funcionalidades específicos e termos e condições próprios ou adicionais para a sua utilização."
page 110.txt,32,"Nesse caso, os termos adicionais estarão disponíveis em referidos Sites e Aplicativos e serão aplicáveis se você usar tais serviços e funcionalidades."
page 110.txt,33,"
3."
page 110.txt,34,ACESSO
page 110.txt,35,"A CONTEÚDO RESTRITO
"
page 110.txt,36,Alguns dos nossos Sites e Aplicativos possuem área de conteúdo aberto e de conteúdo restrito.
page 110.txt,37,"Para ter acesso ao conteúdo restrito, pode ser necessário que o Usuário faça um cadastro fornecendo algumas informações pessoais para a criação de um login e senha."
page 110.txt,38,"
Fique atento se as informações fornecidas estão corretas, pois você é responsável pela veracidade delas."
page 110.txt,39,"Caso haja alguma inconsistência, isso pode impactar no seu acesso ao Site ou ao Aplicativo."
page 110.txt,40,"
Como meus dados de cadastro são utilizados?"
page 110.txt,41,"
Você pode conferir os Dados Pessoais coletados e como são usados em nossa Política de Privacidade."
page 110.txt,43,"Posso compartilhar meu login, senha e Dispositivo de Segurança com terceiros?"
page 110.txt,45,"Somente você pode utilizar o seu login, senha e itoken, sendo assim proibido o compartilhamento com terceiros."
page 110.txt,46,"Note que o seu acesso é pessoal e intransferível, e você é inteiramente responsável pela guarda, sigilo e bom uso do seu login, senha e itoken."
page 110.txt,48,"O que é Touch ID, Face ID e Fingerprint?"
page 110.txt,49,"
O Touch ID e o Fingerprint são sensores de identidade por impressão digital, já o Face ID é um sensor de reconhecimento facial."
page 110.txt,50,Os três facilitam a autenticação e reconhecimento do Usuário.
page 110.txt,52,"Posso utilizar os sensores de autenticação e reconhecimento do Touch ID, Face ID e Fingerprint para fazer login nos Aplicativos do Itaú Unibanco?"
page 110.txt,54,"Estas funcionalidades estão disponíveis para alguns Aplicativos, dependendo do seu dispositivo e da versão do sistema operacional do seu dispositivo."
page 110.txt,55,"Por meio delas, você poderá acessar sua conta digitando seus dados de acesso, como números de agência e conta ou cartão de crédito, por exemplo, e utilizar a impressão digital ou o reconhecimento facial, ao invés de digitar a sua senha eletrônica, desde que uma dessas funcionalidades esteja cadastrada e ativada no sistema operacional do seu dispositivo."
page 110.txt,56,Esses recursos não substituirão sua senha do cartão ou o dispositivo de segurança na utilização das outras funções dos Aplicativos.
page 110.txt,57,"
Lembre-se que qualquer pessoa que tiver a impressão digital ou a face cadastrada para uso do seu celular ou outro dispositivo poderá ter acesso à parte logada dos Aplicativos do Itaú Unibanco, caso você habilite o acesso com Touch ID, Face ID ou Fingerprint."
page 110.txt,58,"Você é responsável pela impressão digital ou face cadastrada no seu celular ou dispositivo, inclusive por habilitar ou desabilitar essa função para acessar os Aplicativos do Itaú Unibanco."
page 110.txt,60,"Posso desativar as funções de Touch ID, Face ID e Fingerprint para logar nos Aplicativos?"
page 110.txt,61,Como funciona?
page 110.txt,62,"
Sim, é possível desabilitar o acesso com o Touch ID, Face ID e Fingerprint nas configurações da área logada do Aplicativo."
page 110.txt,63,Já a alteração da impressão digital ou face cadastrada deve ser feita nas configurações do sistema operacional do seu celular ou dispositivo.
page 110.txt,64,"
Não temos acesso às informações de impressão digital ou de reconhecimento facial cadastradas em seu celular ou dispositivo para acessar os Aplicativos, pois estas informações são mantidas apenas pelas empresas desenvolvedoras dos sistemas operacionais, de acordo com os termos de uso e as políticas de privacidade de cada empresa."
page 110.txt,65,"Considere também que estas informações são diferentes dos dados biométricos capturados nas agências ou de outra forma pelo Itaú Unibanco para fins de segurança no acesso ou na movimentação da sua conta corrente, ou ainda em outros produtos e serviços do Itaú Unibanco."
page 110.txt,66,"
4."
page 110.txt,67,"CONTEÚDOS ENVIADOS POR USUÁRIOS
"
page 110.txt,68,"Alguns de nossos Sites e Aplicativos podem permitir que os Usuários enviem conteúdos como comentários, imagens, mensagens, fotos etc., para divulgação em áreas de conteúdo aberto dos Sites e dos Aplicativos."
page 110.txt,69,"Para estes casos, os conteúdos enviados e a identificação do seu perfil, se houver, poderão ser visualizados por outros Usuários, atendendo sempre às normas de sigilo bancário."
page 110.txt,70,"
Pode também ser possível ao Usuário enviar conteúdo, como fotos, documentos, comentários e outras mensagens para fins de cadastro, atendimento, uso de serviços disponíveis nos Sites e Aplicativos ou outras finalidades."
page 110.txt,71,"Nesses casos, os conteúdos enviados não ficarão disponíveis em áreas de conteúdo aberto dos Sites e Aplicativos."
page 110.txt,72,"
Lembramos que, em qualquer dos casos, os conteúdos enviados serão de responsabilidade de quem os enviou."
page 110.txt,73,"
5."
page 110.txt,74,"LINKS PARA SITES E APLICATIVOS DE TERCEIROS
Nossos Sites e Aplicativos podem conter links para sites e aplicativos de terceiros."
page 110.txt,75,Note que dentro destes sites e aplicativos você estará sujeito a outros termos de uso e a outras políticas de privacidade.
page 110.txt,76,Nossos Termos de Uso e Política de Privacidade não são válidos nos sites e aplicativos de terceiros.
page 110.txt,77,"A existência desses links não significa nenhuma relação de endosso ou de patrocínio entre o Itaú Unibanco e esses terceiros, e o Itaú Unibanco não tem nenhuma responsabilidade com relação a tais terceiros."
page 110.txt,78,"
6."
page 110.txt,79,COMO NOSSOS SITES E APLICATIVOS NÃO DEVEM SER
page 110.txt,80,"UTILIZADOS
"
page 110.txt,81,Fique atento às seguintes práticas que vão contra as nossas condições de uso:
page 110.txt,82,"
· Praticar"
page 110.txt,83,"qualquer ato ilícito, violar direitos do Itaú Unibanco ou de terceiros e violar a legislação vigente;"
page 110.txt,84,"
· Upload, envio ou transmissão de qualquer conteúdo erótico, pornográfico, obsceno, calunioso, difamatório, de violência física ou moral, com apologia ao crime, uso de drogas, consumo de bebidas alcoólicas ou produtos para fumo, bem como que promova ou incite o ódio, atividades ilegais, o preconceito ou qualquer outra forma de discriminação por qualquer motivo;"
page 110.txt,85,"
·"
page 110.txt,86,"Usar qualquer sistema/aplicação automatizada para realizar consultas, acessos ou qualquer outra operação massificada, para qualquer finalidade, sem autorização do Itaú Unibanco;"
page 110.txt,87,"
· Praticar atos que prejudiquem qualquer Site, Aplicativo e equipamento do Itaú Unibanco e de outros Usuários e terceiros, incluindo por meio de vírus, trojans, malware, worm, bot, backdoor, spyware, rootkit, ou qualquer outro meio com este fim."
page 110.txt,88,"
7."
page 110.txt,89,"RESPONSABILIDADES
"
page 110.txt,90,Você como Usuário é responsável:
page 110.txt,91,"
· por todas as suas ações ou omissões realizadas nos nossos Sites e Aplicativos;"
page 110.txt,92,"
· pelos conteúdos que você enviou e/ou transmitiu nos Sites e Aplicativos; e
· pela reparação de danos causados ao Itaú Unibanco, terceiros ou outros Usuários, a partir do seu acesso e uso dos nossos Sites e Aplicativos."
page 110.txt,93,"
Desta forma, não nos responsabilizamos pelos itens citados acima e tampouco por indisponibilidades e falhas técnicas do sistema dos Sites e Aplicativos."
page 110.txt,94,Considere também que conteúdos enviados e/ou transmitidos por Usuários e/ou terceiros não representam a opinião ou a visão do Itaú Unibanco.
page 110.txt,95,"
8."
page 110.txt,96,"PROPRIEDADE INTELECTUAL
"
page 110.txt,97,Os seguintes itens pertencem ao Itaú Unibanco e somente podem ser usados com sua prévia e expressa autorização:
page 110.txt,98,"
· todos os softwares, aplicativos ou funcionalidades criados, produzidos ou contratados pelo Itaú Unibanco para os Sites e Aplicativos, assim como sua identidade visual e conteúdo;"
page 110.txt,99,"
· os nomes das empresas, marcas, patentes, nomes de domínio, slogans, propagandas ou qualquer sinal utilizado para distinguir o que é do Itaú Unibanco inseridos nos Sites e Aplicativos."
page 110.txt,100,"
No caso de conteúdos que você enviar ou transmitir pelos Sites e Aplicativos, você autoriza o Itaú Unibanco a utilizar os direitos intelectuais sobre eles em caráter irrevogável, sem qualquer restrição ou limitação de qualquer natureza."
page 110.txt,101,"Mas não se preocupe: a utilização, pelo Itaú Unibanco, destes conteúdos enviados por você observará o previsto no item 4 dos nossos Termos de Uso."
page 110.txt,102,Você também garante que os conteúdos por você enviados não infringem direitos de terceiros.
page 110.txt,103,"
9."
page 110.txt,104,"SUSPENSÃO DE ACESSO
"
page 110.txt,105,"A qualquer momento, sem aviso prévio ou posterior, o Itaú Unibanco poderá suspender, cancelar ou interromper o acesso aos Sites e Aplicativos, inclusive se o uso destes canais contrariar o disposto neste documento."
page 110.txt,106,"
10."
page 110.txt,107,"LEGISLAÇÃO APLICÁVEL
"
page 110.txt,108,A legislação brasileira é aplicável a estes Termos de Uso e Política de Privacidade.
page 110.txt,109,"
POLÍTICA"
page 110.txt,110,DE
page 110.txt,111,PRIVACIDADE
page 110.txt,113,"A privacidade, a proteção de Dados Pessoais e o seu tratamento de forma transparente, ética, segura e responsável são valores essenciais para nós."
page 110.txt,114,"
Esta Política de Privacidade (ou apenas “Política”) explica como as empresas do Conglomerado Itaú Unibanco, na qualidade de Controladores de Dados Pessoais, coletam, usam, compartilham ou de outra forma tratam informações e Dados Pessoais de pessoas físicas, inclusive de clientes e de terceiros, para o desempenho de nossas atividades, incluindo pelos nossos Sites e Aplicativos."
page 110.txt,115,"Aqui você também encontra informações sobre os seus direitos em relação aos seus Dados Pessoais, de acordo com a LGPD - Lei Geral de Proteção de Dados Pessoais (Lei nº 13.709/18), e demais legislações aplicáveis."
page 110.txt,116,"
Política de Privacidade
1."
page 110.txt,117,"Atualização da Política de Privacidade
2."
page 110.txt,118,Quais informações utilizamos e como as coletamos?
page 110.txt,119,"
3."
page 110.txt,120,Para que usamos os seus dados?
page 110.txt,121,"
4."
page 110.txt,122,As informações podem ser compartilhadas?
page 110.txt,123,"
5."
page 110.txt,124,"Sobre os Cookies
6."
page 110.txt,125,"Transferência internacional de dados
7."
page 110.txt,126,Por quanto tempo mantemos seus dados?
page 110.txt,127,"
8."
page 110.txt,128,"Segurança dos dados
9."
page 110.txt,129,"Seus direitos
"
page 110.txt,130,10.
page 110.txt,131,"Encarregado de Proteção de Dados
11."
page 110.txt,132,"Glossário
1."
page 110.txt,133,ATUALIZAÇÃO DA POLÍTICA DE PRIVACIDADE
page 110.txt,135,"Sempre que o Itaú Unibanco entender necessário, a Política de Privacidade poderá sofrer alterações que serão publicadas em nossos Sites e Aplicativos."
page 110.txt,136,"Essas alterações serão válidas, eficazes e vinculantes após a nova versão ser divulgada nos nossos Sites e Aplicativos ou serem comunicadas de qualquer outra forma a você."
page 110.txt,137,"
2."
page 110.txt,138,QUAIS INFORMAÇÕES UTILIZAMOS E COMO AS COLETAMOS?
page 110.txt,139,"
Nós tratamos Dados Pessoais de quem é ou foi nosso cliente ou teve algum relacionamento conosco, foi ou é representante, procurador, empregado, sócio de algum cliente, empresa ou entidade com a qual nos relacionamos, realizou alguma transação conosco ou com nossos clientes, de pessoas com as quais pretendemos nos relacionar ou outros titulares de Dados Pessoais."
page 110.txt,140,"
Os Dados Pessoais que tratamos variam de acordo as finalidades de uso, inclusive as indicadas nessa Política, e com as atividades que realizamos."
page 110.txt,141,"Esses Dados Pessoais incluem dados cadastrais, financeiros e transacionais, tais como:"
page 110.txt,142,"
· Dados cadastrais: nome, data de nascimento, sexo, RG, CPF e/ou outros documentos de identificação, tais como carteira de habilitação, foto, endereço residencial e comercial, telefones residencial, comercial e celular, e-mail, profissão, ocupação, estado civil, nacionalidade, naturalidade, PEP – pessoa politicamente exposta, entre outros."
page 110.txt,143,"
· Dados Pessoais Sensíveis: dados biométricos, inclusive facial e/ou digital, ou outros dados pessoais sensíveis, de acordo com a legislação aplicável."
page 110.txt,144,"
· Dados financeiros e transacionais: informações sobre operações e transações bancárias, financeiras e de pagamento, produtos e serviços contratados ou que se pretenda contratar e sua utilização (inclusive nossos produtos financeiros, bancários, de crédito, financiamento, câmbio, investimento, seguros, previdência, capitalização, consórcio, cartão de crédito e serviços de pagamento, entre outros)."
page 110.txt,145,"
· Dados sobre terceiros: filiação, representantes, representados, garantidor, contrapartes, procuradores, colaboradores, sócios ou beneficiários de produtos e serviços, como por exemplo de seguros, previdência, cartão de crédito e pagamento."
page 110.txt,146,"
·"
page 110.txt,147,"Informações sobre seus dispositivos: informações sobre o seu dispositivo (tais como Advertising ID e informações técnicas, como sistema operacional, tamanho de tela), conexão (tais como data, hora e Endereço IP, rede utilizada), identificação do dispositivo, uso do dispositivo."
page 110.txt,148,"Também poderemos coletar, se você nos autorizar pelos nossos Aplicativos, sua geolocalização, para usarmos para prevenção à fraude e segurança, proteção do crédito, indicarmos dependências próximas e fazermos ofertas de produtos e serviços para você."
page 110.txt,149,"
· Informações que acessamos para te entregar uma funcionalidade:"
page 110.txt,150,"caso você autorize e para possibilitar determinadas funcionalidades de nossos Sites e Aplicativos, como quando tratamos suas fotos e dados de contatos para a criação e envio de comprovantes de pagamento."
page 110.txt,151,"
·"
page 110.txt,152,Informações sobre hábitos de navegação:
page 110.txt,153,"páginas e funcionalidades acessadas em nossos Sites e Aplicativos, quantidade de cliques, páginas e aplicativos que originaram o acesso aos nossos Sites e Aplicativos (por exemplo, se você acessar um site que possuir um link para os nossos Sites e Aplicativos, ou se você acessar páginas de terceiros a partir de links nos nossos Sites e Aplicativos)"
page 110.txt,154,.
page 110.txt,155,"
· Dados de mídias e plataformas sociais: interações que você possa ter com nossas redes sociais, tais como Facebook, Twitter, Instagram, LinkedIn e YouTube."
page 110.txt,156,"
· Dados relacionados a situação financeira:"
page 110.txt,157,"podemos acessar os dados sobre sua situação financeira ou de crédito, tais como renda, patrimônio, negativação, dados do cadastro positivo, inclusive dados detalhados de cadastro positivo ou dados de Sistema de Informações de Crédito do Banco Central, de acordo com a legislação aplicável."
page 110.txt,159,"Os dados podem ser fornecidos diretamente por você, serem coletados em decorrência da prestação de serviços ou fornecimento de produtos pelo Itaú Unibanco a você (ou a você relacionados), ou podem ser fornecidos por outras empresas do Conglomerado Itaú Unibanco ou por fontes externas legítimas, como parceiros estratégicos, corretoras, inclusive de valores e seguros, fornecedores, prestadores de serviços, outras instituições do sistema financeiro, bureaus de crédito, órgãos públicos, correspondentes e empresas ou órgãos com os quais o Itaú Unibanco ou você possua vínculo ou algum tipo de relação direta ou indireta."
page 110.txt,160,"Também podemos obter Dados Pessoais e outras informações de fontes públicas e/ou acessíveis publicamente, como Internet, meios de comunicação, mídias sociais e registros públicos e de outras fontes, conforme permitido na legislação aplicável."
page 110.txt,161,"
A seguir, indicamos alguns exemplos dessas situações."
page 110.txt,162,"
·"
page 110.txt,163,"Dados podem ser fornecidos por você, por exemplo, no preenchimento de cadastros, formulários, propostas, simulações, adesões, contratações, acessos, procura ou manifestação de interesse em produtos e serviços."
page 110.txt,164,"
· Dados que geramos sobre você decorrentes do seu relacionamento com o Itaú Unibanco, como por exemplo informações sobre contratação e uso de produtos e serviços ou quando você interage conosco pelos nossos Sites, Aplicativos, canais, estabelecimentos, centrais e locais de atendimento."
page 110.txt,165,"
· Dados recebidos de terceiros são aqueles fornecidos por terceiros sobre você, mesmo que você não seja cliente do Itaú Unibanco, inclusive por empresas ou órgãos com os quais o Itaú Unibanco ou você tenha alguma relação, bem como fornecedores e parceiros."
page 110.txt,166,Alguns exemplos de casos em que isso ocorre são:
page 110.txt,167,"
· alguém realiza uma transação financeira com você, como uma transferência bancária ou pagamento de boleto;"
page 110.txt,168,"
· quando você é beneficiário ou Usuário de algum produto contratado por um terceiro, como cartão, seguro ou previdência;"
page 110.txt,169,"
· a empresa ou órgão em que você trabalha nos fornece informações sobre você para o fornecimento de produtos e serviços a você, como para o pagamento do seu salário pelo Itaú Unibanco, para concessão ou consignação de crédito ou produtos de previdência;"
page 110.txt,170,"
· realizamos o pagamento de benefícios originados de órgãos públicos;"
page 110.txt,171,"
· um cliente, contraparte, parceiro ou prestador de serviços indica você como seu sócio, representante, empregado, procurador ou contato;"
page 110.txt,172,"
· um parceiro ou prestador de serviços nos fornece informações sobre você para a oferta ou contratação de produtos e serviços;"
page 110.txt,173,"
· buscamos informações sobre você ou confirmamos informações que você nos fornece para as nossas atividades, como realizar ou melhorar o seu cadastro e sua experiência, prevenir fraudes e cumprir outras obrigações legais."
page 110.txt,174,"
3.PARA"
page 110.txt,175,QUE USAMOS
page 110.txt,176,OS SEUS DADOS?
page 110.txt,178,"O Itaú Unibanco realiza o tratamento de dados pessoais de acordo com as bases legais previstas na Lei Geral de Proteção de Dados (LGPD), como por exemplo, para cumprimento de obrigações legais e regulatórias; execução de contrato; proteção do crédito; para atender os interesses legítimos do Itaú Unibanco, dos nossos clientes e de terceiros; proteção da vida ou da incolumidade física do Titular ou de terceiros;"
page 110.txt,179,nas situações em que o consentimento do Titular dos Dados Pessoais for coletado e para o exercício regular de direitos.
page 110.txt,180,"
Poderemos tratar Dados Pessoais e outras informações para diversas finalidades relacionadas ao desempenho das atividades do Conglomerado Itaú Unibanco, conforme exemplos descritos abaixo:"
page 110.txt,181,"
· Realizar as nossas atividades, prestar os nossos serviços e fornecer os nossos produtos no nosso relacionamento com você:"
page 110.txt,182,"
· realizar e manter o seu cadastro atualizado, verificar sua identidade e eventuais outras informações;"
page 110.txt,183,"
· dar cumprimento e realizar ações relacionadas ao contrato, inclusive etapas anteriores à contratação, durante e após a contratação."
page 110.txt,184,"Atividades como avaliação de propostas de contratação, atendimento nos nossos canais e processos operacionais para garantir a melhor experiência e atendimento para os nossos clientes;"
page 110.txt,185,"
· atender os nossos clientes, potenciais clientes e terceiros, inclusive tratando dúvidas, reclamações, sinistros, solicitações e suporte pelos nossos canais de atendimento, possibilitando o seu contato conosco sempre que necessário, e o contrário também;"
page 110.txt,186,"
· envio de comunicações sobre produtos e serviços contratados por você, necessários para o cumprimento do contrato;"
page 110.txt,187,"
· avaliações e exercício regular de direitos necessários para execução de contratos, como por exemplo, informações sobre a sua saúde necessárias para a contratação de determinados produtos, como de seguros, ou ainda para a avaliação de sinistros relacionados;"
page 110.txt,188,"
· seleção e contratação de colaboradores do Itaú Unibanco."
page 110.txt,189,"
· Entender os nossos clientes e oferecer produtos mais adequados às suas necessidades e perfil:"
page 110.txt,190,"
· avaliar o perfil, identificar oportunidades e realizar oferta e contratação de produtos, serviços, iniciativas e benefícios do Conglomerado Itaú Unibanco e/ou de parceiros estratégicos mais adequados ao perfil, interesses e necessidades, para clientes atuais, potenciais e terceiros, inclusive por meio de e-mail marketing ou outras comunicações."
page 110.txt,191,Você pode gerenciar os meios pelos quais prefere receber nossas ofertas ou optar por não mais recebê-las em nossos canais de atendimento;
page 110.txt,192,"
· analisar informações demográficas e de interesses dos Usuários, por meio de ferramentas de analytics como Google Analytics e Facebook Ads, visando compreender o público-alvo das campanhas de publicidade;"
page 110.txt,193,"
· avaliar os comportamentos de navegação e o perfil dos Usuários e clientes, inclusive para entender se o Usuário chegou até os Sites e Aplicativos por meio de acesso direto, links ou cookies próprios ou de terceiros, por exemplo;"
page 110.txt,194,"
· realizar campanhas de marketing e utilizar tecnologias da informação e soluções de propaganda online;"
page 110.txt,195,"
· realizar pesquisas com o público para melhoria dos nossos produtos, serviços, atendimento e iniciativas."
page 110.txt,196,"
· Segurança e risco:"
page 110.txt,197,"
· identificar, prevenir e gerenciar eventuais riscos de segurança, física ou cibernética, sua, do Itaú Unibanco ou de terceiros;"
page 110.txt,198,"
· prevenir fraudes e garantir a segurança, inclusive com utilização de sua biometria (facial, digital ou outra), bem como sua geolocalização, em quaisquer produtos, serviços, Sites e Aplicativos do Itaú Unibanco, para processos de identificação e/ou autenticação em sistemas eletrônicos próprios ou de terceiros, que também podem ser Controladores de Dados Pessoais, inclusive pelo desenvolvimento e/ou uso de ferramentas antifraude;"
page 110.txt,199,"
· analisar perfil, identificar, gerenciar e tratar potenciais riscos na oferta e contratação de produtos e/ou serviços e nas demais atividades do Itaú Unibanco, como os riscos de crédito, riscos operacionais, riscos reputacionais, riscos de mercado, entre outros riscos."
page 110.txt,200,Monitorando esses riscos também estamos cuidando da segurança dos nossos clientes;
page 110.txt,201,"
· atividades relacionadas à proteção do crédito, como avaliação e gerenciamento de risco de crédito, avaliação de situação financeira e patrimonial, cobrança, cessão de crédito, atividades relacionadas à informação e consulta a entidades de proteção ao crédito e cadastro positivo, entre outras."
page 110.txt,202,"
·"
page 110.txt,203,Cumprimento de obrigações legais e regulatórias:
page 110.txt,204,"
· cumprir obrigações legais, regulatórias e de autorregulação, como por exemplo:"
page 110.txt,205,"atividades de auditoria interna e compliance, prevenção aos crimes de lavagem de dinheiro e financiamento ao terrorismo e outros ilícitos, atividades de know your client – KYC e outras atividades de gerenciamento de riscos, reportes à Receita Federal, medidas de prevenção à fraude, prestação de informações ao Banco Central e outros órgãos competentes, do Brasil e do exterior, para cumprimento de normas, comunicação de operações suspeitas ao Coaf, prova de vida de beneficiário do INSS, avaliação de representantes legais e sócios de empresas, entre outras atividades;"
page 110.txt,206,"
· cumprir ordens e decisões judiciais, administrativas e arbitrais."
page 110.txt,207,"
·"
page 110.txt,208,"Proteger os seus direitos, do Itaú Unibanco e de terceiros:"
page 110.txt,209,"
· para o exercício regular de direitos, inclusive em contratos e processos judiciais, extrajudiciais, administrativos ou arbitrais."
page 110.txt,210,"
· Manter, criar e melhorar as nossas atividades:"
page 110.txt,211,"
· analisar, criar e aperfeiçoar os nossos produtos, serviços, atividades, sejam internas ou externas, iniciativas, projetos, recursos e funcionalidades das nossas plataformas, Sites e Aplicativos, inclusive para melhorar o seu acesso e utilização e fornecer a melhor experiência para você;"
page 110.txt,212,"
· medir e entender a interação dos Usuários e clientes conosco, inclusive em redes sociais e em nossos canais, assim como a utilização dos nossos produtos, serviços, atividades, iniciativas, Sites e Aplicativos e a satisfação dos Usuários e clientes."
page 110.txt,213,"Assim podemos criar, manter e melhorar os nossos produtos, serviços e nossos canais de atendimento;"
page 110.txt,214,"
· execução de processos de negócios, gerenciamento interno e gerencial."
page 110.txt,215,"Tratamos seus dados para nossas atividades e para nos ajudar a tomar melhores decisões sobre nossas operações, negócios, serviços, produtos, atividades e iniciativas;"
page 110.txt,216,"
· atividades relacionadas à contratação e relacionamento com fornecedores, prestadores de serviços e outros terceiros."
page 110.txt,217,"
· Outras situações de Tratamento baseadas em finalidades legítimas, como por exemplo o apoio e promoção de atividades do Itaú Unibanco ou para a prestação de serviços que beneficiem os nossos clientes."
page 110.txt,218,"
·"
page 110.txt,219,"Promover eventos, realizar patrocínios e outras atividades e iniciativas."
page 110.txt,220,"
4."
page 110.txt,221,AS INFORMAÇÕES PODEM
page 110.txt,222,SER
page 110.txt,223,COMPARTILHADAS?
page 110.txt,225,"O Itaú Unibanco somente compartilha suas informações quando é necessário ou pertinente para as finalidades previstas nos contratos com os nossos clientes e nessa Política de Privacidade, dentro de padrões rígidos de segurança, sempre visando a confidencialidade das suas informações e seguindo as normas de sigilo bancário e demais normas de proteção de dados e da privacidade."
page 110.txt,227,Exemplos de situações de compartilhamento são:
page 110.txt,228,"
· entre as empresas do Conglomerado Itaú Unibanco e com fundação ou entidade que tenha qualquer destas empresas como mantenedora ou que de qualquer forma seja gerida ou vinculada ao Conglomerado Itaú Unibanco, inclusive para o desenvolvimento de nossas atividades, oferta e prestação de serviços e fornecimento de produtos, gerenciamento de riscos, cumprimento de obrigações legais e demais finalidades previstas nessa Política;"
page 110.txt,229,"
· com parceiros estratégicos, inclusive para oferta, contratação e uso de produtos e serviços destes, ou ainda desenvolvidos em conjunto ou que possam ter um benefício para você;"
page 110.txt,230,"
· com prestadores de serviços, fornecedores, corretoras, inclusive de valores e seguros, e correspondentes contratados pelo Itaú Unibanco para o desenvolvimento de nossas atividades;"
page 110.txt,231,"
· com órgãos reguladores, outras entidades públicas, instituições do sistema financeiro e terceiros, inclusive para cumprimento e execução de obrigações legais, regulatórias e contratuais e para a proteção e o exercício regular de direitos;"
page 110.txt,232,"
· para cumprimento de requisições, solicitações e decisões de autoridades judiciais, administrativas ou arbitrais;"
page 110.txt,233,"
· para identificação, prevenção e investigação de possíveis infrações ou atos ilícitos (inclusive fraude, lavagem de dinheiro e financiamento ao terrorismo);"
page 110.txt,234,"
· para prevenir riscos, fraudes e garantir a segurança, inclusive com utilização de sua biometria (facial, digital ou outra) em processos de identificação e/ou autenticação em sistemas eletrônicos próprios ou de terceiros, que também são Controladores de Dados Pessoais;"
page 110.txt,235,"
· situações em que o compartilhamento seja relevante ou necessário para criação, oferta, manutenção, funcionamento e melhoria dos nossos Sites e Aplicativos, bem como das atividades, das iniciativas e dos produtos e serviços do Conglomerado Itaú Unibanco e de parceiros estratégicos;"
page 110.txt,236,"
· com bureaus de crédito, inclusive de acordo com o disposto na legislação aplicável, como para cumprimento da legislação do cadastro positivo, nos casos de negativação, entre outros;"
page 110.txt,237,"
· om outras instituições financeiras, inclusive quando necessário, para o processamento de alguma transação ou outras atividades para execução de contrato;"
page 110.txt,238,"
· compartilhamento de informações anonimizadas, agrupadas, de cookies ou de outras informações ou formas que não possibilitem a identificação pessoal dos Titulares de Dados;
· nos casos de aquisição, fusão ou outras reorganizações societárias;"
page 110.txt,239,"
· situações em que o seu consentimento pode ser necessário e, caso seja, solicitaremos o seu consentimento oportunamente."
page 110.txt,240,"
5."
page 110.txt,241,"SOBRE OS COOKIES
"
page 110.txt,242,"Os cookies permitem a coleta de dados relacionadas à navegação dependendo do tipo de dispositivo usado, das autorizações concedidas por você através das configurações de seu dispositivo e das funcionalidades utilizadas em cada aplicação."
page 110.txt,243,Podemos utilizar cookies próprios ou de terceiros em nossos Sites e Aplicativos.
page 110.txt,245,O que são cookies?
page 110.txt,246,"
São pequenos arquivos de texto que podem ou não ser adicionados no navegador do dispositivo."
page 110.txt,247,Estes arquivos armazenam e reconhecem dados que garantem o correto funcionamento dos Sites e Aplicativos e nos ajudam a identificar suas preferências e melhoras suas experiências.
page 110.txt,249,"Tipos de cookies e suas finalidades
"
page 110.txt,250,Os cookies podem coletar dados para diferentes finalidades relacionadas às funcionalidades de nossos Sites e Aplicativos.
page 110.txt,251,Confira a seguir os tipos que utilizamos:
page 110.txt,252,"
· funcionamento: para garantir o correto acesso e funcionamento das aplicações;"
page 110.txt,253,"
· autenticação: para reconhecer o Usuário, possibilitando o seu acesso, inclusive, a áreas de acesso restrito e utilizados também para oferecer conteúdo, ofertas e/ou serviços de parceiros estratégicos;"
page 110.txt,254,"
· segurança: para auxiliar no monitoramento e detecção de atividades não autorizadas, na prevenção à fraude e na proteção das informações dos Usuários, suas, do Conglomerado Itaú Unibanco e de terceiros;
· pesquisa, análise e desempenho: para verificar, medir e analisar a audiência, o desempenho, a utilização das aplicações pelos Usuários;"
page 110.txt,255,"
· propaganda: para apresentar publicidade relevante do Conglomerado Itaú Unibanco e de parceiros de acordo com o perfil do Usuário e para saber se os Usuários a visualizaram, tanto em nossos ambientes quanto em sites e aplicativos de parceiros."
page 110.txt,256,"Também podem ser utilizados para lembrar eventuais pesquisas realizadas pelos Usuários, e com base no resultado dessas pesquisas, mostrar anúncios ou ofertas de produtos, serviços e iniciativas de seu interesse."
page 110.txt,258,Posso desativar os cookies e as outras formas de coleta de informações?
page 110.txt,259,"
Você pode desativar ou excluir os cookies, bem como demais tecnologias de coleta de dados, nas configurações do seu navegador e nas configurações do sistema operacional do seu dispositivo, com exceção dos cookies de funcionamento que, se desativados, não permitirão o uso dos Sites e Aplicativos."
page 110.txt,260,"
Apenas lembramos que se determinados cookies forem desabilitados, os Sites ou Aplicativos ou alguns de seus recursos ou funcionalidades poderão não funcionar corretamente."
page 110.txt,261,"
6."
page 110.txt,262,"TRANSFERÊNCIA INTERNACIONAL DE DADOS
"
page 110.txt,263,"Os seus Dados Pessoais poderão ser transferidos e tratados em outros países, de acordo com as hipóteses previstas na LGPD e legislação aplicável, para as finalidades previstas nesta Política de Privacidade."
page 110.txt,264,"
Por exemplo, os dados podem ser transferidos para o exterior caso seja necessário para a execução de contrato (como transações de cartão de crédito realizadas no exterior ou transações de cartões estrangeiros realizadas no Brasil, câmbio e outras operações bancárias, financeiras, securitárias e de investimento com outras empresas do Conglomerado Itaú Unibanco no exterior ou outras instituições financeiras); para o cumprimento de obrigações legais e regulatórias do Itaú Unibanco; para o exercício regular de direitos em processos administrativos, judiciais ou arbitrais ou para a investigação de crimes e outros ilícitos."
page 110.txt,265,"Ainda, a transferência internacional de dados pode ocorrer para o desenvolvimento das atividades do Itaú Unibanco, mediante a adoção de medidas de proteção dos Dados Pessoais."
page 110.txt,266,"
7."
page 110.txt,267,POR QUANTO TEMPO MANTEMOS
page 110.txt,268,SEUS DADOS?
page 110.txt,270,O prazo pelo qual o Itaú Unibanco mantém os Dados Pessoais coletados depende do propósito e da natureza do tratamento dos dados.
page 110.txt,271,"Nós trataremos seus dados pelo período necessário para o cumprimento de obrigações legais, regulatórias e contratuais, para continuar a fornecer e aprimorar nossos produtos e serviços, para o gerenciamento de riscos, para o exercício regular de direito em processos administrativos, judiciais e arbitrais e para as demais finalidades previstas nesta Política de Privacidade."
page 110.txt,272,"
8."
page 110.txt,273,"SEGURANÇA DOS DADOS
"
page 110.txt,274,A segurança e proteção de dados pessoais e das informações do Itaú Unibanco é uma prioridade para nós.
page 110.txt,275,"O Itaú Unibanco estabelece processos e controles para prevenção, detecção e resposta a incidentes e proteção dos seus dados de acessos e usos não autorizados, garantindo a gestão do risco de segurança, inclusive cibernética, e a construção de um alicerce robusto de segurança."
page 110.txt,276,"
Consideramos que a informação deve ser protegida independentemente de onde ela esteja, seja em um prestador de serviço ou em uma unidade internacional, ou em parceiro, em todo o seu ciclo de vida, desde o momento que ela é coletada, passando pelo processamento, transmissão, armazenamento, análise e seu descarte."
page 110.txt,277,"
Cuidamos dos dados seguindo padrões rígidos de segurança e confidencialidade, para fornecer aos nossos usuários e clientes um ambiente seguro e confiável."
page 110.txt,278,Usamos ferramentas e tecnologias para manter a integridade e confidencialidade das informações e protegê-las de acessos não autorizados.
page 110.txt,279,"
Adicionalmente, restringimos o acesso aos dados na medida necessária, com rígidas obrigações de confidencialidade e sigilo e mediante a adoção de critérios de segurança."
page 110.txt,281,"As diretrizes de proteção dos dados da organização, dos clientes e do público em geral estão formalizadas na Política Corporativa de Segurança da Informação e Cyber Security."
page 110.txt,282,"
9."
page 110.txt,283,"SEUS DIREITOS
"
page 110.txt,284,A LGPD garante direitos aos Titulares dos Dados.
page 110.txt,285,"Como Titular dos seus Dados Pessoais, você pode nos fazer os seguintes requerimentos:"
page 110.txt,286,"
· acesso e confirmação da existência de tratamento dos dados pessoais;"
page 110.txt,287,"
· atualização, correção de dados incompletos, inexatos ou desatualizados;"
page 110.txt,288,"
· anonimização, bloqueio ou eliminação de dados desnecessários, excessivos ou tratados em desconformidade com o disposto na LGPD;"
page 110.txt,289,"
· portabilidade dos dados, observadas as normas aplicáveis e os segredos comercial e industrial;"
page 110.txt,290,"
· informação das entidades públicas e privadas com as quais o Controlador realizou uso compartilhado de dados;"
page 110.txt,291,"
· informação sobre a possibilidade de não fornecer consentimento e sobre as consequências da negativa;"
page 110.txt,292,"
· revogação de consentimento que poderá ser realizada a qualquer momento e sem ônus, mediante manifestação expressa;"
page 110.txt,293,"
· solicitar a eliminação dos Dados Pessoais Tratados com o consentimento, exceto nas hipóteses em que a manutenção dos dados é necessária ou permitida pela legislação;"
page 110.txt,294,"
· oposição a Tratamento realizado com fundamento em outras bases legais, em caso de descumprimento da LGPD, ressaltando que pode haver situações em que poderemos continuar a realizar o Tratamento e recusar o seu pedido de oposição;
· solicitar a revisão de decisões tomadas unicamente com base em Tratamento automatizado de Dados Pessoais que o afetem, como decisões de crédito;"
page 110.txt,295,"
· solicitar o cancelamento do envio de ofertas direcionadas de produtos e serviços do Itaú Unibanco pelos nossos canais."
page 110.txt,296,"
Para exercer seus direitos sobre os seus Dados Pessoais, você pode acionar os nossos canais de atendimento."
page 110.txt,298,Consulte em www.itau.com.br/seguranca/privacidade
page 110.txt,299,qual o mais apropriado de acordo com o seu relacionamento.
page 110.txt,301,"Reforçamos que poderemos manter alguns dados e/ou continuar a realizar o Tratamento, mesmo no caso de solicitação de eliminação, oposição, bloqueio ou anonimização, em algumas circunstâncias, como para cumprimento de obrigações legais, contratuais e regulatórias, para resguardar e exercer direitos do Itaú Unibanco, dos Usuários e clientes, para prevenção de atos ilícitos e em processos judiciais, administrativos e arbitrais, inclusive por questionamento de terceiros sobre suas atividades e em outras hipóteses previstas em lei."
page 110.txt,302,"
10."
page 110.txt,303,"ENCARREGADO DE PROTEÇÃO DE DADOS
Para obter mais informações sobre a Política ou sobre como tratamos os seus dados pessoais, você pode entrar em contato no e-mail encarregado-dados@itau.com.br com o título “aos cuidados do Encarregado”."
page 110.txt,305,"GLOSSÁRIO
"
page 110.txt,306,Os termos abaixo são usados nos nossos Termos de Uso e Política de Privacidade.
page 110.txt,308,·
page 110.txt,309,Conglomerado
page 110.txt,310,Itaú Unibanco ou apenas Itaú Unibanco:
page 110.txt,311,"inclui o Itaú Unibanco Holding S.A., o Itaú Unibanco S.A., e as demais sociedades controladoras ou controladas, diretamente ou indiretamente, isolada ou conjuntamente com terceiros, por tais empresas e coligadas, no Brasil e no exterior, que incluem, por exemplo, o Banco Itaucard S.A., Banco Itaú BBA S.A., Banco Itaú Consignado S.A., Itaú Administradora de Consórcios Ltda."
page 110.txt,312,", Itaú Seguros S.A., Itaú Corretora de Seguros S.A., Itaú Vida e Previdência S.A., Financeira Itaú CBD S.A. Crédito, Financiamento e Investimento, Luizacred S.A. Sociedade de Crédito, Financiamento e Investimento, Hipercard Banco Múltiplo S.A., Itaú Corretora de Valores S.A., Itaú Distribuidora de Títulos e Valores Mobiliários S.A., Microinvest S.A. Sociedade de Crédito a Microempreendedor, Redecard S.A.
·"
page 110.txt,313,"Controlador: pessoa natural ou jurídica, de direito público ou privado, a quem competem as decisões referentes ao Tratamento de Dados Pessoais."
page 110.txt,314,"
· Dado Pessoal: informação relacionada a pessoa natural identificada ou identificável."
page 110.txt,315,"
· Dado Pessoal Sensível: dado pessoal sobre origem racial ou étnica, convicção religiosa, opinião política, filiação a sindicato ou a organização de caráter religioso, filosófico ou político, dado referente à saúde ou à vida sexual, dado genético ou biométrico, quando vinculado a uma pessoa natural."
page 110.txt,316,"
·"
page 110.txt,317,Endereço de Protocolo de Internet (Endereço IP):
page 110.txt,318,"código atribuído a um terminal de uma rede para permitir sua identificação, definido segundo parâmetros internacionais."
page 110.txt,319,"
· Sites e Aplicativos: sites e aplicativos do Conglomerado Itaú Unibanco que podem ser acessados por Usuários."
page 110.txt,320,"
·"
page 110.txt,321,Titular de Dados Pessoais: pessoa natural a quem se referem os dados pessoais que são objeto de tratamento.
page 110.txt,322,"
· Tratamento:"
page 110.txt,323,"toda operação realizada com Dados Pessoais, como as que se referem a coleta, produção, recepção, classificação, utilização, acesso, reprodução, transmissão, distribuição, processamento, arquivamento, armazenamento, eliminação, avaliação ou controle da informação, modificação, comunicação, transferência, difusão ou extração."
page 110.txt,324,"
·"
page 110.txt,325,Usuários: todas as pessoas que visitarem e acessarem os Sites e Aplicativos.
page 110.txt,326,Também podemos nos referir ao Usuário e ao Titular de Dados Pessoais como “você”.
page 110.txt,328,Atualização: Março de 2021.
