Document,Parag_number,Paragraph_Text
page 181.txt,0,A LGApps criou o aplicativo PlayCine como um aplicativo gratuito.
page 181.txt,1,Este SERVIÇO é fornecido pela LGApps sem nenhum custo e deve ser usado como está.
page 181.txt,3,"Esta página é usada para informar os visitantes sobre minhas políticas com a coleta, uso e divulgação de Informações pessoais, se alguém decidir usar meu Serviço."
page 181.txt,5,"Se você optar por usar o meu Serviço, concorda em coletar e usar as informações em relação a esta política."
page 181.txt,6,As informações pessoais que eu coletar são usadas para fornecer e melhorar o serviço.
page 181.txt,7,"Não usarei ou compartilharei suas informações com ninguém, exceto conforme descrito nesta Política de Privacidade."
page 181.txt,9,"Os termos usados â€‹â€‹nesta Política de Privacidade têm os mesmos significados que em nossos Termos e Condições, acessíveis no PlayCine, a menos que definido de outra forma nesta Política de Privacidade."
page 181.txt,10,"
Coleta e uso de informações"
page 181.txt,11,"
Para uma experiência melhor"
page 181.txt,12,", ao usar nosso Serviço, posso solicitar que você nos forneça certas informações de identificação pessoal."
page 181.txt,13,As informações solicitadas serão retidas no seu dispositivo e não serão coletadas por mim de forma alguma.
page 181.txt,15,O aplicativo usa serviços de terceiros que podem coletar informações usadas para identificá-lo.
page 181.txt,16,"
Link para a política de privacidade de provedores de serviços de terceiros usados"
page 181.txt,17,â€‹â€‹pelo aplicativo
page 181.txt,18,"
Dados de log
Quero informar que, sempre que você usar o meu Serviço, em caso de erro no aplicativo, coleto dados e informações (através de produtos de terceiros) no seu telefone chamado Log Data."
page 181.txt,19,"Esses dados de registro podem incluir informações como o endereço IP do dispositivo, nome do dispositivo, versão do sistema operacional, a configuração do aplicativo ao utilizar o meu serviço, a hora e a data de uso do serviço e outras estatísticas ."
page 181.txt,20,"
Cookies
Cookies são arquivos com uma pequena quantidade de dados que são comumente usados â€‹â€‹como identificadores exclusivos anônimos."
page 181.txt,21,Eles são enviados para o navegador a partir dos sites visitados e armazenados na memória interna do dispositivo.
page 181.txt,22,"
Este serviço não usa esses ""cookies"" explicitamente."
page 181.txt,23,"No entanto, o aplicativo pode usar código e bibliotecas de terceiros que usam ""cookies"" para coletar informações e melhorar seus serviços."
page 181.txt,24,Você tem a opção de aceitar ou recusar esses cookies e saber quando um cookie está sendo enviado para o seu dispositivo.
page 181.txt,25,"Se você optar por recusar nossos cookies, poderá não conseguir usar algumas partes deste Serviço."
page 181.txt,27,Provedores de serviço
page 181.txt,29,Posso empregar empresas e indivíduos de terceiros devido aos seguintes motivos:
page 181.txt,30,"
Desejo informar aos usuários deste Serviço que esses terceiros têm acesso às suas Informações Pessoais."
page 181.txt,31,O motivo é executar as tarefas atribuídas a eles em nosso nome.
page 181.txt,32,"No entanto, eles são obrigados a não divulgar ou usar as informações para qualquer outra finalidade."
page 181.txt,33,"
Segurança
"
page 181.txt,34,"Valorizo â€‹â€‹sua confiança em nos fornecer suas informações pessoais, portanto, estamos nos esforçando para usar meios comercialmente aceitáveis â€‹â€‹de protegê-las."
page 181.txt,35,"Mas lembre-se de que nenhum método de transmissão pela Internet ou método de armazenamento eletrônico é 100% seguro e confiável, e não posso garantir sua segurança absoluta."
page 181.txt,36,"
Links para outros sites"
page 181.txt,37,"
Este serviço pode conter links para outros sites."
page 181.txt,38,"Se você clicar em um link de terceiros, será direcionado para esse site."
page 181.txt,39,Observe que esses sites externos não são operados por mim.
page 181.txt,40,"Portanto, recomendo fortemente que você reveja a Política de Privacidade desses sites."
page 181.txt,41,"Não tenho controle e não assumo responsabilidade pelo conteúdo, políticas de privacidade ou práticas de sites ou serviços de terceiros."
page 181.txt,43,"Privacidade das crianças
"
page 181.txt,44,Esses serviços não tratam de menores de 13 anos.
page 181.txt,45,Eu não coleto intencionalmente informações de identificação pessoal de crianças menores de 13 anos.
page 181.txt,46,"No caso de descobrir que uma criança menor de 13 anos me forneceu informações pessoais, eu as excluo imediatamente de nossos servidores."
page 181.txt,47,"Se você é pai ou mãe ou responsável e sabe que seu filho nos forneceu informações pessoais, entre em contato comigo para que eu possa executar as ações necessárias."
page 181.txt,49,"Alterações a esta Política de Privacidade
Posso atualizar nossa Política de Privacidade periodicamente."
page 181.txt,50,"Portanto, é recomendável revisar esta página periodicamente para verificar se há alterações."
page 181.txt,51,Eu o notificarei de quaisquer alterações postando a nova Política de Privacidade nesta página.
page 181.txt,52,Essas alterações são efetivadas imediatamente após serem publicadas nesta página.
page 181.txt,54,"Contate-Nos
"
page 181.txt,55,"Se você tiver alguma dúvida ou sugestão sobre minha Política de Privacidade, não hesite em me contactar em playhd@outlook.com.br"
