Document,Parag_number,Paragraph_Text
page 144.txt,0,"POLÍTICA DE PRIVACIDADE DO TELECINE
"
page 144.txt,1,"O Telecine respeita e protege sua privacidade
"
page 144.txt,2,"Em tudo que a gente faz, buscamos proteger nossos dados e informações."
page 144.txt,3,A gente sabe que pra você também é assim.
page 144.txt,4,Seus dados pessoais (“Dados”) (Informação relacionada a pessoa natural identificada ou identificável pelo Telecine) são bens valiosos que devem ser preservados.
page 144.txt,5,"Por isso, você precisa saber exatamente como eles podem ser utilizados."
page 144.txt,6,Foi justamente para isso que criamos essa Política de Privacidade (“Política”).
page 144.txt,7,"Vamos explicar, conversar, tirar dúvidas."
page 144.txt,8,Vamos abrir um canal de comunicação com você sobre privacidade de Dados.
page 144.txt,9,"
Aqui a gente lista quais Dados seus podemos obter e como podemos usá-los."
page 144.txt,10,"
Essa Política se aplica a todos os serviços disponibilizados pelo Telecine (empresa listada na seção"
page 144.txt,11,"“Qual empresa é a controladora dos seus Dados”, abaixo) por meio de sites, aplicativos, interfaces, portais, produtos e aplicações de Internet, notadamente serviços de disponibilização, assinatura e aluguel de conteúdo na plataforma Telecine (“Serviço” ou, em conjunto, “Serviços”)."
page 144.txt,12,"Usos de Dados específicos de cada Serviço, não previstos aqui, serão regulados nos respectivos termos de uso (“Termos de Uso”)."
page 144.txt,13,"
Aqui você vai descobrir:"
page 144.txt,14,"
Quais Dados coletamos sobre você
"
page 144.txt,15,"Para você aproveitar todos os benefícios dos Serviços e participar de promoções, eventos online, sorteios, votações, acessar eventuais Serviços gratuitos e realizar aluguel ou assinaturas de Serviços, o primeiro passo será a criação de uma Conta Telecine ou o seu registro em nossos cadastros."
page 144.txt,16,"
• Dados da Conta Telecine
"
page 144.txt,17,Coletamos alguns Dados sobre você quando você cria a sua Conta Telecine (“Conta Telecine”).
page 144.txt,18,"Durante o processo de cadastro, nós solicitamos Dados como seu nome completo, endereço de e-mail, data de nascimento e CPF."
page 144.txt,19,"
• Dados de Navegação
Também coletamos seus Dados quando você (i) utiliza os nossos Serviços; (ii) preenche formulários, faz comentários, participa de promoções, votações, eventos online, sorteios, realiza buscas e demais interações nos nossos Serviços; e (iii) acessa nossos Serviços pelo seu computador, telefone celular, smart TV e/ou outro dispositivo de acesso."
page 144.txt,20,"Os dados coletados a partir do seu acesso aos Serviços incluem: sua localização aproximada (latitude e longitude); seu endereço de IP; informações do seu dispositivo de acesso (como identificador da unidade, identificador de publicidade, nome e tipo de sistema operacional); informação da sua conexão de internet; tipo do seu navegador e as páginas e conteúdos que você acessa em nossos Serviços."
page 144.txt,21,"
Além disso, quando você interagir com determinados Serviços, podemos solicitar acesso à sua galeria de fotos, fotos em redes sociais, câmera e microfone do seu dispositivo de acesso, bem como sua lista de contatos."
page 144.txt,22,"Em tais situações, sempre será solicitada a sua prévia autorização para a coleta dos referidos Dados."
page 144.txt,23,"
• Dados obtidos de terceiros
Coletamos Dados sobre você de fontes disponíveis ao público, prestadores de serviços e parceiros que nos forneçam os seus Dados de acordo com a legislação aplicável."
page 144.txt,24,"
• Dados anonimizados
Além de tratarmos (toda operação realizada com dados pessoais, como as que se referem a coleta, produção, recepção, classificação, utilização, acesso, reprodução, transmissão, distribuição, processamento, arquivamento, armazenamento, eliminação, avaliação ou controle da informação, modificação, comunicação, transferência, difusão ou extração) os Dados de acordo com esta Política, coletamos e tratamos também seus dados de forma anonimizada (Dado anonimizado: dado relativo a titular que não possa ser identificado, considerando a utilização de meios técnicos razoáveis e disponíveis na ocasião de seu tratamento), ou seja, de modo a que você não seja identificado pessoalmente."
page 144.txt,26,"Como usamos seus Dados
Utilizamos os seus Dados para:
(i) Fornecer Serviços a você:"
page 144.txt,27,"
o Cumprir com os termos e condições desta Política, dos Termos de Uso e dos contratos de assinatura (conforme aplicável);"
page 144.txt,28,"
o Confirmar e completar seus Dados, conforme a relação estabelecida com você; e o Cumprir as exigências de promoções, ações comerciais ou concursos, no caso de promoções, ações comerciais ou concursos realizados pelo Telecine, ou patrocinados por outras empresas, ou ainda, por meio de parcerias com o Telecine, desde que você tenha concordado em participar de tais promoções, ações comerciais ou concursos."
page 144.txt,29,"
(ii) Nos comunicar com você:"
page 144.txt,30,"
o Responder"
page 144.txt,31,"quando você entra em contato com o Telecine, conforme a relação estabelecida com você; o Realizar enquetes e pesquisas com o intuito de testar, resolver problemas, aprimorar ou avaliar nossos Serviços; o Comunicar sobre eventos, promoções e/ou anúncios conduzidos por nós e/ou pelas Empresas Relacionadas (conforme definido da seção"
page 144.txt,32,"“Com quem compartilhamos seus Dados” abaixo)e/ou, ainda, por nossos parceiros e anunciantes, em sua conta de e-mail, por mensagem de texto, aplicativo de mensagens, ligação telefônica (incluindo telemarketing) e notificação instantânea (push); o Informar sobre mudanças em nossos termos, serviços ou políticas (incluindo esta Política);"
page 144.txt,33,"e o Ofertar novos Serviços a você, através da sua conta de e-mail, por mensagem de texto, aplicativo de mensagens, ligação telefônica (incluindo telemarketing) e notificação instantânea (push), inclusive aqueles cuja contratação você iniciou, mas não finalizou."
page 144.txt,34,"
(iii)"
page 144.txt,35,Prover segurança e proteger direitos:
page 144.txt,36,"
o Prover suporte técnico e operacional e garantir a segurança e a funcionalidade dos Serviços; o Prevenir atividades ilegais, fraudulentas ou suspeitas, que possam provocar danos ao Telecine ou a terceiros; o Prevenir problemas técnicos ou de segurança; o Proteger nossos direitos e propriedades, inclusive de invasões e hackeamento; e o Proteger os direitos de propriedade de terceiros que usam nossos Serviços."
page 144.txt,37,"
(iv) Personalizar a sua experiência:"
page 144.txt,38,"
o Selecionar e personalizar anúncios para você, dentro ou fora dos Serviços; o Customizar os conteúdos e a publicidade que mostramos em nossos Serviços; o Fazer inferências sobre conteúdos e temas que possam ser do seu interesse; o Identificar e recomendar conteúdos, produtos e serviços do Telecine e das Empresas Relacionadas que possam ser do seu interesse;"
page 144.txt,39,"e o Criar um perfil sobre você, personalizando a sua experiência em nossos Serviços e nos serviços das Empresas Relacionadas."
page 144.txt,40,"
(v) Aprimorar"
page 144.txt,41,", analisar os Serviços e desenvolver novos produtos e serviços:"
page 144.txt,42,"
o Desenvolver, avaliar o desempenho, testar e aprimorar os Serviços, bem como novos conteúdos e serviços;"
page 144.txt,43,"o Realizar atividades de pesquisa, análises e inovação relacionadas à performance e aprimoramento dos nossos Serviços, ou os das Empresas Relacionadas, ou ainda de nossos parceiros e patrocinadores; o Apoiar anunciantes e parceiros na avaliação da efetividade e alcance de anúncios e também para entender os perfis de pessoas que acessam tais anúncios; o Monitorar atividades e tendências de uso; o Mensurar interações e audiência dos Serviços; o Desenvolver aprendizado de máquina;"
page 144.txt,44,e o Reconhecer e acompanhar a sua navegação e consumo.
page 144.txt,45,"
(vi) Cumprir nossas obrigações legais e regulatórias:"
page 144.txt,46,"
o Cumprir determinações legais, judiciais e administrativas e ofícios de autoridades competentes;"
page 144.txt,47,"e o Tomar ou provocar medidas legais, judiciais e administrativas para defender nossos direitos e direitos de terceiros, inclusive em qualquer processo judicial ou administrativo."
page 144.txt,48,"
(vii) Promover o bem-estar social:"
page 144.txt,49,"
o Realizar, apoiar e incentivar pesquisas, projetos sociais e iniciativas relacionadas ao bem-estar social geral, cidadania, saúde, educação e cultura."
page 144.txt,50,"
(viii)"
page 144.txt,51,Utilizar Dados obtidos de terceiros:
page 144.txt,52,"
o Utilizar os Dados com as mesmas finalidades permitidas na forma da lei ao terceiro que compartilhou seus dados com o Telecine, assim como nos termos desta Política."
page 144.txt,53,"
Como você pode gerir os seus Dados
"
page 144.txt,54,O Telecine se compromete a garantir que você exerça os seus direitos.
page 144.txt,55,"Se você quiser exercer seus direitos e tirar dúvidas sobre seus Dados, acesse a sua Conta Telecine, ou, ainda, entre em contato conosco através do SAC - https://ajuda.telecineplay.com.br/.
Seus direitos podem ser exercidos das seguintes formas:"
page 144.txt,56,"
• Acessar os seus Dados e retificá-los quando os mesmos estiverem incompletos, inexatos ou desatualizados."
page 144.txt,57,"Por isso, nós disponibilizamos ferramentas e configurações em sua Conta Telecine para que você possa acessar e corrigir os seus Dados associados a tais cadastros."
page 144.txt,58,"
Caso você tenha dúvidas, você também pode solicitar o acesso e a retificação dos seus Dados, bem como confirmar a existência de tratamento, através do SAC - https://ajuda.telecineplay.com.br/.
"
page 144.txt,59,• Você pode solicitar a exclusão dos seus Dados através do SAC -https://ajuda.telecineplay.com.br/ e o Telecine fará a exclusão definitiva de seus Dados em até 180 dias.
page 144.txt,60,"Após a exclusão, o Telecine poderá manter os seus Dados somente (a) pelo prazo necessário para fins de processos judiciais, administrativos e arbitrais, (b) para cumprimento de obrigação legal e/ou regulatória, (c) para o exercício regular de direitos, como, por exemplo, fazer valer os direitos do Telecine com base no contrato de assinatura e/ou Termos de Uso aplicáveis ou (d) em formato anonimizado."
page 144.txt,61,"
Como tratamos Dados de menores"
page 144.txt,63,Sabemos o quanto é importante a privacidade e proteção dos Dados de menores.
page 144.txt,64,"
Não permitimos que menores de 18 anos contratem Serviços pagos."
page 144.txt,65,"
Esclarecemos, ainda, que no caso de criação de perfis para menores de idade dentro da Conta Telecine, os mesmos devem estar representados ou assistidos pelos responsáveis legais, na forma da lei."
page 144.txt,66,"
Qual empresa é a controladora dos seus Dados
"
page 144.txt,67,Os seus Dados são controlados pelo Telecine Programação de Filmes Ltda (CNPJ/MF 00.252.848/0001-08) (“Telecine”).
page 144.txt,68,"
Com quem compartilhamos seus Dados
"
page 144.txt,69,O Telecine utiliza serviços e tecnologias de terceiros confiáveis que seguem padrões de segurança aceitáveis e que estão sujeitos à obrigação de confidencialidade.
page 144.txt,70,"Seus Dados serão compartilhados com as categorias de terceiros (abaixo) (em conjunto, “Parceiros”) sempre de acordo com essa Política, o termo de uso do respectivo Serviço (quando houver), a legislação aplicável e para os fins abaixo estabelecidos."
page 144.txt,71,"
Patrocinadores e Anunciantes
"
page 144.txt,72,"Para fins de cumprimento de exigências de ações comerciais, promoções ou concursos, no caso de ações comerciais, promoções ou concursos patrocinados por outras empresas ou por meio de parcerias com o Telecine, desde que você tenha concordado em participar de tais ações ou promoções e concursos."
page 144.txt,74,Empresas de pesquisa.
page 144.txt,75,"
Para oferecer um serviço mais adequado ao seu perfil, nós e/ou nossos parceiros de pesquisa entraremos em contato com você para realizar enquetes e pesquisas com o intuito de testar, resolver problemas ou avaliar nossos Serviços."
page 144.txt,77,Empresas Relacionadas.
page 144.txt,78,"
Para (i) identificar produtos e serviços das Empresas Relacionadas que possam ser do seu interesse; (ii) criar um perfil mais personalizado sobre você com o propósito de ajudar a personalizar a sua experiência nos serviços de Empresas Relacionadas; (iii) ofertar publicidade baseada em seus interesses, navegação e consumo; (iv) realizar pesquisas e análises para auxiliar na melhoria dos serviços das Empresas Relacionadas (por exemplo, recomendando a você programas que possam ser do seu interesse); e (v) comunicar ações comerciais, promoções ou concursos conduzidos pelas Empresas Relacionadas e/ou pelo Telecine em parceria com as Empresas Relacionadas."
page 144.txt,79,"Por Empresas Relacionadas entendem-se todas empresas que são ou venham a ser controladas, controladoras, coligadas ou estar sob controle comum do Telecine."
page 144.txt,81,Prestadores de Serviços de Tecnologia da Informação.
page 144.txt,82,"
Para (i) prestar serviços de nuvem para a nossa plataforma; (ii) hospedar os Serviços e conteúdos; e (iii) fornecer suporte técnico e operacional para os Serviços."
page 144.txt,83,"Nestas circunstâncias, seus Dados serão armazenados e processados em plataformas de terceiros, que podem estar localizadas no Brasil ou no exterior."
page 144.txt,85,Prestador de Serviços de Suporte Técnico.
page 144.txt,86,"
Para que terceiros que nos prestem serviços de suporte técnico forneçam assistência aos usuários ou assinantes."
page 144.txt,87,"Nestas circunstâncias, seus Dados serão processados por tais terceiros."
page 144.txt,89,Prestadores de Serviços de Marketing.
page 144.txt,90,"
Para oferecer anúncio relevante ao seu perfil, interesses, navegação e consumo, e-mail marketing, telemarketing, SMS, notificação instantânea (push), contamos com serviços de terceiros."
page 144.txt,91,"
Instituições Financeiras, Provedores de Meios de Pagamento, Integradores de Meios de Pagamento e Empresas de Cartões de Crédito."
page 144.txt,92,"
Para processar o pagamento no caso de você contratar um Serviço pago, vamos compartilhar o seu número de cartão de crédito, dados bancários, dados de cobrança e informações de contato com instituições financeiras, provedores de meios de pagamento, integradores de meios de pagamento e empresas de cartões de crédito."
page 144.txt,94,Parceiros de Análise de Dados e de Crédito.
page 144.txt,95,"
Para confirmar e completar seus Dados, cruzaremos os Dados que você nos fornece com aqueles que você compartilhou com empresas de análise de Dados, inclusive de crédito."
page 144.txt,97,Autoridades Governamentais.
page 144.txt,98,"
Para (i) cumprir determinações legais, judiciais e administrativas e também cumprir ofícios de autoridades competentes e (ii) tomar ou provocar medidas legais, judiciais e administrativas para defender nossos direitos previstos nesta Política e nos Termos de Uso, inclusive em qualquer processo judicial ou administrativo."
page 144.txt,99,"Por Autoridades Governamentais entendem-se autoridades policiais, entidades públicas e/ou outras organizações governamentais."
page 144.txt,101,Entidades de segurança e prevenção a fraudes.
page 144.txt,102,"
Para (i) cumprir obrigação contratual; (ii) exercitar os termos e condições desta Política e/ou dos Termos de Uso e/ou contratos de assinatura aos quais você aceitou; (iii) prevenir atividades ilegais, fraudulentas ou suspeitas; (iv) prevenir problemas técnicos ou de segurança; e (v) denunciar violações e/ou proteger nossos direitos e propriedades."
page 144.txt,104,Parceiros de Mensuração.
page 144.txt,105,"
Para realizar análises de audiência, alcance e relevância e relatório de mensuração dos Serviços."
page 144.txt,107,Parceiros e compradores de novas companhias e/ou ativos.
page 144.txt,108,"
Para venda de negócios, ativos ou participações societárias do Telecine, ou constituição de novas companhias e realização de investimentos."
page 144.txt,110,Parceiros de Negócios.
page 144.txt,111,"
Para (i) aprimorar nossos Serviços; (ii) ampliar nossos negócios; e (iii) desenvolver novos negócios, inclusive negócios que envolvam a prestação de serviços a terceiros de complementação de Dados, para fins de facilitar seu cadastro e melhorar sua experiência nos produtos e serviços dos parceiros."
page 144.txt,113,"O que são cookies e qual sua utilidade
"
page 144.txt,114,"O que são cookies e qual sua utilidade
Cookies são pequenos arquivos de texto enviados e armazenados no seu computador."
page 144.txt,115,"Estes pequenos arquivos servem para reconhecer, acompanhar e armazenar a sua navegação como usuário na Internet."
page 144.txt,116,"
Qual a utilidade dos cookies
"
page 144.txt,117,"O uso de cookies para acompanhar e armazenar informações possibilitará ao Telecine oferecer um serviço mais personalizado, de acordo com as características e interesses de seus usuários, possibilitando, inclusive, a oferta de conteúdo e publicidade específicos para cada pessoa, beneficiando a experiência do usuário na Internet."
page 144.txt,118,"
Em geral, os cookies são utilizados para:"
page 144.txt,119,"
• Proporcionar serviços diferenciados, lembrando quem você é e quais são os seus hábitos de navegação, além de acessar as informações do seu cadastro no Telecine"
page 144.txt,120,;
page 144.txt,121,"
• Calcular a dimensão da audiência do Telecine;"
page 144.txt,122,"
• Acompanhar o andamento de promoções."
page 144.txt,123,"Quando uma promoção organizada pelo Telecine usa cookies, as informações gravadas no cookie indicam a pontuação do usuário;"
page 144.txt,124,"
• Medir certos padrões de navegação, mapeando quais áreas dos portais dos Serviços você visitou e seus hábitos de visita como um todo."
page 144.txt,125,"Usamos essa informação para verificar a rotina de navegação dos nossos usuários, e assim oferecer conteúdo e/ou serviços cada vez mais personalizados; e
• Facilitar e agilizar o preenchimento de formulários."
page 144.txt,126,As informações contidas nos cookies de cada usuário podem ser utilizadas para preencher previamente os formulários de coleta de dados existentes na Internet.
page 144.txt,127,"
Abaixo estão as categorias de cookies que usamos no Telecine."
page 144.txt,129,• Estritamente necessários:
page 144.txt,130,Necessários para o funcionamento do site.
page 144.txt,131,"Eles permitem que você navegue em nossos sites e use os serviços e recursos (por exemplo, cookies de segurança para autenticar usuários, evitar a utilização fraudulenta de credenciais de login e proteger os dados do usuário de terceiros não autorizados)."
page 144.txt,132,"
• Desempenho:"
page 144.txt,133,"Esses cookies normalmente coletam informações de forma anônima e permitem determinar informações, como o número de visitantes de uma página, como os visitantes chegaram ao site e as páginas acessadas."
page 144.txt,134,"
• Funcionalidade:"
page 144.txt,135,"Os cookies desta categoria permitem que o Telecine se lembre de informações sobre o comportamento e preferências do usuário, como, por exemplo, uma cidade escolhida."
page 144.txt,136,"A perda das informações armazenadas em um cookie de preferência pode tornar a experiência no website menos funcional, mas não o impede de funcionar."
page 144.txt,137,"
• Publicidade e direcionamento:"
page 144.txt,138,O Telecine utiliza alguns cookies com o fim publicitário.
page 144.txt,139,Isto se faz para entregar anúncios e fazer campanhas publicitárias de acordo com um determinado público.
page 144.txt,140,Através desses é possível entregar anúncios de acordo com o seu perfil de consumo e navegação no site.
page 144.txt,142,"Utilização de cookies de terceiros
Prestadores de serviços de tecnologia poderão utilizar seus próprios cookies nos Serviços, com a nossa autorização, para prestação de serviços ao Telecine."
page 144.txt,143,Tais cookies coletarão os seus Dados nas nossas propriedades para as finalidades previstas nesta política.
page 144.txt,144,"
Como alterar ou bloquear cookies
"
page 144.txt,145,A maioria dos navegadores é configurada para aceitar automaticamente os cookies.
page 144.txt,146,"Você pode, contudo, alterar as configurações para bloquear cookies ou alertá-lo quando um cookie estiver sendo enviado ao seu dispositivo."
page 144.txt,147,"Existem várias formas de gerenciar cookies, sendo possível criar um bloqueio geral para cookies, bloquear cookies de um site específico e até mesmo bloquear cookies de terceiros em relação a um site."
page 144.txt,148,"Bloquear todos os cookies vai afetar o funcionamento da sua experiência, pois não será possível identificar suas preferências e recomendar conteúdo e publicidade relevantes."
page 144.txt,150,"Consulte as instruções do seu navegador para saber mais sobre como ajustar ou alterar suas configurações, lembrando que a configuração desejada deve ser replicada em todos os dispositivos utilizados para acessar os Serviços (como computadores, smartphones, tablets)."
page 144.txt,151,"Se desejar, consulte abaixo os links para alterar a configuração de cookies nos principais navegadores."
page 144.txt,152,"
• Microsoft Internet Explorer:"
page 144.txt,153,"
https://support.microsoft.com/pt-br/help/17442/windows-internet-explorer-delete-manage-cookies
"
page 144.txt,154,"• Microsoft Edge:
https://privacy.microsoft.com/pt-br/windows-10-microsoft-edge-and-privacy
• Apple Safari:
https://support.apple.com/pt-br/guide/safari/sfri11471/mac
• Google Chrome:
https://support.google.com/chrome/answer/95647?hl=pt-BR
• Mozilla Firefox:"
page 144.txt,155,"
https://support.mozilla.org/pt-BR/kb/ative-e-desative-os-cookies-que-os-sites-usam
• Opera:"
page 144.txt,156,"
https://www.opera.com/help/tutorials/security/privacy/"
page 144.txt,157,"
Como Parceiros poderão coletar Dados sobre você a partir dos serviços"
page 144.txt,159,"Parceiros podem coletar Dados a partir dos Serviços, conforme abaixo:"
page 144.txt,160,"
Dados coletados por Parceiros em nossas propriedades."
page 144.txt,161,"
Nós possuímos"
page 144.txt,162,"Parceiros que incluem tags, pixels, cookies, SDKs em aplicativos e outras ferramentas de monitoramento em nossas propriedades."
page 144.txt,163,"Estas tecnologias permitem acompanhar suas atividades em nossas propriedades (como, por exemplo, mensurar atividades e tendências de uso dos Serviços), para lhe oferecer a melhor experiência de uso de nossos Serviços ou uma publicidade direcionada com frequência de exposição adequada, sempre buscando proporcionar a você uma experiência única e personalizada."
page 144.txt,164,"
Dados coletados por terceiros em suas próprias propriedades."
page 144.txt,165,"
Nós possuímos diversos parceiros, anunciantes e/ou patrocinadores que criam e oferecem a você bens e serviços, além de sorteios, ações comerciais e promoções através das suas próprias propriedades que são acessadas a partir dos Serviços."
page 144.txt,166,"Os Dados que você fornece quando visita e/ou completa transações nesses sites de terceiros são solicitados e obtidos por esses parceiros, anunciantes e/ou patrocinadores, estando assim sujeitos às suas próprias práticas de tratamento de Dados."
page 144.txt,167,"Para obter informações sobre as normas de tratamento de Dados desses parceiros, anunciantes e/ou patrocinadores, recomendamos que você consulte as respectivas políticas de privacidade no próprio site do parceiro, anunciante e/ou patrocinador."
page 144.txt,168,"
Onde armazenamos, tratamos e transferimos seus Dados
"
page 144.txt,169,"Você consente que os seus Dados poderão ser transferidos, armazenados e tratados no Brasil ou em território estrangeiro pelo Telecine ou por Parceiros, de acordo com essa Política."
page 144.txt,170,"Onde quer que seus Dados sejam transferidos, armazenados ou tratados por nós ou por nossos Parceiros, saiba que tomaremos as medidas técnicas e organizacionais de segurança e confidencialidade e as proteções para garantir um nível adequado de proteção de Dados (consulte a seção “"
page 144.txt,171,Como mantemos a segurança dos seus Dados” abaixo).
page 144.txt,172,"
Como mantemos a segurança dos seus Dados
"
page 144.txt,173,O Telecine implementa controles de segurança para proteger seus Dados.
page 144.txt,174,"Adotamos práticas alinhadas aos padrões técnicos e regulatórios de mercado para segurança e privacidade de Dados, com ações em tecnologia e nos processos organizacionais."
page 144.txt,175,"
Nossas medidas para preservar seus Dados contra acesso, uso, alteração, divulgação ou destruição não autorizados incluem a proteção física e lógica dos ativos, comunicações criptografadas, gestão sobre os acessos, adesão ao desenvolvimento seguro de software e políticas internas de conformidade que inserem a segurança no ciclo de vida dos nossos Serviços."
page 144.txt,176,"
Todos esses controles são sempre revisados para acompanhar e reagir a novas ameaças na Internet."
page 144.txt,177,"Ainda assim, não é possível garantir que os nossos Serviços sejam completamente invioláveis."
page 144.txt,178,Mas fique tranquilo:
page 144.txt,179,"contamos com equipes preparadas para detectar e responder prontamente, no caso da ocorrência de algum evento ou incidente que comprometa a segurança dos seus Dados ou de nossos Serviços."
page 144.txt,180,"
Como podemos avisar você sobre alterações na Política"
page 144.txt,182,Estamos sempre melhorando nossa Política e as mudanças serão refletidas nesta página.
page 144.txt,183,"Então, antes de usar um de nossos Serviços dê uma olhadinha aqui."
page 144.txt,184,"Você sempre será avisado sobre qualquer alteração, seja através de aviso nos Serviços, pelo envio de e-mail, SMS, notificação instantânea (push) ou através de outros meios."
page 144.txt,185,"Quando publicarmos alterações na Política, atualizaremos a data em que a última alteração foi publicada (consulte a seção “Data da última alteração” abaixo)."
page 144.txt,186,"Lembre-se: Ao continuar a acessar os Serviços depois que tais alterações passarem a valer, você estará concordando em estar vinculado à nova versão da Política."
page 144.txt,187,"
Como entrar em contato
"
page 144.txt,188,"Se você tiver qualquer dúvida ou questionamento sobre nossa Política ou sobre o tratamento dos seus Dados pelo Telecine, entre em contato conosco pelo SAC - https://ajuda.telecineplay.com.br/."
page 144.txt,189,Essa Política é um processo contínuo para proteger e utilizar suas informações da maneira mais segura e ética.
page 144.txt,190,Totalmente pensado para você.
page 144.txt,191,"Por isso é tão importante para gente incluir você, ouvir de você, conhecer suas impressões sobre o que conversamos aqui."
page 144.txt,193,Data da última alteração:
page 144.txt,194,07/08/2020
