Document,Parag_number,Paragraph_Text
page 561.txt,0,GOGOLOOK
page 561.txt,1,Co.
page 561.txt,2,", Ltd. (doravante referida como a ""Companhia"") disponibiliza a ""Política de Privacidade Whoscall"" (doravante denominada ""Política"") para ajudá-lo a entender nossa política e procedimento para coleta, uso e divulgação de informações pessoais, dados acessados por nós dos usuários do website do Whoscall https://whoscall.com/ (o ""Site"") e dos serviços ou software fornecidos por ele (o ""Serviço Whoscall"", incluindo, entre outros, os ""Aplicativos Whoscall"" e o serviço relacionado ou a série de software lançada por nós)."
page 561.txt,4,"Consulte os Termos de Uso do ""Serviço Whoscall"" em https://whoscall.com/pt-BR/support/terms/, para que você possa encontrar mais informações sobre como gerenciar os dados que você deseja enviar para o ""Serviço Whoscall""."
page 561.txt,6,"Esta ""Política"" é aplicável aos dados submetidos pelos usuários para nós através do ""Serviço Whoscall"" e as informações abertas exibidas por nós na interface do usuário quando o usuário acessa o ""Serviço Whoscall""."
page 561.txt,8,"Esta ""Política"" é aplicável apenas aos dados enviados pelos usuários através do ""Serviço Whoscall""."
page 561.txt,10,"Esta ""Política"" pode ser alterada de tempos em tempos."
page 561.txt,11,"No caso de qualquer alteração material na Política, publicaremos a nova Política no ""Site"" ou notificaremos você através do ""Aplicativo Whoscall""."
page 561.txt,12,"Sugerimos que você visualize a ""Política"" periodicamente com o objetivo de confirmar se ocorreu alguma alteração na Política."
page 561.txt,14,"Salvo disposição em contrário nesta ""Política"", os termos aqui utilizados, no singular e no plural, terão o significado definido nos Termos de Uso do ""Serviço Whoscall""."
page 561.txt,16,Dados coletados pela “Companhia”.
page 561.txt,17,A “Companhia” coletará dados do “Usuário Whoscall” para disponibilizar os mesmos ao “Site” e ao “Serviço Whoscall” para melhorar a eficiência e permitir que o “Membro” e o “Utilizador Não Registado” administre e utilize o “Serviço Whoscall”.
page 561.txt,18,Os dados coletados pela “Companhia” incluem “Dados do Usuário” e “Identificador de Chamadas”.
page 561.txt,19,“
page 561.txt,20,"Dados do Usuário” significam as informações armazenadas no seu telefone que são transmitidas através do seu sistema operacional e navegador por autoridade de acesso, e as informações que você escolhe para serem carregadas no “Serviço Whoscall” mediante o seu consentimento para a Otimização da Experiência do Usuário do “Serviço Whoscall” destina-se a melhorar e desenvolver serviços relacionados, incluindo, entre outros, seu próprio número de telefone e registros de pesquisa, o ID e o local do dispositivo usado no “Serviço Whoscall” e o registro de pesquisa das palavras-chave que você pode usar no “Serviço Whoscall” e seu histórico de compras no serviço."
page 561.txt,21,"Enquanto isso, para identificar os visitantes do Whoscall que visitam ou acessam seu dispositivo, você deverá enviar sua lista de pessoas de contato, lista de favoritos e lista bloqueio, para ajudar o “Serviço Whoscall” a fornecer feedback imediatamente para pesquisa e identificação do “Identificador de Chamadas”."
page 561.txt,22,"Além disso, quando o “Usuário Whoscall” relata algum problema sobre o programa e retrata qualquer assunto relacionado através do “"
page 561.txt,23,Reportar
page 561.txt,24,"outro problema” ou outras funções de transmissão no “Whoscall App”, o “Serviço Whoscall” poderá utilizar as informações pessoais e as mensagens privadas enviadas pelo usuário aqui (incluindo, mas não se limitando a informações do aparelho, registro de chamadas e mensagens etc.), como referência importante para a investigação e identificação do problema existente, melhoria da qualidade básica do serviço e futuras pesquisas e desenvolvimentos de novas funções."
page 561.txt,26,Informações dos Contatos.
page 561.txt,27,"Para utilizar de forma completa os serviços principais do Whoscall, você deve primeiro concordar em compartilhar informações dos seus contatos, como nomes e números."
page 561.txt,28,Isso vai nos ajudar a ativar a função de identificação de quem está ligando e otimizar nossos serviços anti-SPAM.
page 561.txt,29,Whoscall nunca compartilhará nenhuma de suas informações pessoais com terceiros.
page 561.txt,30,"O Whoscall é responsável pela segurança dos dados do usuário, assim, utilizamos a tecnologia de criptografia dupla: AES, um algoritmo de criptografia simétrico na extremidade do usuário e sessões criptografadas SSL durante a transferência de dados."
page 561.txt,31,Todas as suas informações de usuário fornecidas serão compiladas em dados de análise estatística anônima que não são identificáveis.
page 561.txt,32,Somos muito rigorosos com os dados do usuário e protegeremos sua privacidade e segurança a todo custo.
page 561.txt,33,Whoscall nunca venderá ou divulgará ilegalmente seus dados a terceiros.
page 561.txt,34,Algumas permissões são solicitadas apenas para fornecer um serviço melhor e mais robusto.
page 561.txt,35,"Você pode cancelar e se recusar a continuar a fornecer qualquer permissão a qualquer momento que desejar, mas o escopo completo dos serviços do produto será limitado como resultado."
page 561.txt,36,"
“Identificador de chamadas"
page 561.txt,37,"” significa o conteúdo enviado por sua escolha (incluindo, entre outros, as informações que você nos envia voluntariamente) e qualquer outra informação que você fornecer à Gogolook para o ID de um “Usuário Whoscall”."
page 561.txt,38,"Você concorda que a “Companhia” pode revisar e ler o “Formato SMS de Identificação de Chamadas” em seu telefone, para fornecer a você as informações sobre o operador de telecomunicações que fornece serviços ao seu interlocutor."
page 561.txt,39,Esses dados serão exibidos no “
page 561.txt,40,"Identificador de Chamadas” “Whoscall” na forma de seu número de telefone, incluindo, mas não limitado"
page 561.txt,41,"a: seu nome, número de telefone e qualquer outra informação de contato que você fornecer."
page 561.txt,42,"
A “Companhia” coletará dados do “Usuário Whoscall” para disponibilizar os mesmos ao “Site” e ao “Serviço Whoscall” para melhorar a eficiência e permitir que o “Membro” e o “Usuário Não Registrado” gerenciem e usem o “Serviço Whoscall”."
page 561.txt,43,Os dados coletados pela “Companhia” incluem “Dados do Usuário” e “Identificador de Chamadas”.
page 561.txt,44,"
No processo de uso do “Serviço Whoscall”, os dados que a “Companhia” solicitará incluirão alguns dados que seriam identificados como “Dados Pessoais”."
page 561.txt,45,"“Dados Pessoais” incluem, mas não se limitam a, seu nome, número de telefone, caixa de e-mail, número de cartão de crédito ou outras informações de nota de débito, bem como seu endereço residencial e endereço de e-mail."
page 561.txt,46,"Alguns “Dados Pessoais” devem ser fornecidos para o uso do “Serviço Whoscall”, mas você também pode optar por fornecer “Dados Pessoais” adicionais em seus “Dados de Identificador de Chamadas Whoscall”."
page 561.txt,47,"Você entende que, quando deixar de fornecer alguns “Dados Pessoais” conforme necessário, o “Serviço Whoscall” não poderá executar a função Serviço, no todo ou em parte."
page 561.txt,48,"
A “Companhia” pode solicitar outros dados, por exemplo seu código postal e suas preferências pessoais, que geralmente são identificados como “Dados não Identificáveis”, pois tais dados, por si só, não podem permitir identificar seu ID expressamente."
page 561.txt,49,"Não obstante, se os “Dados não Identificáveis” puderem ser combinados da maneira suficiente para identificar seu ID direta ou indiretamente (por exemplo, combinação de seu número de rua e código postal), os dados relevantes serão identificados como parte de seus “Dados Pessoais”."
page 561.txt,50,“.
page 561.txt,51,"
A “Companhia” usa seus “Dados Pessoais” (em algumas circunstâncias, combinados com “Dados Não Identificáveis”) para fornecer o “Serviço Whoscall” e responder principalmente à sua pesquisa."
page 561.txt,52,"
Enquanto isso, também podemos usar seus “Dados Pessoais” e “Dados"
page 561.txt,53,Não Identificáveis”
page 561.txt,54,"para combiná-los com os dados coletados de outros “Usuários Whoscall” no sistema interno, para fornecer a você uma melhor experiência ou aprimorar a qualidade do Whoscall e ajudar você a entender como usar nossos serviços, ou se dedicar a fornecer serviços específicos, por envio de avisos de administração para você, ou fornecimento de produtos para você, dependendo de suas preferências ou restrições pessoais."
page 561.txt,56,Dados técnicos.
page 561.txt,57,"Quando você acessa o “Site” ou interage com algum serviço fornecido por nós, ou você recebe, ou informa, algumas informações públicas pela “Companhia” sobre o seu acesso ao “Serviço Whoscall”, como “Membro”, “Usuário Não Registrado” ou “Visitante Whoscall”, nosso servidor registrará automaticamente alguns dados recebidos ou transmitidos do seu navegador, para que possamos manter o registro das informações acessadas ou recebidas por você devido ao acesso aos serviços."
page 561.txt,58,"Ao fazer isso, a “Companhia” pode melhorar o “Serviço Whoscall” e também garantir que o serviço esteja disponível para você e atenda às suas preferências pessoais."
page 561.txt,59,A “Companhia” também agradece seu apoio à otimização e à experiência do “Serviço Whoscall”.
page 561.txt,60,"
Enquanto isso, podemos também coletar seu endereço IP e informações detalhadas sobre o seu navegador, bem como o cookies armazenados no seu navegador (arquivo de texto pequeno) ou itens, tipos e freqüências das informações fornecidas pelo “Serviço Whoscall” para você, para nos ajudar a estudar e coletar estatísticas de informações pessoais não identificáveis, de modo a atualizar a qualidade do “Serviço Whoscall” e personalizar o Serviço (incluindo, mas não se limitando a, anúncios e conteúdos relacionados à sua preferência)."
page 561.txt,61,"Se você não aceitar cookies ou o registro de informações, poderá optar por deixar de aceitar o programa por meio do canal de atendimento do cliente, mas talvez não consiga usar o “Serviço Whoscall” no todo ou em parte."
page 561.txt,62,"
Para fins de manutenção, vincularemos as informações de usuário coletadas por nós ao nosso servidor ou ao servidor central gerenciado por um subcontratado de terceiros e integraremos, incluindo, sem limitação, as informações sobre o endereço IP do usuário, o sistema operacional, o navegador de internet, tipo e edição de banco de dados, e as informações fornecidas pelo “Serviço de Whoscall” aos usuários, a fim de inserir as informações semelhantes que possam ser necessárias pelos usuários como referência de valor agregado durante o acesso ao “Site”."
page 561.txt,64,Funcionalidades do telefone celular.
page 561.txt,65,"Quando você utiliza o “Aplicativo Whoscall” deverá fornecer acesso à algumas funcionalidades do seu telefone celular para que o “Serviço Whoscall” funcione adequadamente, sendo elas: (1) acesso para ver e enviar mensagens SMS; (2) acesso para fazer e gerenciar chamadas telefônicas; (3) acesso aos contatos; (4) acesso à geolocalização (GPS); (5) autorização para funcionar em segundo plano;"
page 561.txt,66,e (6) autorização para sobrepor outros aplicativos.
page 561.txt,67,"
Outros telefones celulares."
page 561.txt,68,O “Serviço Whoscall” é aplicável apenas ao telefone celular de propriedade e usado por você.
page 561.txt,69,A “Companhia” enviará uma mensagem para o seu celular para notificá-lo da senha para garantir que você possui o número de telefone acessível ao “Serviço Whoscall”.
page 561.txt,70,"
Você concorda que quaisquer mensagens ou comentários e sites relacionados que você compartilhe no blog de negócios ou na aplicação da “Companhia” podem ser divulgados ao público."
page 561.txt,71,Quaisquer dados que você escolher fornecer em suas mensagens ou comentários refletirão o nível de informações que você espera que os outros usuários saibam sobre você.
page 561.txt,72,A “Companhia” sugere que você use um nome anônimo e proteja dados confidenciais.
page 561.txt,73,"Enquanto isso, a “Companhia” também incentiva os “Usuários Whoscall” a pensar cuidadosamente em seus dados pessoais para serem divulgados em suas mensagens ou comentários."
page 561.txt,75,Compilação de dados e dados não identificáveis.
page 561.txt,76,A “Companhia” combinará seus “Dados do Usuário” e “Identificador de Chamadas” com os outros dados dos “Usuários Whoscall” nos “Dados Compilados” anônimos.
page 561.txt,77,"Todos os “Dados Pessoais” incluídos nos “Dados Compilados” serão separados e criptografados, e todos os registros relacionados serão substituídos por números aleatórios."
page 561.txt,78,"Na base de dados Whoscall, a “Companhia” dedica-se a completar a ocultação da identificação do usuário com uma série de códigos de dígitos longos, livres de características pessoais identificáveis."
page 561.txt,79,"Todos os dados sobre “Visitantes Whoscall” usados, pesquisados ou acessados por você serão identificados e registrados da mesma maneira e serão analisados, classificados e identificados com base nos dados sobre os “Usuários Whoscall” representados por uma série de códigos de dígitos longos."
page 561.txt,80,"Observe que o “Serviço Whoscall” não registrará, coletará ou salvará seu registro de chamada para que o risco sobre seu uso de dados não seja aumentado ou seu uso de dados seja afetado negativamente."
page 561.txt,81,"
A “Companhia” manterá os “Dados Compilados”, “Dados Não Identificáveis” e os registros entre um terceiro para fins de análise, para que a “Companhia” possa continuar a aprimorar a qualidade do “Serviço Whoscall”."
page 561.txt,82,"Não obstante, a “Companhia” não compartilhará seus “Dados Pessoais” com terceiros para qualquer finalidade."
page 561.txt,84,Podemos também partilhar os “Dados
page 561.txt,85,"Não Identificáveis” com os nossos parceiros, como publicadoras, publicidade ou sítios relacionados."
page 561.txt,86,"Por exemplo, podemos partilhar a informação publicamente para mostrar tendências sobre a utilização geral dos “Aplicativos Whoscall” e do “Serviço Whoscall”, ou de aplicativos de terceiros."
page 561.txt,88,Provedor de serviço.
page 561.txt,89,A “Companhia” pode manter um provedor de serviços terceirizado para ajudá-la a gerenciar e fornecer o “Serviço Whoscall”.
page 561.txt,90,"Não obstante, a menos que o provedor de serviços seja solicitado a executar os “Dados Pessoais” envolvendo o serviço específico com o qual você já concorda, a “Companhia” não permitirá que o provedor de serviços acesse ou contate seus “Dados Pessoais” quando os dados não forem criptografados."
page 561.txt,91,"Por exemplo, se você receber um e-mail do “Serviço Whoscall”, o provedor de serviços de gerenciamento de e-mail comissionada pela “Companhia” terá a chance de acessar seu endereço de e-mail."
page 561.txt,92,"A “Companhia” exigirá que o provedor de serviços assuma e garanta por escrito que não usará os “Dados Pessoais” acessados ou contatados por eles sem permissão do seu titular ou em desacordo com a legislação vigente, ou para quaisquer outros fins."
page 561.txt,93,"
Para melhorar a qualidade do “Serviço Whoscall”, você concorda que a “Companhia” pode disponibilizar seus “Dados Pessoais” para os desenvolvedores técnicos externos que celebraram o contrato de não divulgação com a “Companhia”."
page 561.txt,95,Conformidade com a legislação em vigor e sua aplicação.
page 561.txt,96,"A fim de cumprir a legislação em vigor, proteger a propriedade e o direito da “Companhia” ou de terceiros, manter a segurança pública ou individual, ou impedir quaisquer atividades potencialmente contrárias à legislação em vigor e à ética, se for exigido por lei e for necessário, a “Companhia” terá o direito de disponibilizar quaisquer dos seus dados aos órgãos governamentais competentes, funcionários responsáveis pela aplicação da lei ou quaisquer terceiros permitidos por lei."
page 561.txt,98,Transferência de negócios.
page 561.txt,99,"No caso de fusão, aquisição, reorganização, venda de ativos ou falência, a “Companhia” não impedirá que seus negócios sejam vendidos, cedidos ou transferidos de qualquer outra maneira, no todo ou em parte, para que as informações comerciais, incluindo seus “Dados Pessoais” e “Dados do Usuário” ou “Identificador de Chamadas” podem ser acessados ou recebidos por terceiros."
page 561.txt,101,"O usuário que desejar excluir ou ocultar seu “Identificador de Chamadas” deve enviar um e-mail para privacy@gogolook.com e, em seguida, seguir o procedimento e apresentar um pedido de instruções."
page 561.txt,102,"
A “Política” pode ser alterada de tempos em tempos."
page 561.txt,103,"Se for o caso, o Whoscall publicará a nova política no “Site” ou o notificará através do “Serviço Whoscall”."
page 561.txt,104,As alterações entrarão em vigor imediatamente na data efetiva designada quando a nova política for promulgada.
page 561.txt,105,Seu acesso contínuo aos diversos serviços prestados pela “Companhia” e programas de aplicativos para serviços relacionados se constituirá em sua concordância com as alterações e no compromisso de cumprir as alterações.
page 561.txt,106,"Se você não concordar com as alterações, deverá parar de acessar todos os serviços e programas de aplicativos relacionados fornecidos pela “Companhia”."
page 561.txt,107,Sugerimos que você verifique a “Política” periodicamente para garantir a tomada de conhecimento de eventual alteração desta.
page 561.txt,108,"
A “Companhia” se preocupa com a proteção de seus “Dados Pessoais”."
page 561.txt,109,"Para proteger seus dados contra acesso não autorizado, a “Companhia” aplicará os padrões de segurança, hardware e equipamentos eletrônicos exigidos pela legislação local aplicável na jurisdição onde a “Companhia” está localizada."
page 561.txt,110,"
Seus dados podem ser transmitidos e armazenados em qualquer computador localizado em territórios que não sejam o território, a província (estado) ou o país em que você está localizado ou em quaisquer outras jurisdições onde nenhuma proteção de privacidade seja aplicável, como em sua localização."
page 561.txt,111,"Se você estiver em qualquer outro país que não seja Taiwan e optar por fornecer seus “Dados Pessoais” à “Companhia”, os dados relevantes serão transmitidos diretamente para Taiwan e processados em Taiwan."
page 561.txt,112,"Se você concordar com a “Política de Privacidade” da “Companhia” e enviar os dados, você concorda com essa transmissão internacional de dados, bem como com a legislação aplicável em Taiwan para proteção dos “Dados Pessoais”."
page 561.txt,114,O “Site” pode incluir links para outros websites da “Companhia” ou de terceiros com quem a “Companhia” não mantenha qualquer relação societária.
page 561.txt,115,"O acesso da “Companhia” a algum website ou exibição de algum anúncio não representa qualquer afiliação com terceiros, ou reconhecimento, licença ou representação entre a “Companhia” e o referido terceiro."
page 561.txt,116,A “Companhia” não tem controle sobre o website de terceiros.
page 561.txt,117,"Portanto, quando você visitar outros websites através do “Site” ou do “Serviço Whoscall”, a “Companhia” espera que você leia as políticas ou declarações de privacidade destes cuidadosamente antes de enviar os seus “Dados Pessoais”."
page 561.txt,118,"
Caso envie seus “Dados Pessoais” a qualquer destes websites não relacionados à “Companhia”, a proteção da sua informação será regida pelas suas declarações de privacidade dos titulares dos respectivos websites, estando a “Companhia” isenta de qualquer responsabilidade sobre eles."
page 561.txt,119,"
A “Companhia” se preocupa com roubo de identidade e “Sites Falsos”."
page 561.txt,120,A “Companhia” considera a proteção dos seus “Dados Pessoais” como a primeira prioridade.
page 561.txt,121,"A “Companhia” nunca solicitará as informações do seu cartão de crédito, conta e ID, senha ou número de identificação nacional ou códigos identificáveis equivalentes por meio de um número de telefone ou e-mail desconhecido ou inseguro, agora ou no futuro."
page 561.txt,123,"Não obstante, caso tenha alguma dúvida sobre nossa Política de Privacidade, envie um e-mail para:"
page 561.txt,124,"privacy@gogolook.com
"
page 561.txt,125,A “Companhia” não coleta informações pessoais de qualquer criança com menos de 13 (treze) anos de idade intencionalmente.
page 561.txt,126,"Ademais, a utilização dos “Serviços Whoscall” é restrita às pessoas naturais absolutamente capazes de exercer os atos da vida civil."
page 561.txt,127,"Se os pais ou responsáveis de alguma criança acharem que as crianças já forneceram suas informações pessoais à “Companhia” sem a sua aprovação, deverão entrar em contato conosco através do e-mail service@gogolook.com."
page 561.txt,128,"Se a “Companhia” encontrar qualquer informação pessoal fornecida por crianças com menos de 13 (treze) anos de idade em sua base de dados, a “Companhia” poderá excluir todos os documentos relacionados a esta criança, entretanto, tal direito não configura uma obrigação da “Companhia” excluir os dados pessoais ou impedir que crianças menores de 13 (treze) anos de idade forneçam suas informações pessoais à “Companhia”."
page 561.txt,129,"
Esta “Política” tem natureza acessória dos Termos de Uso do “Serviço Whoscall” (https://whoscall.com/pt-BR/support/terms/) e, portanto, obedece estritamente ao estabelecido nos referidos Termos de Uso."
page 561.txt,130,"Assim, recomendamos que o “Usuário Whoscall” leia atentamente ao disposto nesta “Política” e nos Termos de Uso, antes de aderir às suas normas e condições."
page 561.txt,131,"
Em caso de conflito entre as disposições desta “Política” e os Termos de Uso, prevalecerão as disposições previstas nos Termos de Uso."
page 561.txt,133,"Revised on May 5, 2020"
