Document,Parag_number,Paragraph_Text
page 80.txt,0,"Política de Privacidade
"
page 80.txt,1,"Nosso compromisso é respeitar sua privacidade e garantir o sigilo de todas as informações que você nos fornece, através de nosso site www.buscape.com.br/ e do aplicativo “Buscapé: ofertas, descontos e promoções”."
page 80.txt,2,"Por isso, com o objetivo de fornecer informações claras e precisas aos Titulares acerca do tratamento de dados pessoais, apresentamos nossa política de privacidade (“Política de Privacidade”)."
page 80.txt,3,"
A NAVEGAÇÃO E USO DESTE SITE SIGNIFICA"
page 80.txt,4,QUE
page 80.txt,5,O USUÁRIO CONCORDA
page 80.txt,6,COM OS TERMOS E SERVIÇOS
page 80.txt,7,OFERECIDOS
page 80.txt,8,NESTA POLÍTICA
page 80.txt,9,DE
page 80.txt,10,PRIVACIDADE.
page 80.txt,12,Tratamento dos dados pessoais
page 80.txt,13,"
1."
page 80.txt,14,"Coleta e Uso
1.1."
page 80.txt,15,Coletamos o mínimo necessário.
page 80.txt,16,"Para seu cadastro, solicitamos informações como nome e e-mail."
page 80.txt,17,"Utilizamos seu e-mail, apenas quando autorizado por você, para comunicar promoções de produtos e serviços."
page 80.txt,18,"
1.2."
page 80.txt,19,O Buscapé permite ao Titular dos dados pessoais a consulta facilitada de forma gratuita através de seu usuário e senha cadastrados em nosso site.
page 80.txt,20,"
1.3."
page 80.txt,21,Todos os dados cadastrados em nosso site são utilizados apenas para melhorar sua experiência de navegação e mantê-lo atualizado sobre nossas promoções e vantagens oferecidas pelo site e todos os produtos oferecidos pelo Buscapé e suas empresas parceiras.
page 80.txt,22,"
2."
page 80.txt,23,"Cookies
2.1."
page 80.txt,24,"No Buscapé, o uso de cookies é feito apenas para reconhecer um visitante constante e melhorar a experiência de navegação e usabilidade."
page 80.txt,25,Os cookies são pequenos arquivos de dados transferidos de um site da web para o disco do seu computador.
page 80.txt,26,"
2."
page 80.txt,27,"Envio de e-mails
2.1."
page 80.txt,28,"Após o seu cadastro, o www.buscape.com.br envia um e-mail solicitando a confirmação da sua inscrição, e nunca envia e-mails com anexos executáveis (extensão exe, com, scr, bat) e links para download."
page 80.txt,29,"
2.2."
page 80.txt,30,"Nossos e-mails com promoções têm como remetente o buscape@envios.buscape.com.br e são enviados uma vez por dia, de segunda à sábado."
page 80.txt,31,Nosso link para atendimento e dúvidas é https://www.buscape.com.br/atendimento.
page 80.txt,32,"
2.3."
page 80.txt,33,Os links de nossos e-mails levam diretamente para owww.buscape.com.br ou para empresas parceiras.
page 80.txt,34,"
2.4."
page 80.txt,35,"Nunca forneça a senha de seu cadastro a terceiros e, no caso de uso não autorizado, acesse imediatamente o Buscapé e altere sua senha em “esqueci minha senha”."
page 80.txt,36,"
4."
page 80.txt,37,Compartilhamento de Dados Pessoais
page 80.txt,38,"
4.1."
page 80.txt,39,"O Buscapé pode compartilhar seus dados pessoais com empresas parceiras de negócio com o objetivo de fornecer a você as melhores ofertas de produtos e serviços, desenvolver e aprimorar sua experiência no Buscapé, inclusive para oferecer novos produtos e serviços ou em circunstâncias específicas como processos judiciais, investigações, ou advindas de lei, incluindo requisições de autoridades e órgãos governamentais."
page 80.txt,40,"
4.2."
page 80.txt,41,"O Buscapé não vende, troca ou aluga informações pessoais dos seus usuários."
page 80.txt,42,"Nós podemos utilizar informações genéricas sobre o perfil dos nossos visitantes, sem expor nenhuma informação pessoal, resguardando assim, a identidade dos nossos usuários com os nossos parceiros comerciais."
page 80.txt,43,"
5."
page 80.txt,44,"Segurança da Informação
5.1."
page 80.txt,45,"Tomamos medidas de segurança técnicas e organizacionais adequadas para protegermos seus dados pessoais contra acesso, alteração, divulgação ou ainda destruição não autorizada dos dados."
page 80.txt,46,"Essas medidas incluem análises internas de nossas práticas de coleta, armazenamento e processamento de dados e medidas de segurança, incluindo criptografia e medidas de segurança física apropriadas para nos proteger contra o acesso não autorizado a sistemas em que armazenamos os dados pessoais."
page 80.txt,47,"
5.2."
page 80.txt,48,Nosso site utiliza uma tecnologia avançada de segurança.
page 80.txt,49,"Todo o tráfego de dados é feito com as informações criptografadas, que é um método padrão usado na Internet para proteger as comunicações entre os usuários da Web e os sites, fornecendo uma navegação segura."
page 80.txt,50,"
5.3."
page 80.txt,51,"Limitamos o acesso às informações pessoais aos funcionários, contratantes e agentes do Buscapé que precisam ter conhecimento dessas informações para processá-las em nosso nome."
page 80.txt,52,"Essas pessoas estão comprometidas com obrigações de confidencialidade e podem ser submetidas a punições, incluindo rescisão de contrato e processo criminal, caso não cumpram essas obrigações."
page 80.txt,53,O Buscapé não cadastra nenhum usuário sem sua devida permissão.
page 80.txt,54,"
6."
page 80.txt,55,Retenção e Término de Dados Pessoais
page 80.txt,56,"
6.1."
page 80.txt,57,O Buscapé armazena seus dados pessoais pelo tempo exigido por lei ou pelo tempo que for necessário para preservar o legítimo interesse do Buscapé.
page 80.txt,58,"Dessa forma, trataremos seus dados, por exemplo, durante os prazos prescricionais aplicáveis ou enquanto necessário para cumprimento de uma obrigação legal ou regulatória."
page 80.txt,59,"
6.2."
page 80.txt,60,O término do tratamento de dados pessoais poderá ocorrer quando o Titular exercer seu direito de solicitar o fim do tratamento e a exclusão de seus dados pessoais ou quando houver determinação legal neste sentido.
page 80.txt,61,"
7."
page 80.txt,62,"Direitos dos Titulares dos Dados Pessoais
7.1"
page 80.txt,63,"A lei de proteção de dados prevê aos Titulares direitos em relação aos seus dados pessoais, quais sejam:"
page 80.txt,64,"
- a)"
page 80.txt,65,Solicitar o acesso aos dados pessoais e a confirmação da existência de tratamento de dados pessoais;
page 80.txt,66,"
- b) Solicitar a correção de dados incompletos, inexatos ou desatualizados;"
page 80.txt,67,"
- c) Solicitar a portabilidade dos dados pessoais a outro fornecedor de serviço ou produto;
- d)"
page 80.txt,68,"Solicitar a anonimização ou eliminação dos dados pessoais, em circunstâncias específicas;"
page 80.txt,69,"
- e)"
page 80.txt,70,"Se opor as atividades de tratamento de seus dados pessoais e revogar o consentimento, quando o Buscapé tratar seus dados pessoais com base no consentimento."
page 80.txt,71,"
7.2."
page 80.txt,72,O consentimento pode ser revogado a qualquer momento pelo Titular dos dados para:
page 80.txt,73,"
- (i) Deixar de receber alertas:"
page 80.txt,74,em “Sua conta” desmarcando a opção
page 80.txt,75,“ALERTAS DE PREÇO”.
page 80.txt,76,"
- (ii) Deixar de receber novidades e promoções:"
page 80.txt,77,em “Sua conta” desmarcando a opção “NOVIDADES E PROMOÇÕES”.
page 80.txt,78,"
- (iii) Deixar de receber e-mails: clicando na seguinte frase:"
page 80.txt,79,"“Para não receber mais nossos e-mails, acesse o link."
page 80.txt,80,” que se localiza no início e no rodapé de todos os e-mails enviados.
page 80.txt,81,"Se tiver algum problema ao se descadastrar, entre em contato através do link: https://www.buscape.com.br/atendimento."
page 80.txt,82,"
8."
page 80.txt,83,"Disposições Gerais
8.1."
page 80.txt,84,Esta Política de Privacidade pode ser alterada periodicamente.
page 80.txt,85,"Publicaremos todas as alterações da Política de Privacidade no endereçohttps://www.buscape.com.br/politica-de-privacidade, se as alterações forem significativas, colocaremos um aviso com mais destaque, incluindo, para alguns serviços, notificação por e-mail das alterações da Política de Privacidade."
page 80.txt,86,"
8.2."
page 80.txt,87,"Se você tiver qualquer dúvida em relação a esta Política de Privacidade ou a respeito da forma como o Buscapé trata seus dados pessoais, entre em contato pelo e-mail:dpo@buscape.com.br
"
page 80.txt,88,"Esta é a 2ª versão da Política de Privacidade, publicada em 09 de outubro de 2020."
