Document,Parag_number,Paragraph_Text
page 370.txt,0,O ToqueFácil se preocupa em garantir a segurança e privacidade de seus usuários.
page 370.txt,1,"Sendo assim, desenvolvemos uma política de privacidade que descreve a maneira como as informações pessoais de nossos usuários são colhidas e tratadas, observando as regras previstas no Marco Civil da Internet (Lei 12.965/14), na Lei Geral de Proteção de Dados (Lei 13.709/18) e os requisitos de privacidade do Google Play."
page 370.txt,2,Esta política pode ser alterada a qualquer momento e sem aviso prévio.
page 370.txt,3,Recomendamos que o usuário faça sua constante verificação.
page 370.txt,4,"

Para preservar a privacidade de seus usuários, o ToqueFácil adota como política não revelar ou divulgar informações pessoais sem a expressa autorização dos mesmos, exceto para: cumprir determinação prevista em lei; avisar e fornecer informações às autoridades competentes em caso de invasão do banco de dados ou qualquer outra atividade ilegal; proteger direitos e interesses do ToqueFácil, dos demais usuários deste website e de terceiros de boa-fé"
page 370.txt,5,"; fornecer dados estatísticos, em caráter genérico, sobre o acesso e a utilização das informações disponibilizadas no website;"
page 370.txt,6,ou realizar ações de marketing direto do próprio ToqueFácil.
page 370.txt,8,O USUÁRIO CONCORDA QUE
page 370.txt,9,A COLETA DE DADOS
page 370.txt,10,"PARA USO, ARMAZENAMENTO E TRATAMENTO DE INFORMAÇÕES PELO WEBSITE"
page 370.txt,11,É UTILIZADA
page 370.txt,12,COM
page 370.txt,13,O ÚNICO OBJETIVO DE TORNAR
page 370.txt,14,"OS SERVIÇOS, PRODUTOS, CONTEÚDO EDITORIAL"
page 370.txt,15,E PUBLICITÁRIO
page 370.txt,16,CADA VEZ MAIS FIÉIS ÀS SUAS NECESSIDADES.
page 370.txt,18,"O ToqueFácil informa que não coleta os chamados ""dados sensíveis"", assim tratados pela Lei Geral de Proteção de Dados referentes à origem racial ou étnica, religião, opinião política, vida sexual e saúde dos usuários do website."
page 370.txt,19,"

Todos os dados que o usuário fornecer ao website ToqueFácil, exceto os dados compartilhados, estarão protegidos a fim de assegurar sua privacidade e autenticidade, à medida que trafegar pela Internet."
page 370.txt,20,"Todavia, o website não garante a plena segurança das informações e/ou dados enviados pelo usuário caso ocorram eventos que ocasionem casos fortuitos ou motivos de força maior, razão pela qual o usuário expressamente renuncia a qualquer reivindicação contra o website em decorrência de perda de dados eventualmente sofridos em virtude de acessos não autorizados e/ou quebra de segurança dos sistemas que mantém o ToqueFácil."
page 370.txt,22,"O usuário concorda que o conteúdo dos dados enviados ao website são de inteira responsabilidade daquele que os enviou, ou de seus pais/mães ou representantes legais, quando aplicável, estando o ToqueFácil totalmente isento de responder por quaisquer consequências desses conteúdos."
page 370.txt,23,"

O ToqueFácil reserva-se o direito de proibir a conduta, comunicações ou conteúdos que considere, por seu próprio julgamento, violar qualquer lei ou direitos que sejam nocivos ao website, aos usuários ou a terceiros."
page 370.txt,24,"Não obstante, nada nesta cláusula deve ser considerada uma obrigação do ToqueFácil em monitorar individualmente qualquer comunicação feita por meio deste website."
page 370.txt,25,"Todo e qualquer controle nesse sentido será realizado por amostragem, salvo num caso específico."
page 370.txt,27,"COOKIES

"
page 370.txt,28,O uso de cookies não tem o potencial de prejudicar o usuário; é feito apenas para reconhecer um visitante constante e melhorar a experiência e utilização do website e aplicativos.
page 370.txt,29,"Os dados são registrados pelo ToqueFácil de forma automatizada, dispensando a manipulação humana."
page 370.txt,30,"Contudo, caso o usuário não queira que sejam instalados cookies, poderá configurar o seu browser (navegador) para tal."
page 370.txt,32,MENORES DE IDADE
page 370.txt,34,"O ToqueFácil solicita aos pais e representantes legais ajudar a proteger a privacidade dos seus filhos ou das pessoas sob a sua responsabilidade, instruindo-os para que nunca forneçam informações pessoais neste website ou em qualquer outro website, sem o prévio conhecimento e expressa permissão dos pais e/ou representantes legais."
page 370.txt,36,"Se você, usuário, tem menos de 18 anos, certifique-se de ter lido esta política com os seus pais/mães ou representantes legais e de que todo o seu conteúdo foi bem entendido e aprovado por vocês."
page 370.txt,37,Toda e qualquer pessoa menor de 18 anos deverá obter o consentimento expresso de seus pais ou representantes legais antes de se cadastrar ou fornecer conteúdo neste website.
page 370.txt,39,CONSIDERAÇÕES
page 370.txt,40,"FINAIS

"
page 370.txt,41,Fica ressalvado o direito do usuário em excluir ou retificar quaisquer dados enviados ao website.
page 370.txt,42,"Entretanto, o direito de exclusão e retificação do usuário não obstará ou substituirá o direito do website em poder desqualificar o usuário em todas as participações ou atos realizados por meio deste website, a critério exclusivo do ToqueFácil, bem como pleitear as indenizações cabíveis no caso das informações ensejarem quaisquer danos e/ou prejuízos ao website ou a terceiros."
page 370.txt,43,"

O ToqueFácil declara ainda, isento de quaisquer responsabilidades pelos conteúdos ou disponibilidade de informações contidas no índice de pesquisa oferecido pelo website, bem como pela precisão de qualquer resultado de pesquisa."
page 370.txt,44,"

A tolerância pelo ToqueFácil com relação a qualquer violação da presente Política ou sua omissão no exercício de qualquer direito outorgado pela mesma, não será considerado como novação ou renúncia em relação a qualquer violação futura, seja semelhante ou não, ou ao exercício pelo ToqueFácil de qualquer direito futuro conferido por este instrumento."
page 370.txt,46,"O ToqueFácil declara sua satisfação em ter os usuários navegando em seu website, porém adverte a todos os usuários que atendam às condições de uso deste website, em especial quanto a qualquer autorização necessária para que o usuário menor de 18 anos possa navegar e fornecer dados com segurança neste website."
page 370.txt,47,"Caso reste qualquer dúvida, por favor utilize o formulário de contato em página própria disponibilizada pelo website."
page 370.txt,48,"

Atualizado em 24/06/2020."
