Document,Parag_number,Paragraph_Text
page 9.txt,0,"Quando você usa nossos serviços, está confiando a nós suas informações."
page 9.txt,1,Entendemos que isso é uma grande responsabilidade e trabalhamos duro para proteger essas informações e colocar você no controle.
page 9.txt,2,"
Esta Política de Privacidade destina-se a ajudar você a entender quais informações coletamos, por que as coletamos e como você pode atualizar, gerenciar, exportar e excluir essas informações."
page 9.txt,3,"
Check-up de privacidade"
page 9.txt,4,"
Quer mudar suas configurações de privacidade?"
page 9.txt,5,"
Faça o Check-up de privacidade"
page 9.txt,7,Criamos uma gama de serviços que ajudam diariamente milhões de pessoas a descobrir e interagir com o mundo de novas maneiras.
page 9.txt,8,Nossos serviços incluem:
page 9.txt,9,"
É possível usar nossos serviços de diversas maneiras para gerenciar a sua privacidade."
page 9.txt,10,"Por exemplo, você pode se inscrever em uma Conta do Google se quiser criar e gerenciar conteúdo, como e-mails e fotos, ou ver resultados de pesquisa mais relevantes."
page 9.txt,11,"É possível também usar muitos serviços do Google sem fazer login ou sem criar uma conta, como pesquisar no Google ou assistir vídeos do YouTube."
page 9.txt,12,"Além disso, existe a opção de navegar na Web de forma privada usando o Chrome no modo de navegação anônima."
page 9.txt,13,"E em todos os nossos serviços, é possível ajustar as configurações de privacidade para controlar o que coletamos e como as informações são usadas."
page 9.txt,14,"
Para ajudar a explicar as coisas da forma mais clara possível, adicionamos exemplos, vídeos explicativos e definições para os termos-chave."
page 9.txt,15,"Se você tiver alguma dúvida sobre esta Política de Privacidade, entre em contato conosco."
page 9.txt,16,"
Queremos que você entenda os tipos de informações que coletamos quando usa nossos serviços
"
page 9.txt,17,"Coletamos informações para fornecer serviços melhores a todos os nossos usuários, o que inclui descobrir coisas básicas, como o idioma que você fala, até coisas mais complexas, como anúncios que você pode considerar mais úteis, as pessoas on-line que são mais importantes para você ou os vídeos do YouTube de que você poderá gostar."
page 9.txt,18,As informações coletadas pelo Google e como essas informações são usadas dependem de como você usa nossos serviços e de como gerencia os controles de privacidade.
page 9.txt,19,"
Quando você não está conectado a uma Conta do Google, armazenamos as informações que coletamos com identificadores exclusivos vinculados ao navegador, aplicativo ou dispositivo que você está usando."
page 9.txt,20,"Isso nos ajuda a manter as preferências de idioma em todas as sessões de navegação, por exemplo."
page 9.txt,21,"
Quando você está conectado, também coletamos informações que armazenamos com sua Conta do Google e que tratamos como informações pessoais."
page 9.txt,23,"Ao criar uma Conta do Google, você nos fornece informações pessoais que incluem seu nome e uma senha."
page 9.txt,24,Você também pode optar por adicionar um número de telefone ou informações de pagamento à sua conta.
page 9.txt,25,"Mesmo se não estiver conectado a uma Conta do Google, você poderá optar por nos fornecer informações, como um endereço de e-mail para receber atualizações sobre nossos serviços."
page 9.txt,26,"
Também coletamos o conteúdo que você cria, de que faz upload ou que recebe de outras pessoas ao usar nossos serviços."
page 9.txt,27,"Isso inclui e-mails enviados e recebidos, fotos e vídeos salvos, documentos e planilhas criados e comentários feitos em vídeos do YouTube."
page 9.txt,29,"Coletamos informações sobre os apps, navegadores e dispositivos que você usa para acessar os serviços do Google, o que nos ajuda a fornecer recursos como atualizações automáticas de produtos e diminuir o brilho da tela se a bateria estiver fraca."
page 9.txt,31,"As informações que coletamos incluem identificadores exclusivos, tipo e configurações de navegador, tipo e configurações de dispositivo, sistema operacional, informações de rede móvel, incluindo nome e número de telefone da operadora e número da versão do aplicativo."
page 9.txt,32,"Também coletamos informações sobre a interação de apps, navegadores e dispositivos com nossos serviços, incluindo endereço IP, relatórios de erros, atividade do sistema, além de data, hora e URL referenciador da sua solicitação."
page 9.txt,33,"
Coletamos essas informações quando um serviço do Google no seu dispositivo entra em contato com nossos servidores, por exemplo, quando você instala um app da Play Store ou quando um serviço verifica se há atualizações automáticas."
page 9.txt,34,"Se você estiver usando um dispositivo Android com apps do Google, o dispositivo entrará em contato periodicamente com os servidores do Google para fornecer informações sobre o dispositivo e a conexão com nossos serviços."
page 9.txt,35,"Essas informações incluem tipo de dispositivo, nome da operadora, relatórios de erros e apps instalados."
page 9.txt,36,"
Coletamos informações sobre sua atividade em nossos serviços e usamos tal informação para recomendar um vídeo do YouTube de que você pode gostar, por exemplo."
page 9.txt,37,As informações de atividades que coletamos podem incluir o seguinte:
page 9.txt,39,"Se você usa nossos serviços para fazer e receber chamadas ou enviar e receber mensagens, podemos coletar informações de registro de chamadas e mensagens, como o número do seu telefone, número de quem chama, número de quem recebe, números de encaminhamento, endereço de e-mail do remetente e destinatário, horário e data de chamadas e mensagens, duração das chamadas, informações de roteamento e tipos e volumes de chamadas e mensagens."
page 9.txt,40,"
Visite sua Conta do Google para encontrar e gerenciar informações de atividades salvas na conta."
page 9.txt,42,"Ir para a Conta do Google
Quando você usa nossos serviços, coletamos informações sobre sua localização, o que nos ajuda a oferecer recursos, como rotas de carro para a viagem de fim de semana ou horários de filmes que estão perto de você."
page 9.txt,43,"
Sua localização pode ser determinada com vários graus de precisão por:"
page 9.txt,45,"Os tipos de dados de localização que coletamos dependem, em parte, do dispositivo e das configurações da conta."
page 9.txt,46,"Por exemplo, é possível ativar ou desativar a localização do dispositivo Android usando o app de configurações do dispositivo."
page 9.txt,47,Também é possível ativar o Histórico de localização caso você queira criar um mapa particular dos lugares que visita com seus dispositivos conectados.
page 9.txt,48,"
Em algumas circunstâncias, o Google também coleta informações sobre você de fontes de acesso público."
page 9.txt,49,"Por exemplo, se seu nome aparecer em um jornal local, o mecanismo de pesquisa do Google poderá indexar esse artigo e exibi-lo para outras pessoas, se elas pesquisarem pelo seu nome."
page 9.txt,50,"Também podemos coletar informações sobre você de parceiros confiáveis, incluindo parceiros de marketing que nos fornecem informações sobre clientes em potencial para nossos serviços comerciais e parceiros de segurança que nos fornecem informações para proteção contra abuso."
page 9.txt,51,Também recebemos informações de anunciantes para fornecer serviços de publicidade e pesquisa em nome deles.
page 9.txt,52,"
Usamos várias tecnologias para coletar e armazenar informações, incluindo cookies, tags de pixel, armazenamento local como armazenamento do navegador da Web ou caches de dados de aplicativos, bancos de dados e registros do servidor."
page 9.txt,53,"
Usamos os dados para criar serviços melhores
"
page 9.txt,54,Usamos as informações que coletamos em todos nossos serviços para os fins descritos abaixo.
page 9.txt,55,"
Usamos as informações para fornecer nossos serviços, como processar os termos pesquisados para retornar resultados ou ajudar você a compartilhar conteúdo sugerindo destinatários dos seus contatos."
page 9.txt,56,"
Também usamos as informações para garantir que nossos serviços funcionem como o esperado, por exemplo, para rastrear interrupções ou solucionar problemas informados."
page 9.txt,57,"E usamos as informações para aprimorar nossos serviços; por exemplo, entender quais termos de pesquisa são escritos com erros de ortografia com mais frequência nos ajuda a melhorar os recursos de verificação ortográfica usados em nossos serviços."
page 9.txt,58,"
Usamos as informações que coletamos nos serviços existentes no desenvolvimento de outros serviços."
page 9.txt,59,"Por exemplo, entender como as pessoas organizavam as fotos no Picasa, o primeiro app de fotos do Google, ajudou a projetar e lançar o Google Fotos."
page 9.txt,60,"
Usamos as informações que coletamos para personalizar nossos serviços, inclusive para fornecer recomendações, conteúdo e resultados de pesquisa personalizados."
page 9.txt,61,"Por exemplo, a Verificação de segurança fornece dicas de segurança adaptadas à forma como você usa os produtos do Google."
page 9.txt,62,"E o Google Play usa informações, como apps já instalados e vídeos assistidos no YouTube, para sugerir novos apps que você pode gostar."
page 9.txt,63,"
Dependendo das configurações, também podemos mostrar anúncios personalizados com base nos seus interesses."
page 9.txt,64,"Por exemplo, se você pesquisar ""mountain bikes"", poderá encontrar um anúncio de equipamentos esportivos ao navegar em um site que exibe anúncios veiculados pelo Google."
page 9.txt,65,"É possível controlar quais informações usamos para exibir anúncios, basta acessar as configurações de anúncios."
page 9.txt,67,"Ir para as configurações de anúncios
"
page 9.txt,68,Usamos dados para análise e avaliação a fim de entender como nossos serviços são usados.
page 9.txt,69,"Por exemplo, analisamos dados sobre suas visitas aos nossos sites para otimizar o design do produto."
page 9.txt,70,Também usamos dados sobre os anúncios com os quais você interage para ajudar os anunciantes a entender o desempenho das campanhas publicitárias.
page 9.txt,71,"Usamos diversas ferramentas para fazer isso, incluindo o Google Analytics."
page 9.txt,72,"Quando você visita sites que usam o Google Analytics, um cliente do Google Analytics pode ativar o Google para vincular informações sobre sua atividade nesse site com atividades em outros sites que usam nossos serviços de anúncios."
page 9.txt,73,"
Usamos as informações que coletamos, como endereço de e-mail, para interagir diretamente com você."
page 9.txt,74,"Por exemplo, podemos enviar uma notificação se detectarmos atividades suspeitas, como uma tentativa de fazer login na sua Conta do Google de um local diferente do habitual."
page 9.txt,75,"Além disso, podemos informar você sobre futuras alterações ou melhorias em nossos serviços."
page 9.txt,76,"Se você entrar em contato com o Google, salvaremos um registro da solicitação para ajudar a resolver qualquer problema que estiver enfrentando."
page 9.txt,78,Usamos informações para ajudar a melhorar a segurança e confiabilidade dos nossos serviços.
page 9.txt,79,"Isso inclui detectar, prevenir e responder a fraudes, abuso, riscos de segurança e problemas técnicos que possam prejudicar o Google, nossos usuários ou o público."
page 9.txt,80,"
Usamos diferentes tecnologias para processar suas informações para esses fins."
page 9.txt,81,"Usamos sistemas automatizados que analisam o conteúdo para fornecer a você resultados de pesquisa personalizados, anúncios personalizados ou outros recursos adaptados à maneira como você usa nossos serviços."
page 9.txt,82,"Também analisamos seu conteúdo para nos ajudar a detectar abuso como spam, malware e conteúdo ilegal."
page 9.txt,83,"Além disso, usamos algoritmos para reconhecer padrões nos dados."
page 9.txt,84,"Por exemplo, o Google Tradutor ajuda na comunicação das pessoas entre os idiomas, pela detecção de padrões de linguagem comuns em frases que você pede para traduzir."
page 9.txt,86,Podemos combinar as informações que coletamos com nossos serviços e nos seus dispositivos para as finalidades descritas acima.
page 9.txt,87,"Por exemplo, se você assistir vídeos de guitarristas no YouTube, poderá ver um anúncio de aulas de violão em um site que usa nossos produtos de anúncios."
page 9.txt,88,"Dependendo das configurações da conta, suas atividades em outros sites e apps podem ser associadas às suas informações pessoais para melhorar os serviços e os anúncios fornecidos pelo Google."
page 9.txt,89,"
Se outras pessoas já tiverem o endereço de e-mail ou outra informação que identifique você, poderemos mostrar a elas suas informações da Conta do Google que são visíveis publicamente, como o nome e a foto."
page 9.txt,90,"Isso ajuda as pessoas a identificar um e-mail recebido de você, por exemplo."
page 9.txt,91,"
Solicitaremos sua autorização antes de usar informações para fins que não estiverem abordados nesta Política de Privacidade."
page 9.txt,92,"
Você tem escolhas em relação às informações que coletamos e como elas são usadas
"
page 9.txt,93,Esta seção descreve os principais controles para gerenciar sua privacidade em nossos serviços.
page 9.txt,94,Você também pode visitar a Verificação de privacidade para revisar e ajustar configurações de privacidade importantes.
page 9.txt,95,"Além dessas ferramentas, também oferecemos configurações de privacidade específicas em nossos produtos."
page 9.txt,96,Saiba mais em nosso Guia de Privacidade do Produto.
page 9.txt,98,"Ir para a Verificação de privacidade
"
page 9.txt,99,"Quando você está conectado, pode analisar e atualizar informações visitando os serviços que usa."
page 9.txt,100,"Por exemplo, o Google Fotos e o Drive foram projetados para ajudar você a gerenciar tipos específicos de conteúdo que você salvou no Google."
page 9.txt,101,"
Também criamos um local para você analisar e controlar as informações salvas na sua Conta do Google."
page 9.txt,102,A sua Conta do Google inclui o seguinte:
page 9.txt,103,"
Você pode decidir que tipos de atividade quer salvar na sua conta."
page 9.txt,104,"Por exemplo, é possível ativar o Histórico de localização se quiser previsões de tráfego para o deslocamento diário ou salvar o histórico de exibição do YouTube para receber melhores sugestões de vídeos."
page 9.txt,106,Acessar os Controles de atividade
page 9.txt,108,Você pode gerenciar as preferências sobre os anúncios mostrados a você no Google e nos sites e aplicativos que têm parceria com o Google para mostrar anúncios.
page 9.txt,109,"É possível modificar os seus interesses, escolher se as suas informações pessoais são usadas para tornar os anúncios mais relevantes para você e ativar ou desativar certos serviços de publicidade."
page 9.txt,111,"Ir para as configurações de anúncios
Controlar o que pode ser visto sobre você nos serviços do Google
"
page 9.txt,112,"Ir para Sobre você
"
page 9.txt,113,"Escolha se seu nome e sua foto devem aparecer ao lado de atividades, como avaliações e recomendações exibidas em anúncios."
page 9.txt,115,"Ir para Recomendações compartilhadas
"
page 9.txt,116,"Minha atividade permite que você avalie e controle os dados criados quando usa os serviços do Google, como pesquisas realizadas ou visitas ao Google Play."
page 9.txt,117,Você pode procurar por data e tópico e excluir todas as atividades ou parte delas.
page 9.txt,119,"Ir para Minha atividade
"
page 9.txt,120,O Painel do Google permite gerenciar informações associadas a produtos específicos.
page 9.txt,122,"Ir para o Painel do Google
"
page 9.txt,123,"Gerencie suas informações de contato, como nome, e-mail e número de telefone."
page 9.txt,125,"Ir para Informações pessoais
"
page 9.txt,126,"Quando você está desconectado, pode gerenciar informações associadas ao seu navegador ou dispositivo, o que inclui os itens descritos abaixo."
page 9.txt,127,"
Você pode exportar uma cópia do conteúdo da Conta do Google se quiser fazer backup ou usá-lo com um serviço fora do Google."
page 9.txt,128,"
Exportar"
page 9.txt,129,seus dados
page 9.txt,131,Você também pode solicitar a remoção de conteúdo de serviços específicos do Google com base na legislação aplicável.
page 9.txt,132,"
Para excluir suas informações, você pode:"
page 9.txt,133,"
Excluir suas informações
"
page 9.txt,134,"E, por fim, o Gerenciador de contas inativas permite que você conceda a outra pessoa acesso a partes da sua Conta do Google caso não consiga usar a conta por um motivo inesperado."
page 9.txt,135,"
Existem outras formas de controlar as informações coletadas pelo Google, estando você conectado ou não a uma Conta do Google, inclusive as formas descritas abaixo."
page 9.txt,137,"Muitos de nossos serviços permitem que você compartilhe informações com outras pessoas, e você tem o controle sobre o modo como elas são compartilhadas."
page 9.txt,138,"Por exemplo, você pode compartilhar vídeos no YouTube publicamente ou optar por manter os vídeos particulares."
page 9.txt,139,"Lembre-se de que quando você compartilha informações publicamente, o conteúdo pode ser acessado por meio de mecanismos de pesquisa, inclusive a Pesquisa do Google."
page 9.txt,140,"
Quando sua conta está conectada e você interage com alguns serviços do Google, por exemplo, deixando comentários em um vídeo do YouTube ou avaliando um app no Google Play, seu nome e sua foto aparecem ao lado da atividade."
page 9.txt,141,"Também podemos exibir essas informações em anúncios, dependendo da sua configuração de """
page 9.txt,142,"Recomendações compartilhadas""."
page 9.txt,143,"
Não compartilhamos informações pessoais com empresas, organizações ou indivíduos externos ao Google, exceto nos casos descritos abaixo."
page 9.txt,144,"
Compartilharemos informações pessoais fora do Google quando tivermos seu consentimento."
page 9.txt,145,"Por exemplo, se você usar o Google Home para fazer uma reserva por meio de um serviços de reservas, pediremos sua autorização antes de compartilhar seu nome ou número de telefone com o restaurante."
page 9.txt,146,Solicitaremos seu consentimento explícito para compartilhar quaisquer informações pessoais sensíveis.
page 9.txt,148,"Se você estuda ou trabalha em uma organização que usa os Serviços do Google, seu administrador do domínio e os revendedores que gerenciam a conta terão acesso à sua Conta do Google."
page 9.txt,149,É provável que eles possam:
page 9.txt,150,"
Fornecemos informações pessoais às nossas afiliadas ou outras empresas ou pessoas confiáveis para processar tais informações por nós, de acordo com nossas instruções e em conformidade com nossa Política de Privacidade e quaisquer outras medidas de segurança e de confidencialidade adequadas."
page 9.txt,151,"Por exemplo, usamos provedores de serviços para nos ajudar no suporte ao cliente."
page 9.txt,153,"Compartilharemos informações pessoais fora do Google se acreditarmos, de boa-fé, que o acesso, o uso, a conservação ou a divulgação das informações sejam razoavelmente necessários para:"
page 9.txt,155,"Podemos compartilhar informações de identificação não pessoal publicamente e com nossos parceiros – como editores, anunciantes, desenvolvedores ou detentores de direitos."
page 9.txt,156,"Por exemplo, compartilhamos informações publicamente para mostrar tendências sobre o uso geral dos nossos serviços."
page 9.txt,157,Também permitimos que parceiros específicos coletem informações do seu navegador ou dispositivo para fins de publicidade e medição usando os próprios cookies ou tecnologias semelhantes.
page 9.txt,158,"
Se o Google for envolvido em uma fusão, aquisição ou venda de ativos, continuaremos a garantir a confidencialidade das suas informações pessoais e avisaremos os usuários afetados antes que as informações pessoais sejam transferidas ou submetidas a uma política de privacidade diferente."
page 9.txt,159,"
Incorporamos segurança nos nossos serviços para proteger suas informações
"
page 9.txt,160,Todos os produtos do Google são desenvolvidos com recursos de segurança sólidos que protegem continuamente suas informações.
page 9.txt,161,Os insights que recebemos na manutenção dos nossos serviços nos ajudam a detectar e bloquear automaticamente ameaças de segurança que chegam até você.
page 9.txt,162,"E se detectarmos algo perigoso e digno de notificação, notificaremos e orientaremos você sobre as etapas necessárias para se manter em segurança."
page 9.txt,163,"
Trabalhamos com afinco para proteger você e o Google de acesso, alteração, divulgação ou destruição não autorizada das informações que detemos, o que inclui:"
page 9.txt,164,"
Você pode exportar uma cópia das suas informações ou excluí-las da sua Conta do Google a qualquer momento."
page 9.txt,165,"
Você pode exportar uma cópia do conteúdo da Conta do Google se quiser fazer backup ou usá-lo com um serviço fora do Google."
page 9.txt,166,"
Exportar seus dados"
page 9.txt,168,"Para excluir suas informações, você pode:"
page 9.txt,169,"
Excluir suas informações
"
page 9.txt,170,"Nós retemos os dados coletados por diferentes períodos, dependendo de quais dados são, de como os usamos e de como você definiu suas configurações:"
page 9.txt,172,"Quando você exclui dados, seguimos uma política de exclusão para garantir que eles sejam removidos de forma segura e completa dos nossos servidores ou retidos apenas de forma anônima."
page 9.txt,173,Nós nos esforçamos para que nossos serviços mantenham as informações protegidas em caso de exclusão acidental ou maliciosa.
page 9.txt,174,"Devido a isso, pode haver um espaço de tempo entre o momento em que você exclui algo e o momento em que as cópias são excluídas dos nossos sistemas ativos e de backup."
page 9.txt,176,"Leia sobre os períodos de armazenamento de dados do Google, incluindo quanto tempo levamos para excluir suas informações."
page 9.txt,177,"
Revisamos regularmente esta Política de Privacidade e nos certificamos de que processamos suas informações de formas que estão em conformidade com ela."
page 9.txt,178,"
Temos servidores em todo o mundo, e suas informações podem ser processadas em servidores localizados fora do país em que você vive."
page 9.txt,179,"As leis de proteção de dados variam dependendo do país, sendo que algumas oferecem mais proteção que outras."
page 9.txt,180,"Independentemente do local onde suas informações são processadas, aplicamos as mesmas proteções descritas nesta política."
page 9.txt,181,Também atuamos em conformidade com determinadas estruturas legais relacionadas à transferência de dados.
page 9.txt,182,"
Quando recebemos reclamações formais por escrito, respondemos entrando em contato com o requerente."
page 9.txt,183,"Trabalhamos com as autoridades reguladoras apropriadas, inclusive autoridades locais de proteção de dados, para resolver quaisquer reclamações referentes à transferência de dados que não possamos resolver diretamente com você."
page 9.txt,184,"
Se a legislação de proteção de dados do Brasil se aplicar ao tratamento das suas informações, forneceremos os controles descritos nesta política para que você possa exercer seu direito de:"
page 9.txt,185,"
Para usuários localizados no Brasil, o controlador de dados responsável por suas informações é a Google LLC, a menos que indicado de outra forma em um aviso de privacidade específico do serviço."
page 9.txt,186,"Em outras palavras, a Google LLC é responsável pelo processamento das suas informações e pelo compromisso de obedecer às leis de privacidade aplicáveis."
page 9.txt,187,"
Se tiver alguma dúvida, entre em contato com o Google e com nosso escritório de proteção de dados."
page 9.txt,188,Você também poderá entrar em contato com a autoridade local de proteção de dados se tiver dúvidas sobre seus direitos de acordo com a legislação brasileira.
page 9.txt,189,"
Esta Política de Privacidade se aplica a todos os serviços oferecidos pela Google LLC e suas afiliadas, incluindo o YouTube, Android e serviços oferecidos em sites de terceiros, como serviços de publicidade."
page 9.txt,190,Esta Política de Privacidade não se aplica a serviços que tenham políticas de privacidade separadas que não incorporem esta Política de Privacidade.
page 9.txt,191,"
Esta Política de Privacidade não se aplica a:"
page 9.txt,192,"
Alteramos esta Política de Privacidade periodicamente."
page 9.txt,193,Nós não reduziremos seus direitos nesta Política de Privacidade sem seu consentimento explícito.
page 9.txt,194,Indicamos sempre a data em que as últimas alterações foram publicadas e oferecemos acesso às versões arquivadas para sua análise.
page 9.txt,195,"Se as alterações forem significativas, forneceremos um aviso com mais destaque, o que inclui, no caso de alguns serviços, notificação por e-mail das alterações da Política de Privacidade."
page 9.txt,197,"Os seguintes avisos de privacidade fornecem informações adicionais sobre alguns serviços do Google:
"
page 9.txt,198,"Se você faz parte de uma organização que usa o Google Workspace ou Google Cloud Platform, saiba como esses serviços coletam e usam suas informações pessoais no Aviso de privacidade do Google Cloud."
page 9.txt,200,Os links a seguir destacam recursos úteis para você saber mais sobre nossas práticas e configurações de privacidade.
page 9.txt,201,"
Uma afiliada é uma entidade que pertence ao grupo de empresas do Google, incluindo as seguintes empresas que fornecem serviços ao cliente na UE: Google Ireland Limited, Google Commerce Ltd, Google Payment Corp e Google Dialer Inc. Saiba mais sobre as empresas que fornecem serviços comerciais na UE."
page 9.txt,203,Processo ou conjunto de regras seguido por um computador durante operações de resolução de problemas.
page 9.txt,205,O armazenamento de navegador da Web permite que sites armazenem dados no navegador de um dispositivo.
page 9.txt,206,"Quando usado no modo ""Armazenamento local"", permite que os dados sejam armazenados em sessões."
page 9.txt,207,Isso permite que os dados sejam recuperados mesmo depois de o navegador ter sido fechado e aberto novamente.
page 9.txt,208,Uma tecnologia que facilita o armazenamento na Web é o HTML 5.
page 9.txt,209,"
Um cache de dados de aplicativo é um repositório de dados em um dispositivo."
page 9.txt,210,"Ele pode, por exemplo, permitir que um aplicativo da Web seja executado sem conexão à Internet e aprimorar o desempenho do aplicativo ao ativar um carregamento mais rápido do conteúdo."
page 9.txt,211,"
É possível acessar alguns dos nossos serviços criando uma Conta do Google e fornecendo algumas informações pessoais (como nome, endereço de e-mail e uma senha)."
page 9.txt,212,"As informações dessa conta são usadas durante a autenticação quando você acessa os serviços do Google, além de protegerem sua conta contra acesso não autorizado de outras pessoas."
page 9.txt,213,Você pode editar ou excluir sua conta a qualquer momento nas configurações da Conta do Google.
page 9.txt,215,Um cookie é um arquivo pequeno que contém uma sequência de caracteres.
page 9.txt,216,Ele é enviado para seu computador quando você visita um site.
page 9.txt,217,"Quando você acessa o site novamente, o cookie permite que o site reconheça seu navegador."
page 9.txt,218,Os cookies podem armazenar as preferências do usuário e outras informações.
page 9.txt,219,É possível configurar seu navegador para recusar todos os cookies ou avisar quando um cookie estiver sendo enviado.
page 9.txt,220,"No entanto, alguns recursos ou serviços do site podem não funcionar adequadamente sem cookies."
page 9.txt,221,"Saiba mais sobre como o Google usa os cookies e como o Google usa dados, inclusive cookies, quando você usa os sites e aplicativos dos nossos parceiros."
page 9.txt,223,Um dispositivo é um computador que pode ser usado para acessar os serviços do Google.
page 9.txt,224,"Por exemplo, computadores desktop, tablets, alto-falantes inteligentes e smartphones são considerados dispositivos."
page 9.txt,225,"
Para todo dispositivo conectado à Internet é atribuído um número conhecido como endereço de protocolo de Internet (Internet Protocol ou IP)."
page 9.txt,226,"Geralmente, esses números são atribuídos em blocos geográficos."
page 9.txt,227,Um endereço IP muitas vezes pode ser usado para identificar de qual local um dispositivo está se conectando à Internet.
page 9.txt,229,"Tag de pixel é um tipo de tecnologia utilizada em um site ou no corpo de um e-mail com a finalidade de rastrear determinadas atividades, como visualizações de um site ou quando um e-mail é aberto."
page 9.txt,230,Tags de pixel costumam ser usadas juntamente com cookies.
page 9.txt,232,"Um identificador exclusivo é uma string de caracteres que pode ser usada para identificar, de forma única, um navegador, aplicativo ou dispositivo."
page 9.txt,233,"Diferentes identificadores variam no sentido de serem ou não permanentes, de poderem ou não ser redefinidos pelo usuário e no modo como podem ser acessados."
page 9.txt,234,"
Identificadores exclusivos podem ser usados para diversas finalidades, inclusive segurança e detecção de fraudes, sincronização de serviços, como a caixa de entrada de e-mails, memorização das suas preferências e exibição de anúncios personalizados."
page 9.txt,235,"Por exemplo, os identificadores exclusivos armazenados em cookies ajudam os sites a exibir conteúdo no seu idioma preferido no navegador."
page 9.txt,236,É possível configurar seu navegador para recusar todos os cookies ou avisar quando um cookie estiver sendo enviado.
page 9.txt,237,Saiba mais sobre como o Google usa os cookies.
page 9.txt,238,"
Em outras plataformas que não sejam navegadores, os identificadores exclusivos são usados para reconhecer um dispositivo ou aplicativo específico no dispositivo em questão."
page 9.txt,239,"Por exemplo, um identificador exclusivo, como o código de publicidade, é usado para mostrar anúncios relevantes em dispositivos Android e pode ser gerenciado nas configurações do seu dispositivo."
page 9.txt,240,"Identificadores exclusivos também podem ser incorporados a um dispositivo pelo fabricante dele (chamado também de código exclusivo universal ou UUID, na sigla em inglês), como o número IMEI de um celular."
page 9.txt,241,"Por exemplo, o identificador exclusivo de um dispositivo pode ser usado para personalizar nosso serviço para seu dispositivo ou para analisar problemas no dispositivo relacionados aos nossos serviços."
page 9.txt,242,"
São as informações gravadas sobre os usuários para que não mais reflitam ou façam referência a um usuário individualmente identificável."
page 9.txt,243,"
São as informações fornecidas que identificam você pessoalmente, como seu nome, endereço de e-mail ou informações de faturamento, ou ainda outros dados que possam ser razoavelmente vinculados a essas informações pelo Google, como as informações que associamos à sua Conta do Google."
page 9.txt,244,"
Trata-se de uma categoria específica de informações pessoais relacionadas a tópicos como dados médicos confidenciais, origens raciais ou étnicas, crenças políticas ou religiosas ou sexualidade."
page 9.txt,245,"
Como a maioria dos websites, nossos servidores registram automaticamente as solicitações de páginas feitas quando o usuário visita nossos sites."
page 9.txt,246,"Esses “registros do servidor” geralmente incluem a solicitação na Web, endereço de protocolo de Internet, tipo do navegador, idioma do navegador, a data e a hora da solicitação e um ou mais cookies que possam identificar exclusivamente o navegador."
page 9.txt,247,"
Uma entrada de registro padrão para uma pesquisa de “carros” é assim:
123.45.67.89 - 25/Mar/2003 10:15:32 -
http://www.google.com/search?q=cars -
Firefox 1.0.7; Windows NT 5.1 -
740674ce2123e969
123.45.67.89é o Endereço de Protocolo de Internet atribuído ao usuário pelo ISP dele."
page 9.txt,248,"Dependendo do serviço do usuário, um endereço diferente pode ser atribuído pelo provedor de serviços dele a cada nova conexão com a Internet."
page 9.txt,249,"
25"
page 9.txt,250,/Mar/2003 10:15:32é a data e o horário da consulta.
page 9.txt,251,"
http://www.google.com/search?q=carsé o URL solicitado, inclusive a consulta de pesquisa."
page 9.txt,253,Firefox 1.0.7; Windows NT 5.1é o navegador e sistema operacional em uso.
page 9.txt,254,"
740674ce2123a969é o ID do cookie único atribuído a esse computador específico na primeira vez que ele visitou o Google."
page 9.txt,255,Os cookies podem ser excluídos pelos usuários.
page 9.txt,256,"Se o usuário excluir o cookie do computador depois da última vez que acessou o site do Google, esse será o ID do cookie exclusivo atribuído ao dispositivo dele na próxima vez que ele acessar o site do Google em um dispositivo particular."
page 9.txt,257,"
URL (Localizador uniforme de recursos) referenciador é a informação transmitida a uma página da Web de destino por um navegador da Web, geralmente quando você clica em um link para essa página."
page 9.txt,258,O URL referenciador contém o URL da última página da Web acessada pelo navegador.
page 9.txt,259,"
Também é possível ver anúncios personalizados com base em informações do anunciante."
page 9.txt,260,"Se você tiver feito compras no site de um anunciante, por exemplo, ele pode usar as informações dessa visita para exibir anúncios para você."
page 9.txt,261,"Saiba mais
"
page 9.txt,262,"Por exemplo, se você assistir a vídeos sobre culinária no YouTube, poderá ver mais anúncios relacionados à culinária ao navegar na Web."
page 9.txt,263,"Também podemos usar seu endereço IP para determinar sua localização aproximada, para que possamos exibir anúncios de um serviço de entrega de pizza nas proximidades se você pesquisar ""pizza""."
page 9.txt,264,Saiba mais sobre os anúncios do Google e por que você pode ver anúncios específicos.
page 9.txt,266,"Por exemplo, usamos cookies para analisar como as pessoas interagem com nossos serviços."
page 9.txt,267,E essa análise pode nos ajudar a criar produtos melhores.
page 9.txt,268,"Por exemplo, pode nos ajudar a descobrir que as pessoas estão demorando muito para realizar determinada tarefa ou que estão tendo problemas para concluir etapas."
page 9.txt,269,"Podemos, então, reformular esse recurso e melhorar o produto para todos."
page 9.txt,270,"
Por exemplo, quando você digita um endereço no campo Para, Cc ou Cco de um e-mail que está escrevendo, o Gmail sugere endereços com base nas pessoas com quem você entra em contato com mais frequência."
page 9.txt,271,"
Essa atividade pode ser proveniente do seu uso de serviços do Google, como a sincronização da conta com o Chrome ou das visitas a sites e apps que têm parceria com o Google."
page 9.txt,272,Muitos sites e apps têm parceria com o Google para melhorar o conteúdo e serviços deles.
page 9.txt,273,"Por exemplo, um site pode usar nossos serviços de publicidade (como o AdSense) ou ferramentas de análise (como o Google Analytics) ou pode incorporar outros conteúdos (como vídeos do YouTube)."
page 9.txt,274,Esses serviços podem compartilhar com o Google informações sobre sua atividade.
page 9.txt,275,"Dependendo das configurações da conta e dos produtos em uso (por exemplo, quando um parceiro usa o Google Analytics juntamente com nossos serviços de publicidade), esses dados podem ser associados às suas informações pessoais."
page 9.txt,276,"
Saiba mais sobre como a Google usa dados quando o usuário utiliza sites ou apps dos nossos parceiros."
page 9.txt,277,"
Ao mostrar anúncios personalizados, usamos tópicos que achamos que podem ser interessantes para você com base na sua atividade."
page 9.txt,278,"Por exemplo, podem ser exibidos anúncios de itens como ""culinária e receitas"" ou ""viagem aérea""."
page 9.txt,279,"Não usamos tópicos nem exibimos anúncios personalizados com base em categorias sensíveis, como raça, religião, orientação sexual ou saúde."
page 9.txt,280,E exigimos o mesmo dos anunciantes que usam nossos serviços.
page 9.txt,281,"
Alguns exemplos de como combinamos as informações que coletamos são descritos a seguir."
page 9.txt,282,"
Seu dispositivo pode ter sensores que podem ser usados para entender melhor sua localização e movimentação."
page 9.txt,283,"Por exemplo, um acelerômetro pode ser usado para determinar sua velocidade e um giroscópio pode ser usado para descobrir em que direção você está indo."
page 9.txt,285,"Por exemplo, usamos um cookie chamado ""lbcs"", o que possibilita que você abra muitos Documentos Google em um navegador."
page 9.txt,286,Bloquear esse cookie impede que os Documentos Google funcionem como o esperado.
page 9.txt,287,"Saiba mais
Quando detectamos spam, malware, conteúdo ilegal e outras formas de abuso que violam nossas políticas em nossos sistemas, podemos desativar sua conta ou tomar outras medidas adequadas."
page 9.txt,288,"Em certas circunstâncias, podemos também denunciar a violação às autoridades competentes."
page 9.txt,290,"Os dispositivos Android com Google apps incluem dispositivos vendidos pelo Google ou por um de nossos parceiros e incluem smartphones, câmeras, veículos, wearables e televisões."
page 9.txt,291,"Esses dispositivos usam o Google Play Services e outros apps pré-instalados que incluem serviços como o Gmail, o Google Maps, a câmera e o discador do smartphone, conversão de texto em voz, entrada do teclado e recursos de segurança."
page 9.txt,293,"Podemos, por exemplo, usar informações dos seus dispositivos para ajudar você a decidir qual dispositivo gostaria de usar para instalar um app ou ver um filme que comprou no Google Play."
page 9.txt,294,Também usamos essas informações para ajudar a proteger sua conta.
page 9.txt,296,"Podemos, por exemplo, coletar informações disponíveis publicamente on-line ou de outras fontes públicas para ajudar a treinar os modelos de idiomas do Google e criar recursos como o Google Tradutor."
page 9.txt,298,Exemplos de como usamos suas informações para fornecer nossos serviços incluem:
page 9.txt,299,"
Por exemplo, analisamos como as pessoas interagem com a publicidade para melhorar o desempenho de nossos anúncios."
page 9.txt,300,"
Por exemplo, monitoramos continuamente nossos sistemas em busca de problemas."
page 9.txt,301,"E se encontramos algo errado com um recurso específico, a avaliação das informações de atividades coletadas antes do início do problema nos permite corrigir os erros mais rapidamente."
page 9.txt,302,"
Por exemplo, se você adicionar um cartão de crédito ou outra forma de pagamento à Conta do Google, poderá usá-lo para comprar itens em nossos serviços, como apps na Play Store."
page 9.txt,303,"Também podemos solicitar outras informações, como o CNPJ de empresas, para ajudar a processar o pagamento."
page 9.txt,304,"Em alguns casos, também pode ser necessário confirmar sua identidade e solicitar informações para isso."
page 9.txt,305,"
Também podemos usar as informações de pagamento para verificar se você atende aos requisitos de idade se, por exemplo, você inserir uma data de nascimento incorreta indicando que não tem idade suficiente para ter uma Conta do Google."
page 9.txt,306,"Saiba mais
"
page 9.txt,307,"Se você usa os serviços de localização do Google no Android, podemos melhorar o desempenho dos apps que dependem da localização, como o Google Maps."
page 9.txt,308,"Se você usa os serviços de localização do Google, o dispositivo envia ao Google informações sobre localização, sensores (por exemplo, acelerômetro), torres de celular e pontos de acesso Wi-Fi próximos (por exemplo, endereço MAC e intensidade do sinal)."
page 9.txt,309,Todos esses itens ajudam a determinar sua localização.
page 9.txt,310,Você pode usar as configurações do dispositivo para ativar os serviços de localização do Google.
page 9.txt,311,"Saiba mais
Quando muitas pessoas começam a pesquisar algo, isso pode fornecer informações úteis sobre as tendências específicas naquele momento."
page 9.txt,312,O Google Trends analisa as pesquisas do Google na Web para fazer uma estimativa da popularidade das pesquisas durante determinado período e compartilha esses resultados publicamente em termos agregados.
page 9.txt,313,"Saiba mais
"
page 9.txt,314,"Se você adicionar seu número de telefone à conta, ele poderá ser usado para diferentes fins nos serviços do Google, dependendo das suas configurações."
page 9.txt,315,"Por exemplo, o número de telefone pode ser usado para ajudar você a acessar sua conta caso esqueça a senha, ajudar as pessoas a encontrarem e entrarem em contato com você e tornar os anúncios exibidos mais relevantes."
page 9.txt,316,"Saiba mais
Como outras empresas de tecnologia e comunicação, o Google recebe regularmente solicitações de governos e tribunais do mundo todo para divulgar dados de usuários."
page 9.txt,317,O respeito pela privacidade e segurança dos dados armazenados no Google sustenta nossa abordagem ao obedecer a essas solicitações oficiais.
page 9.txt,318,"Nossa equipe jurídica analisa cada solicitação, independentemente do tipo, e frequentemente recuamos quando o pedido parece ser excessivamente abrangente ou não segue o processo correto."
page 9.txt,319,Saiba mais no nosso Transparency Report.
page 9.txt,321,"Por exemplo, permitimos que criadores de conteúdo e anunciantes do YouTube trabalhem com empresas de medição para conhecer o público dos vídeos ou anúncios do YouTube, usando cookies ou tecnologias semelhantes."
page 9.txt,322,Outro exemplo são os comerciantes das nossas páginas de compras que usam cookies para saber quantas pessoas veem as listagens de produtos deles.
page 9.txt,323,Saiba mais sobre esses parceiros e como eles usam suas informações.
page 9.txt,325,"O Google Analytics faz uso de cookies primários, o que significa que os cookies são configurados pelo cliente do Analytics."
page 9.txt,326,"Usando nossos sistemas, os dados gerados pelo Google Analytics podem ser vinculados pelo cliente do Analytics e pelo Google a cookies de terceiros relacionados a visitas a outros sites."
page 9.txt,327,"Por exemplo, pode acontecer de um anunciante usar os dados do Google Analytics para criar anúncios mais relevantes ou analisar melhor o tráfego."
page 9.txt,328,"Saiba mais
"
page 9.txt,329,"Por exemplo, informações sobre ameaças de segurança podem nos ajudar a notificar você se acreditarmos que sua conta foi comprometida, e, então, podemos ajudar com as medidas para proteger sua conta."
page 9.txt,330,"
Por exemplo, quando você está conectado à sua Conta do Google e está com a Atividade na Web e de apps ativada, pode receber resultados de pesquisa mais relevantes com base nas pesquisas e atividades anteriores em outros serviços do Google."
page 9.txt,331,Saiba mais aqui.
page 9.txt,332,Você também pode receber resultados de pesquisa personalizados quando estiver desconectado.
page 9.txt,333,"Caso você não queira esse nível de personalização de pesquisa, pode pesquisar e navegar de modo particular ou desativar a personalização de pesquisa de usuário desconectado."
page 9.txt,334,"
Alguns exemplos de como usamos suas informações para ajudar a manter nossos serviços seguros e confiáveis são descritos a seguir."
page 9.txt,335,"
Por exemplo, os anunciantes podem fazer upload de dados dos programas de cartão de fidelidade para que possam entender melhor o desempenho das campanhas publicitárias deles."
page 9.txt,336,"Apenas fornecemos relatórios agregados aos anunciantes, esses relatórios não revelam informações sobre pessoas específicas."
page 9.txt,338,"Por exemplo, é possível excluir seu blog do Blogger ou um site Google que você tenha no Google Sites."
page 9.txt,339,"Também é possível excluir resenhas que você deixou sobre apps, jogos e outros conteúdos da Play Store."
page 9.txt,341,São exemplos desses serviços:
page 9.txt,342,"
Por exemplo, operamos data centers no mundo todo para ajudar a manter nossos produtos disponíveis continuamente para os usuários."
page 9.txt,344,O histórico de navegação do Google Chrome só é salvo na sua conta se você tiver ativado a sincronização do Chrome com a Conta do Google.
page 9.txt,345,"Saiba mais
"
page 9.txt,346,"Há mais de 2 milhões de sites e apps que não são do Google, mas têm parceria com o Google para exibir anúncios."
page 9.txt,347,"Saiba mais
"
page 9.txt,348,"Por exemplo, processamos suas informações para informar estatísticas de uso aos detentores de direitos sobre como o conteúdo deles foi usado em nossos serviços."
page 9.txt,349,"Também podemos processar suas informações se pessoas pesquisarem seu nome, bem como exibir resultados da pesquisa com os sites que contenham informações disponíveis publicamente sobre você."
page 9.txt,351,"Por exemplo, coletamos informações sobre visualizações e interações com anúncios para que possamos fornecer relatórios agregados aos anunciantes, como informar se veiculamos o anúncio deles em uma página e se o anúncio provavelmente foi visto por um espectador."
page 9.txt,352,"Podemos também mensurar outras interações, como o modo que você move o mouse sobre um anúncio ou se você interage com a página em que o anúncio é exibido."
