Document,Parag_number,Paragraph_Text
page 41.txt,0,"Última atualização: 22 de outubro de 2020
Esta Política de privacidade se aplica aos sites e apps de compras operados pela ContextLogic e por suas afiliadas corporativas (conforme definido abaixo) e a qualquer outro site ou serviço operado pela ContextLogic e links para o mesmo (“Serviços”)."
page 41.txt,1,"Esta Política de privacidade emprega os termos ""nosso"", ""nos"" e ""nós"" para referir-se à ContextLogic Inc. ou à ContextLogic B.V. e ""você"" ou ""usuários"" para referir-se às pessoas físicas descritas pelas informações que a ContextLogic coleta e utiliza, tais como clientes e comerciantes."
page 41.txt,2,"Caso resida na Suíça ou no Espaço Econômico Europeu (EEE), seus dados pessoais são controlados pela ContextLogic B.V., empresa sediada na Holanda."
page 41.txt,3,"Leia este documento com atenção para informar-se sobre como coletamos, usamos, compartilhamos e protegemos as informações, incluindo informações que possam descrevê-lo pessoalmente."
page 41.txt,4,"
Esta Política de Privacidade não se aplica às práticas de empresas que não são de nossa propriedade ou sobre as quais não temos controle ou de pessoas sobre as quais não temos gerência."
page 41.txt,5,"Por exemplo, ela não se aplica ao uso que o comerciante faz das informações de entrega do comprador."
page 41.txt,6,"Todos os termos em letras maiúsculas, sem definição, usados nesta Política de Privacidade, empregam as definições fornecidas a eles na Termos de Uso
, que rege o uso que Você faz dos Serviços."
page 41.txt,7,"
Operamos vários marketplaces, incluindo Wish, Geek, Cute, Mama, Home e Joyful Shopping, que permitem que os comerciantes listem os itens e que os usuários os encontrem e comprem."
page 41.txt,8,"Oferecemos também programas de referência de suporte, ofertas de afiliados e um programa de retirada."
page 41.txt,9,"Nós coletamos e usamos informações dos usuários (compradores), comerciantes (vendedores) e participantes do programa de retirada para facilitar a listagem (de itens), o processo de compra e o processamento dos pedidos."
page 41.txt,10,Usamos essas informações também para encontrar itens que julgamos serem de interesse dos clientes e para encontrar o preço adequado para esses itens.
page 41.txt,11,"
Ao usar ou acessar os Serviços, você declara ter ciência de que iremos coletar, usar e compartilhar suas informações conforme descrito nesta Política de Privacidade."
page 41.txt,12,Você tem opções sobre se deve nos fornecer informações e como usamos essas informações.
page 41.txt,13,"Você pode optar por não nos fornecer informações, entretanto, suas escolhas podem impedir que você faça uso dos Serviços ou limitar seu uso de determinados recursos."
page 41.txt,14,"Por exemplo, se você não nos fornecer um método de pagamento, talvez não consiga fazer compras ou se não nos permitir ver a localização do seu dispositivo, não poderemos recomendar itens para retirada em um local próximo a você."
page 41.txt,15,Consulte a Seção 7 para obter mais informações sobre as opções disponíveis para você.
page 41.txt,16,"
Estamos constantemente tentando melhorar nossos Serviços, portanto, precisamos atualizar esta Política de privacidade."
page 41.txt,17,"Podemos atualizar esta Política de Privacidade para refletir mudanças na lei, nos Serviços, em nossas empresas ou nos avanços tecnológicos."
page 41.txt,18,Alertaremos sobre alguma alteração colocando um aviso nos Serviços ou enviando um e-mail.
page 41.txt,19,Nosso uso das informações que coletamos está sujeito à Política de privacidade em vigor no momento em que essas informações são usadas.
page 41.txt,20,"
1."
page 41.txt,21,INFORMAÇÕES QUE COLETAMOS
page 41.txt,22,E UTILIZAMOS
page 41.txt,23,"
Algumas das informações que coletamos são fornecidas ativamente por você, como quando você preenche um campo ou formulário."
page 41.txt,24,Alguns são coletados automaticamente (normalmente de dispositivos).
page 41.txt,25,E alguns podem ser coletados de outras fontes.
page 41.txt,26,"
1.2 Informações fornecidas por você
Quando usa os Serviços, você nos fornece informações, como quando cria uma conta ou uma loja, faz ou realiza uma compra, deixa uma avaliação ou solicita atendimento ao cliente."
page 41.txt,27,"Exemplos das informações que podem ser fornecidas por você são:
Nome
Endereço de e-mail
"
page 41.txt,28,"Método de pagamento ou conta de pagamento
Endereço de entrega ou endereço comercial, incluindo endereços residenciais (para o programa de retirada)"
page 41.txt,29,"
Número de telefone
"
page 41.txt,30,"Senha ou credenciais de conta de rede social
Dados adicionais de verificação, incluindo identificação governamental"
page 41.txt,31,"
1.3 Informações que coletamos automaticamente"
page 41.txt,33,"Ao utilizar os Serviços, incluindo quando você visita nossos sites e instala ou usa nossos apps, coletamos automaticamente informações sobre como você usa os Serviços e os dispositivos utilizados para acessar os Serviços."
page 41.txt,34,"Também podemos gerar informações sobre você, como um número de ID de conta."
page 41.txt,35,"Exemplos das informações que coletamos automaticamente são:
Endereço IP
Informações de localização - informações gerais de localização do seu computador ou dispositivo móvel ou informações precisas de localização GPS do seu dispositivo móvel."
page 41.txt,37,"Dados de conta e perfil da rede social (ao usar logon social)
"
page 41.txt,38,"Identificadores exclusivos, incluindo endereço MAC, IDs de anúncio e atributos de dispositivo, como sistema operacional e tipo de navegador e padrões de uso."
page 41.txt,40,"Dados de uso, tais como: dados de log da web, páginas de referência e saída e URLs, tipo de plataforma, número de cliques, nomes de domínio, páginas de destino, páginas e conteúdo visualizados e a ordem dessas páginas, a quantidade de tempo gasto em páginas específicas, a data e hora em que você usou nossos Serviços, a frequência de uso de nossos Serviços, logs de erros e outras informações semelhantes."
page 41.txt,41,"
1.4 Dados analíticos, de publicidade e técnicos
Nós ou nossos prestadores de serviços ou parceiros comerciais podemos coletar e usar várias informações de forma automatizada para dar suporte a operações de análise e publicidade."
page 41.txt,42,"
Cookies e tecnologias relacionadas
- Nós e terceiros podemos usar cookies, que são arquivos de texto contendo pequenas quantidades de informações que são baixados no seu dispositivo, ou tecnologias relacionadas, como web beacons, objetos compartilhados localmente e pixels de rastreamento para armazenar ou coletar informações (""Cookies"")."
page 41.txt,43,Os cookies podem ajudar a nós e a terceiros a conhecer as suas atividades online incluindo aquelas realizadas em outros sites ou serviços.
page 41.txt,44,"Por exemplo, web beacons permitem que as redes de anúncios forneçam auditoria agregada, pesquisa e relatórios para nós e para os anunciantes."
page 41.txt,45,Os web beacons permitem também que as redes de publicidade veiculem anúncios direcionados a você quando visitar outros sites.
page 41.txt,46,"Como o seu navegador precisa solicitar esses anúncios e web beacons dos servidores da rede de anúncios, essas empresas podem ver, editar ou configurar cookies próprios, como se você tivesse solicitado uma página do site delas."
page 41.txt,47,"Veja o nosso Política de cookies
para obter informações adicionais."
page 41.txt,48,"
Não temos acesso a Cookies inseridos ou lidos pelos Anunciantes e esta Política de Privacidade não rege o uso desses cookies e de tecnologias relacionadas."
page 41.txt,49,Consulte as informações de Escolha na Seção 7 para obter mais detalhes.
page 41.txt,50,"
1.5 Links e plugins de terceiros
"
page 41.txt,51,"Os Serviços podem conter links para sites ou apps de terceiros, que podem contar com políticas de privacidade distintas das nossas."
page 41.txt,52,Não somos responsáveis pelas práticas desses sites/apps.
page 41.txt,54,"Os Serviços podem permitir também que você interaja com plug-ins dos sites das redes sociais, entre outros, permitindo-nos, ou ao site da rede social, receber dados de ou sobre você."
page 41.txt,55,"Se você já forneceu informações pessoais a terceiros que operam um plug-in nos Serviços, esse terceiro poderá reconhecê-lo nos Serviços."
page 41.txt,56,"O uso que você faz dos plug-ins das redes sociais é regido pela política de privacidade da empresa que opera o plug-in, política essa que pode diferir da nossa."
page 41.txt,57,"Portanto, leia as referidas políticas com atenção para entendê-las e conhecer as opções de que dispõe."
page 41.txt,59,"1.6 Outras fontes
"
page 41.txt,60,"Podemos reunir informações, incluindo informações demográficas e estatísticas de terceiros, tais como parceiros comerciais, profissionais de marketing, pesquisadores e analistas."
page 41.txt,61,Podemos atribuir essas informações a você com base na sua adequação a determinados grupos estatísticos.
page 41.txt,62,"Podemos usar essas informações para complementar as outras informações que coletamos, de forma a calcular seus possíveis interesses e proporcionar experiências mais relevantes para você dentro dos Serviços, além de aprimorar nossos produtos, nossas análises e nossos anúncios."
page 41.txt,63,"
2."
page 41.txt,64,COMO UTILIZAMOS
page 41.txt,65,AS INFORMAÇÕES E SUAS BASES
page 41.txt,66,LEGAIS
page 41.txt,67,"
2.1 Uso
"
page 41.txt,68,"De maneira geral, coletamos, usamos e armazenamos (""processamos"") suas informações para oferecer os Serviços, corrigi-los e aprimorá-los, desenvolver novos serviços e divulgar nossas empresas e seus produtos e serviços."
page 41.txt,69,"Alguns exemplos específicos de como usamos as informações:
Configuração e gerenciamento de contas, incluindo identificação e autenticação
Receber ou enviar um pagamento
Processamento ou suporte de processamento de pedidos"
page 41.txt,70,"
Localizar ou recomendar um recurso/serviço local, como um local de retirada
Comunicação com você, por e-mail, sms, notificações push ou plataformas de mensagens (como Whatsapp), sobre sua conta ou para comercializar ofertas de produtos, recursos ou eventos"
page 41.txt,71,"
Anunciar e comercializar os Serviços, incluindo por e-mail ou outros canais"
page 41.txt,73,Testar alterações nos Serviços e desenvolver novos recursos
page 41.txt,75,"Analisar o uso dos Serviços e personalizar conteúdos, entre eles anúncios e preços
"
page 41.txt,76,"Oferecer suporte, incluindo a resolução de questões e problemas que os usuários, comerciantes ou locais de retirada possam ter com os Serviços, ou resolução de disputas"
page 41.txt,77,"
Impedir, detectar, investigar e responder a fraude, acesso/uso não autorizado dos Serviços, violações dos termos e políticas ou outro comportamento ilícito qualquer
"
page 41.txt,78,"Atender a todos os procedimentos, leis e regulamentos que se apliquem a nós, incluindo os que definem os períodos de retenção"
page 41.txt,79,"
2.2 Bases Legais (EEA)"
page 41.txt,81,A legalidade do tratamento de dados pessoais é um princípio importante sob abrigo da legislação da UE em matéria de proteção de dados.
page 41.txt,82,"Para atender às leis de proteção de dados, normalmente processamos dados pessoais quando:"
page 41.txt,83,"
Precisamos executar o contrato que estamos prestes a celebrar ou que tenhamos celebrado com você, por exemplo, quando processamos um pagamento;"
page 41.txt,84,"
É de nosso legítimo interesse (ou de terceiros), e os seus interesses referentes à proteção de dados e direitos fundamentais e liberdades não anulam esses interesses, como quando protegemos os Serviços, realizamos prevenções contra fraude e determinadas ações de marketing direto;"
page 41.txt,85,"
Precisamos atender a obrigações legais ou normativas;"
page 41.txt,86,"
Temos o seu consentimento para utilizar seus dados pessoais."
page 41.txt,87,"
2.3"
page 41.txt,88,Outros usos - Dados sem identificação
page 41.txt,89,"
Podemos tomar medidas para limitar ou impedir a identificação de qualquer usuário ou dispositivo específico em conjuntos de dados, como combinando informações relacionadas a muitos indivíduos (“agregação”) ou removendo ou alterando informações sobre cada indivíduo."
page 41.txt,90,Podemos usar dados sem identificação para auxiliar em nossos esforços de pesquisa e marketing.
page 41.txt,91,Esta Política de Privacidade não se aplica ao nosso uso de tais informações sem identificação.
page 41.txt,92,"
5."
page 41.txt,93,"COMPARTILHAMENTO DE INFORMAÇÕES
"
page 41.txt,94,Podemos divulgar informações sobre você ou seu uso dos Serviços com os tipos de destinatários descritos abaixo.
page 41.txt,95,"
5.2 Prestadores de serviços/agentes"
page 41.txt,97,Utilizamos outras empresas e pessoas para executar tarefas ou serviços em nosso nome e precisamos compartilhar informações com elas para que possam executar seu trabalho.
page 41.txt,98,Por exemplo: podemos usar uma empresa de processamento de pagamentos para receber ou fazer pagamentos; ou podemos usar um provedor de serviços de nuvem para armazenar dados.
page 41.txt,99,"
5.3 Afiliados
"
page 41.txt,100,Podemos compartilhar suas informações com outras empresas sob propriedade ou controle comum com a ContextLogic Inc. (“Afiliadas”).
page 41.txt,101,Essas Afiliadas usam suas informações conforme descrito nesta Política de privacidade.
page 41.txt,102,"Quando este compartilhamento envolve a transferência de dados pessoais para fora da Europa, empregamos medidas de segurança, entre elas as Cláusulas Modelo da UE, para proteger os dados e garantir a legalidade da transferência."
page 41.txt,103,"
5.4"
page 41.txt,104,Outros usuários
page 41.txt,106,"Informações sobre comerciantes, locais de retirada e usuários (por exemplo, compradores) é compartilhada em determinados contextos."
page 41.txt,107,"Por exemplo, as informações sobre a loja do comerciante são disponibilizadas aos usuários e as avaliações dos usuários são disponibilizadas aos comerciantes e a outros usuários."
page 41.txt,108,"Além disso, quando os usuários concluem uma compra usando os Serviços, normalmente compartilhamos as informações necessárias para realizar a compra, como endereço de entrega e número de telefone, com o comerciante (por exemplo, vendedor) ou seus prestadores de serviços, como uma transportadora."
page 41.txt,109,As informações compartilhadas com os vendedores e com os prestadores de serviço que os atendem estão sujeitas às políticas de privacidade deles.
page 41.txt,111,"Determinadas informações de perfil de usuário, incluindo seu nome, foto, localização, itens em sua lista de desejos (a menos que você torne a lista de desejos privada), avaliações que você escreveu (incluindo qualquer foto/vídeo que você carregar com essas avaliações) e a lista de pessoas que você segue ou que o seguem, podem ser exibidas para outros usuários para facilitar a interação do usuário dentro dos Serviços."
page 41.txt,112,"Seu nome de usuário pode ser exibido também para outros usuários se e quando você enviar mensagens, fizer comentários ou carregar imagens ou vídeos por meio dos Serviços e outros usuários podem entrar em contato com você por meio de mensagens e comentários."
page 41.txt,113,Tenha cuidado e bom senso antes de compartilhar informações pessoais em áreas públicas dos Serviços.
page 41.txt,115,"5.5 Anunciantes
"
page 41.txt,116,"Podemos permitir que anunciantes, incluindo comerciantes (""Anunciantes""), escolham grupos de usuários para ver suas ofertas, anúncios ou ofertas promocionais com base em recursos comuns de um grupo de usuários, como padrões de uso semelhantes ou localizações semelhantes."
page 41.txt,117,"Por exemplo, se você comprar produtos relacionados ao vinho, podemos lhe mostrar uma oferta para um serviço que vende vinho ou produtos similares."
page 41.txt,118,"Se um anunciante nos solicitar a exibição de um anúncio para um determinado público ou segmento de público e você reagir a tal anúncio, o anunciante poderá concluir que você se adequa à descrição do público que ele está tentando atingir."
page 41.txt,119,"
5.6 Transferências de empresas"
page 41.txt,121,Podemos optar por comprar ou vender ativos e podemos compartilhar ou transferir informações do usuário (inclusive informações pessoais) em conexão com a avaliação e a entrada em tais transações.
page 41.txt,122,"Além disso, caso nós (ou nossos ativos) sejamos adquiridos, ou se encerrarmos nossas atividades, entrarmos em falência ou passarmos por alguma outra mudança de controle, as informações do usuário poderão estar entre os ativos transferidos ou adquiridos por terceiros."
page 41.txt,123,"
5.7 Requisitos legais, proteção da Wish e de terceiros
Reservamo-nos o direito de acessar, ler, preservar e divulgar qualquer informação que a Wish, de boa-fé, acreditar ser necessária para estar em conformidade com a legislação ou alguma ordem judicial; cumprir ou aplicar nossas Termos de Uso
e outros contratos, ou proteger os direitos, a propriedade ou a segurança da ContextLogic, nossos funcionários, usuários ou terceiros
5.8 Consentimento
"
page 41.txt,124,Podemos compartilhar suas informações de outras formas caso nos tenha solicitado ou tiver dado o seu consentimento para isto.
page 41.txt,125,"
6."
page 41.txt,126,SEGURANÇA
page 41.txt,127,"
6.1"
page 41.txt,128,"As contas são protegidas por senha, para sua privacidade e segurança."
page 41.txt,129,"Caso acesse a sua conta por meio de um site ou serviço de terceiros, como o Facebook, você poderá encontrar proteções de acesso adicionais ou diferentes por meio desse site ou serviço de terceiros."
page 41.txt,130,"Recomendamos que você escolha uma senha apropriada, proteja sua senha e limite o acesso aos dispositivos nos quais acessa sua conta."
page 41.txt,132,"6.2 Utilizamos medidas organizacionais e técnicas razoáveis destinadas a proteger a privacidade da sua conta e as informações pessoais que utilizamos ou armazenamos, mas a internet e os nossos serviços não são 100% seguros."
page 41.txt,133,Não podemos garantir total privacidade ou segurança para as informações que você fornece ou que coletamos.
page 41.txt,134,"
7."
page 41.txt,135,"ESCOLHAS
7.1"
page 41.txt,136,Acessar
page 41.txt,137,", revisar, corrigir
Nas “Configurações” da sua conta, você pode acessar, editar ou excluir informações fornecidas, incluindo:"
page 41.txt,138,"
Nome e senha
ID do usuário
Endereço de e-mail
Endereço físico
Localização
"
page 41.txt,139,"Número de telefone
Gênero"
page 41.txt,141,Método de pagamento ou prestador de serviços de pagamento
page 41.txt,142,"
Informações do perfil do usuário, incluindo imagens e vídeos que você tenha carregado para os Serviços
"
page 41.txt,143,As informações disponíveis em Configurações e suas opções podem ser alteradas à medida que os Serviços mudem.
page 41.txt,144,"Caso tenha alguma dúvida sobre visualizar ou atualizar informações que temos em arquivo sobre você, entre em contato conosco em support@wish.com."
page 41.txt,145,"
7.2 Opção por deixar de receber comunicação de marketing
Para gerenciar suas preferências ou cancelar comunicações de marketing, você pode usar qualquer um dos métodos a seguir."
page 41.txt,147,Ofertas eletrônicas promocionais:
page 41.txt,148,"Se você não quiser receber nossos e-mails sobre promoções especiais ou ofertas, você pode (1) seguir as opções de cancelamento de assinatura na parte inferior de cada e-mail; ou (2) visitar as páginas de configurações da sua conta."
page 41.txt,150,Ofertas promocionais via celular:
page 41.txt,151,"Ao nos informar o seu número de celular para fins de marketing, podemos lhe enviar determinados alertas de marketing por meio de mensagem de texto."
page 41.txt,152,O consentimento não é um requisito para usar os serviços e taxas padrão de dados e mensagens serão aplicadas.
page 41.txt,153,"Caso queira cancelar o recebimento de alertas via celular, basta seguir as instruções indicadas nessas mensagens ou responder STOP a qualquer alerta enviado."
page 41.txt,155,Notificações push:
page 41.txt,156,"Ao utilizar o App, você pode receber notificações push."
page 41.txt,157,"Caso prefira não receber notificações push, basta ajustar as definições em seu dispositivo móvel para definir o recebimento destes alertas."
page 41.txt,159,Configurações
page 41.txt,160,:
page 41.txt,161,Você pode optar por não receber certas comunicações nossas alterando suas preferências na opção
page 41.txt,162,“Configurações” do serviço aplicável.
page 41.txt,163,"
7.3 Informações de localização"
page 41.txt,165,"Caso não deseje que vejamos ou acessemos a localização do seu dispositivo, ´basta desativar o compartilhamento de localização em seu dispositivo, alterar as definições de privacidade do dispositivo ou recusar compartilhar a localização no seu navegador da internet."
page 41.txt,166,"
7.4 Cookies e Analytics
"
page 41.txt,167,Visite nosso Política de cookies
page 41.txt,168,"
para obter informações adicionais e acesso ao nosso gerenciador de consentimento de cookies."
page 41.txt,169,"
Você pode optar por não ter um determinado rastreador de web beacon e outras atividades de Cookie ajustando as configurações em seu navegador, incluindo as configurações Não rastrear (Do Not Track)."
page 41.txt,170,"
Para desativar o Google Analytics, você pode instalar o Desativar Complemento de Navegador do Google Analytics
."
page 41.txt,171,"
7.5 Anúncios"
page 41.txt,173,Opções para publicidade personalizada:
page 41.txt,174,"
Para exercer opções de publicidade personalizada, visite os sites a seguir."
page 41.txt,175,"Caso opte por não fazer o cancelamento, você ainda pode receber conteúdo publicitário, mas ele não será adaptado para você."
page 41.txt,176,"
Network"
page 41.txt,177,Advertising Initiative (NAI)
page 41.txt,178,"- Você pode usar aqui
de desativação da NAI, que permitirá desativar a exibição de anúncios personalizados de empresas membros da NAI."
page 41.txt,180,"Digital Advertising Alliance (DAA) - Você pode desativar o recebimento de anúncios personalizados de determinadas empresas que realizam serviços de segmentação de anúncios, usando o aqui
da DAA."
page 41.txt,181,"
European Interactive Advertising Digital Alliance (EDAA) - Você pode saber mais sobre publicidade online e optar por não utilizar o site"
page 41.txt,182,"As suas escolhas on-line
."
page 41.txt,183,"
Para os dispositivos móveis, leia as instruções do seu sistema operacional para obter instruções completas."
page 41.txt,184,"
Para o iOS 7 ou superior: Acessar Configurações > Selecionar Privacidade > Selecionar Publicidade > Ativar a configuração ""Limitar o Rastreamento de Anúncios""
Para dispositivos Android com o OS 2.2 ou superior e o Google Play Services versão 4.0 ou superior:"
page 41.txt,185,"Abra o aplicativo Configurações do Google > Anúncios > Ativar ""Desativar a publicidade com base em interesses"""
page 41.txt,186,"
Consultar as opções de Guia NAI
para dispositivos móveis para obter preferências de anúncios"
page 41.txt,187,"
8."
page 41.txt,188,"DIREITOS
"
page 41.txt,189,"Dependendo da sua residência ou localização, você poderá ter determinado direitos relacionados com a coleta e utilização das suas informações/dados pessoais."
page 41.txt,190,"
8.1 Residentes na EEE
Se o processamento dos seus dados pessoais estiver abrangido pela legislação europeia de proteção de dados, normalmente você tem certos direitos, incluindo:
"
page 41.txt,191,Acesso e retificação - Você pode acessar e rever os dados pessoais associados à sua conta a qualquer momento seguindo as instruções em 7(A) (acima).
page 41.txt,192,Você também pode emitir um pedido de direitos do titular dos dados para acessar os dados pessoais que mantemos sobre você.
page 41.txt,193,Você também pode solicitar a retificação ou correção de registros imprecisos e incompletos de seus dados pessoais.
page 41.txt,194,"
Restrição e eliminação - Em determinadas situações, você pode pedir que deixemos de utilizar seus dados, por exemplo, se a exatidão dos seus dados pessoais for contestada."
page 41.txt,195,"Você também pode nos pedir para excluir seus dados pessoais, porém, podemos ser obrigados a manter determinados dados para cumprir obrigações legais, como normativas fiscais locais."
page 41.txt,196,A desativação deve ser concluída para excluir uma conta (e os dados pessoais associados a ela).
page 41.txt,197,"
Portabilidade - Em determinadas situações, você poderá nos solicitar a transferência dos seus dados pessoais diretamente para você."
page 41.txt,198,"Por meio do seu pedido, e sempre que possível, transferiremos suas informações pessoais para terceiros que você indicar."
page 41.txt,199,"
Objeção - Em determinadas situações, você pode ter o direito de se opor ao processamento de seus dados pessoais."
page 41.txt,200,"Os motivos de uma objeção devem estar relacionados às suas circunstâncias particulares, como o processamento de seus dados pessoais para fins de marketing direto."
page 41.txt,202,"Retirada de consentimento - Quando você forneceu seu consentimento para processar suas informações pessoais, você sempre tem o direito de retirar esse consentimento a qualquer momento."
page 41.txt,203,A retirada do consentimento não afetará a legalidade do processamento antes da retirada.
page 41.txt,205,Reclamações - Você tem o direito de apresentar questionamentos ou reclamações conosco conforme descrito abaixo ou junto à sua autoridade local de proteção de dados a qualquer momento.
page 41.txt,206,Consultar seção 9 (abaixo) para obter mais informações.
page 41.txt,207,"
8.2 Residentes na Califórnia
8.3 Residentes em Nevada
De acordo com a lei de Nevada, determinados consumidores de Nevada podem optar por não vender “informações pessoalmente identificáveis” para consideração monetária a uma pessoa para que essa pessoa licencie ou venda tais informações a pessoas adicionais."
page 41.txt,208,“
page 41.txt,209,"Informações de identificação pessoal” inclui nome e sobrenome, endereço, endereço de e-mail, número de telefone, número de seguro social ou um identificador que permita que uma pessoa específica seja contatada de forma física ou online."
page 41.txt,210,"
Nós não nos envolvemos em tal atividade;"
page 41.txt,211,"no entanto, se você for residente em Nevada que comprou ou alugou bens ou serviços de nós, você pode enviar um pedido para optar por não participar de quaisquer potenciais vendas futuras ao abrigo da lei Nevada enviando um e-mail para privacy@wish.com."
page 41.txt,212,Note que tomaremos medidas razoáveis para verificar sua identidade e a autenticidade do pedido.
page 41.txt,213,"Uma vez verificada, manteremos sua solicitação caso nossas práticas mudem."
page 41.txt,214,"
9."
page 41.txt,215,RECLAMAÇÕES DE PRIVACIDADE
page 41.txt,217,Nos comprometemos a resolver reclamações válidas sobre a sua privacidade ou sobre a nossa coleta ou utilização dos seus dados pessoais.
page 41.txt,218,"Em caso de dúvidas ou reclamações sobre nossas práticas de uso de dados ou a Política de Privacidade, entre em contato com privacy@contextlogic.com."
page 41.txt,220,"Se você estiver na Europa (UE/EEE), consideramos a Autoridade Holandesa de Proteção de Dados nossa principal autoridade de supervisão do processamento ou dados pessoais de indivíduos na Europa."
page 41.txt,221,Nomeamos um responsável pela proteção de dados (“DPO”) para a Europa.
page 41.txt,222,"Para perguntas, reclamações ou solicitações relacionadas ao processamento de seus dados pessoais, você pode entrar em contato com nosso DPO: DPO@contextlogic.com."
page 41.txt,223,"Você também pode enviar pelo correio uma reclamação à Autoridade Holandesa de Proteção de Dados, para o endereço Autoriteit Persoonsgegevens, PO Box 93374, 2509 AJ Den Haag, ou através do site: https://autoriteitpersoonsgegevens.nl/en."
page 41.txt,224,"
10."
page 41.txt,225,PRIVACIDADE INFANTIL
page 41.txt,227,Nós não coletamos ou solicitamos intencionalmente “informações pessoais” (conforme definido pela Lei de Proteção de Privacidade Online para Crianças dos EUA) de qualquer pessoa menor de 13 anos.
page 41.txt,228,"Caso tenha menos de 13 anos, não tente se registrar em nossos Serviços ou enviar qualquer informação pessoal sobre você para nós."
page 41.txt,229,"Se soubermos que recolhemos informações pessoais de uma criança menor de 13 anos, essas informações serão eliminadas."
page 41.txt,230,"Se você acredita que uma criança com menos de 13 anos possa ter nos fornecido informações pessoais, entre em contato conosco pelo e-mail privacy@contextlogic.com."
page 41.txt,231,"
Para residentes na UE/EEE onde o processamento de dados pessoais se baseia no consentimento, não nos envolveremos conscientemente nesse processamento para usuários menores da idade estabelecida pela lei aplicável de proteção de dados ou membro."
page 41.txt,232,"Se soubermos que estamos envolvidos nesse processamento com esses usuários, interromperemos tal processamento e tomaremos medidas razoáveis para remover imediatamente as informações aplicáveis de nossos registros."
page 41.txt,233,"
Caso tenha 13 anos ou mais, mas não tiver atingido a maioridade do seu país (isto é, ser capaz de celebrar um contrato), você deve usar os Serviços com a autorização dos seus pais ou responsáveis."
page 41.txt,234,"
11."
page 41.txt,235,"NÃO RASTREAR
"
page 41.txt,236,"Seu navegador pode oferecer a você uma opção “Não rastrear”, que permite que você sinalize os operadores de sites e aplicativos da web e serviços online (incluindo serviços de publicidade personalizados) que você não deseja que suas atividades online sejam rastreadas ao longo do tempo e em diferentes sites."
page 41.txt,237,"Nossos Serviços não suportam solicitações Do Not Track no momento, o que significa que coletamos informações sobre sua atividade online"
page 41.txt,238,enquanto você estiver usando os Serviços e depois que você sair dos nossos Serviços.
page 41.txt,239,"
12."
page 41.txt,240,"INFORMAÇÕES DE CONTATO
"
page 41.txt,241,"Se você tiver dúvidas ou preocupações sobre esta Política de privacidade ou o uso de seus dados por parte da ContextLogic, envie uma mensagem detalhada para o e-mail privacy@contextlogic.com."
page 41.txt,242,"Outras preocupações, como sobre um pedido feito, devem ser enviadas por meio de canais de suporte padrão."
page 41.txt,243,Você também pode nos escrever para:
page 41.txt,244,"

    ContextLogic B.V. (Registro Comercial nº 62752863), Schiphol Boulevard 195, 1118 BJ Schiphol, Países Baixos ou dpo@contextlogic.com."
page 41.txt,245,"
    ContextLogic Inc., 1 Sansome Street, 40th Floor, San Francisco, CA 94104-4418
13."
page 41.txt,246,AVISO DE PRIVACIDADE SUPLEMENTAR PARA RESIDENTES
page 41.txt,247,NA CALIFÓRNIA
page 41.txt,249,Este Aviso de Privacidade Suplementar é complementado com as informações contidas na nossa Política de privacidade acima e se aplica exclusivamente aos residentes na Califórnia.
page 41.txt,251,"13.1 Lista das informações coletadas por nós
"
page 41.txt,252,"As leis da Califórnia exigem que divulguemos informações sobre as categorias de informações pessoais que coletamos sobre os consumidores da Califórnia, as categorias de fontes a partir das quais as informações foram coletadas, os fins comerciais ou lucrativos (conforme esses termos são definidos pela lei aplicável) para os quais as informações foram coletadas e as categorias de partes com as quais compartilhamos informações pessoais."
page 41.txt,253,"
Nós ou nossos prestadores de serviços podemos coletar as seguintes categorias de informações para os seguintes fins comerciais ou lucrativos (conforme esses termos são definidos na lei aplicável):"
page 41.txt,255,"Os nossos propósitos operacionais ou do nosso prestador de serviços;
Auditoria de interações do consumidor em nosso site (por exemplo, medição de impressões de anúncios)"
page 41.txt,256,;
page 41.txt,257,"
Detectar, proteger e processar incidentes de segurança e atividades fraudulentas ou ilegais;"
page 41.txt,258,"
Detecção de erros e relatórios de erros;"
page 41.txt,259,"
Personalizar o conteúdo que nós ou nossos provedores de serviços exibem nos Serviços (por exemplo, anúncios contextuais);"
page 41.txt,260,"
Fornecer os Serviços (por exemplo, manutenção e manutenção de contas, processamento e atendimento de pedidos, atendimento ao cliente, publicidade e marketing, análise e comunicação sobre os Serviços);"
page 41.txt,261,"
Melhorar os nossos Serviços existentes e desenvolver novos serviços (por exemplo, por meio da realização de pesquisas para desenvolver novos produtos ou funcionalidades);"
page 41.txt,262,"
Outros usos que promovem nossos interesses comerciais ou econômicos, como publicidade de terceiros e comunicação com você sobre ofertas relevantes de parceiros terceirizados;"
page 41.txt,263,"
Outros usos sobre os quais notificamos você."
page 41.txt,265,Exemplos destes tipos de utilizações são identificados a seguir.
page 41.txt,266,Também podemos usar as seguintes categorias de informações pessoais para conformidade com as leis e normativas aplicáveis e podemos combinar as informações que coletamos (“agregamos”) ou remover partes de informações (“remover a identificação”) para limitar ou impedir a identificação de qualquer usuário ou dispositivo específico.
page 41.txt,268,"Categoria: Identificadores, tais como: informações da conta, nome, endereço de e-mail, endereço de entrega, número de telefone ou dados de conta e perfil de rede social."
page 41.txt,270,Categorias de fontes
page 41.txt,271,"
Indivíduos/Você
"
page 41.txt,272,"A sua utilização dos nossos serviços/coleta automática
Agentes/fornecedores de serviços
Afiliados
Terceiros
Comerciantes
"
page 41.txt,273,"Outros usuários (por exemplo, quando outro usuário envia um item como presente)"
page 41.txt,274,"
Exemplos de usos
"
page 41.txt,275,"Fornecer os serviços, incluindo a operação de um marketplace que permite que os comerciantes ofereçam e que os usuários encontrem e comprem itens
"
page 41.txt,276,Processar pedidos
page 41.txt,278,"Correção e melhoria dos serviços
Cobrar/fazer um pagamento
"
page 41.txt,279,"Personalização de conteúdo
Marketing e publicidade
"
page 41.txt,280,"Comunicação com você
"
page 41.txt,281,"Analisar o uso do serviço
Serviços de suporte"
page 41.txt,282,"
Prevenção, detecção, investigação e resposta a fraudes, acesso/uso não autorizado dos serviços, violações de termos e políticas
"
page 41.txt,283,Categorias de terceiros com os quais podemos compartilhar essas informações
page 41.txt,284,"
Prestadores de serviços/agentes
Afiliados
Terceiros
Comerciantes (para processamento de pedidos)"
page 41.txt,285,"
Outros usuários (onde você divulga publicamente as informações)
Categoria: Informações comerciais (tais como dados de transações)
Categorias de fontes"
page 41.txt,286,"
Indivíduos/Você
"
page 41.txt,287,"A sua utilização dos nossos serviços/coleta automática
Agentes/fornecedores de serviços
Afiliados
Terceiros
Comerciantes
Exemplos de usos"
page 41.txt,288,"
Fornecer os serviços, incluindo a operação de um marketplace que permite que os comerciantes ofereçam e que os usuários encontrem e comprem itens
"
page 41.txt,289,Processar pedidos
page 41.txt,291,Correção e melhoria dos serviços
page 41.txt,293,"Receber pagamentos
"
page 41.txt,294,"Personalização de conteúdo
Marketing e publicidade"
page 41.txt,296,"Comunicação com você
"
page 41.txt,297,"Analisar o uso do serviço
Serviços de suporte"
page 41.txt,298,"
Prevenção, detecção, investigação e resposta a fraudes, acesso/uso não autorizado dos serviços, violações de termos e políticas."
page 41.txt,300,Categorias de terceiros com os quais podemos compartilhar essas informações
page 41.txt,301,"
Prestadores de serviços/agentes
Afiliados
Terceiros
Comerciantes (para processamento de pedidos)"
page 41.txt,302,"
Categoria: Dados financeiros (como método de pagamento ou informações de conta financeira)
Categorias de fontes"
page 41.txt,303,"
Indivíduos/Você
Agentes/fornecedores de serviços"
page 41.txt,305,Exemplos de usos
page 41.txt,306,"
Fornecer os serviços, incluindo a operação de um marketplace que permite que os comerciantes ofereçam e que os usuários encontrem e comprem itens
Cobrar/fazer um pagamento
"
page 41.txt,307,"Analisar o uso do serviço
Serviços de suporte"
page 41.txt,309,Categorias de terceiros com os quais podemos compartilhar essas informações
page 41.txt,310,"
Prestadores de serviços/agentes"
page 41.txt,311,"
Terceiros
Categoria: Internet ou outra atividade de rede ou dispositivo (como endereço IP, dispositivo exclusivo, publicidade e identificadores de apps, histórico de navegação ou outros dados de uso)
Categorias de fontes"
page 41.txt,312,"
Indivíduos/Você
"
page 41.txt,313,"A sua utilização dos nossos serviços/coleta automática
Agentes/fornecedores de serviços
Terceiros
Afiliados
Exemplos de usos"
page 41.txt,314,"
Fornecer os serviços, incluindo a operação de um marketplace que permite que os comerciantes ofereçam e que os usuários encontrem e comprem itens
Correção e melhoria dos serviços
"
page 41.txt,315,"Receber pagamentos
"
page 41.txt,316,"Personalização de conteúdo
Marketing e publicidade"
page 41.txt,318,"Comunicação com você
"
page 41.txt,319,Analisar o uso do serviço
page 41.txt,320,"
Prevenção, detecção, investigação e resposta a fraudes, acesso/uso não autorizado dos serviços, violações de termos e políticas
"
page 41.txt,321,Categorias de terceiros com os quais podemos compartilhar essas informações
page 41.txt,322,"
Prestadores de serviços/agentes
Afiliados
Terceiros
Categoria:"
page 41.txt,323,"Informações de localização (localização geral e, se você fornecer permissão, localização de GPS precisa)"
page 41.txt,324,"
Categorias de fontes"
page 41.txt,325,"
Indivíduos/Você
"
page 41.txt,326,"A sua utilização dos nossos serviços/coleta automática
Agentes/fornecedores de serviços
Terceiros
Exemplos de usos"
page 41.txt,327,"
Fornecer os serviços, incluindo a operação de um marketplace que permite que os comerciantes ofereçam e que os usuários encontrem e comprem itens
Correção e melhoria dos serviços
"
page 41.txt,328,"Receber pagamentos
"
page 41.txt,329,"Personalização de conteúdo
Marketing e publicidade"
page 41.txt,331,"Comunicação com você
"
page 41.txt,332,"Analisar o uso do serviço
"
page 41.txt,333,"Encontrar recursos e serviços locais
Prevenção, detecção, investigação e resposta a fraudes, acesso/uso não autorizado dos serviços, violações de termos e políticas
"
page 41.txt,334,Categorias de terceiros com os quais podemos compartilhar essas informações
page 41.txt,335,"
Prestadores de serviços/agentes
Afiliados
Terceiros
Categoria:"
page 41.txt,336,"Outras informações que identificam ou podem ser razoavelmente associadas a você (como conteúdo gerado pelo usuário)
Categorias de fontes"
page 41.txt,337,"
Indivíduos/Você
"
page 41.txt,338,"A sua utilização dos nossos serviços/coleta automática
Agentes/fornecedores de serviços
Afiliados
Terceiros"
page 41.txt,340,Exemplos de usos
page 41.txt,341,"
Fornecer os serviços, incluindo a operação de um marketplace que permite que os comerciantes ofereçam e que os usuários encontrem e comprem itens
Correção e melhoria dos serviços
"
page 41.txt,342,"Receber pagamentos
"
page 41.txt,343,"Personalização de conteúdo
Marketing e publicidade"
page 41.txt,345,"Comunicação com você
"
page 41.txt,346,Analisar o uso do serviço
page 41.txt,347,"
Prevenção, detecção, investigação e resposta a fraudes, acesso/uso não autorizado dos serviços, violações de termos e políticas
"
page 41.txt,348,Categorias de terceiros com os quais podemos compartilhar essas informações
page 41.txt,349,"
Prestadores de serviços/agentes
Afiliados
Terceiros
Comerciantes (onde você divulga publicamente as informações)"
page 41.txt,350,"
Outros usuários (onde você divulga publicamente as informações)
13.2 Direitos
"
page 41.txt,351,"Se for residente na Califórnia, você pode ter certos direitos."
page 41.txt,352,A lei da Califórnia pode permitir que você nos solicite:
page 41.txt,354,Disponibilizar para você as categorias de informações pessoais que coletamos ou divulgamos sobre você nos últimos doze meses; as categorias das fontes dessas informações;
page 41.txt,355,o fim empresarial ou comercial da coleta ou da venda de suas informações pessoais; e as categorias de terceiros com quem compartilhamos as informações pessoais.
page 41.txt,357,O fornecimento de acesso e/ou uma cópia de certas informações que mantemos sobre você.
page 41.txt,359,A exclusão de determinadas informações que temos sobre você.
page 41.txt,360,"
Você pode ter o direito de receber informações sobre os incentivos financeiros que oferecemos a você."
page 41.txt,361,Você também tem o direito de não sofrer discriminação (conforme previsto na lei aplicável) pelo exercício de alguns dos seus direitos.
page 41.txt,362,Determinadas informações podem ser isentas de tais solicitações ao abrigo da lei aplicável.
page 41.txt,363,Precisamos de determinados tipos de informações para que possamos fornecer os Serviços a você.
page 41.txt,364,"Se nos pedir para excluí-las, você pode não ser mais capaz de acessar ou usar os Serviços."
page 41.txt,365,"
Para obter mais informações sobre como acessar, revisar e corrigir as informações da sua conta; desativar determinados tipo de marketing, publicidade, coleta de localização e cookies; e desativar sua conta, consulte a Seção 7 desta Política de privacidade (acima)."
page 41.txt,367,"Se você desejar exercer qualquer um dos seus direitos de consumidor da Califórnia, envie uma solicitação em privacy@wish.com ou visite o site ou app Wish, onde você poderá selecionar a equipe de atendimento ao cliente."
page 41.txt,368,"A partir daí, siga as instruções para enviar uma mensagem diretamente à nossa equipe de atendimento ao cliente."
page 41.txt,369,Você será obrigado a verificar sua identificação antes de atendermos a sua solicitação.
page 41.txt,370,"Para fazer isso, normalmente é preciso demonstrar o controle da conta em questão e demonstrar ser residente na Califórnia."
page 41.txt,371,Você pode também nomear um agente autorizado para fazer uma solicitação em seu nome.
page 41.txt,372,"Para isso, é necessário que nos envie uma autorização por escrito ou uma procuração, assinada por você, para que o agente atue em seu nome."
page 41.txt,373,"Ainda assim, será necessário confirmar a sua identidade diretamente conosco."
page 41.txt,374,"
13.3 California Shine the Light
Caso resida na Califórnia, você pode solicitar a lista de terceiros que receberam suas informações para fins de marketing direto durante o ano civil anterior."
page 41.txt,375,A lista contém também os tipos de informações que foram compartilhadas.
page 41.txt,376,Disponibilizamos a lista sem nenhum custo.
page 41.txt,377,"Para solicitá-la, entre em contato conosco pelo e-mail privacy@contextlogic.com."
