Document,Parag_number,Paragraph_Text
page 63.txt,0,"Atualizada em 07 de outubro de 2020
Olá!"
page 63.txt,1,"Neste espaço descreveremos as práticas da OLX e suas afiliadas no Brasil, em relação a dados pessoais coletados por meio do nosso website: www.olx.com.br e também por meio de aplicativos para dispositivos móveis e serviços e ferramentas associados, incluindo o Chat (“Sites”)."
page 63.txt,3,Na nossa Política de Privacidade explicamos
page 63.txt,4,"quais dados pessoais de usuários (""Usuários"" ou ""você"") coletamos nos Sites e qual o tratamento dado a estes dados."
page 63.txt,5,"
Lembre-se que o uso dos Sites está condicionado, ainda, aos Termos e Condições de Uso que você encontra AQUI e do qual esta Política de Privacidade é parte integrante."
page 63.txt,7,Use nosso índice para ir direto a qualquer assunto abordado nesse espaço:
page 63.txt,8,"
1."
page 63.txt,9,"A que se aplica esta Política de Privacidade
1.1."
page 63.txt,10,Aplicação.
page 63.txt,11,"Nossa Política de Privacidade aplica aos dados fornecidos por você e coletados quando você cria uma conta, publica anúncios, troca mensagens, navega ou faz qualquer uso dos Sites."
page 63.txt,12,"
1.2."
page 63.txt,13,Não Aplicação.
page 63.txt,14,"Esta Política de Privacidade não se aplica para sites de terceiros, ainda que você os acesse por links contidos nos Sites."
page 63.txt,15,"A OLX NÃO SE RESPONSABILIZA POR ESTES SITES E CONTEÚDOS E, AINDA, NÃO COMPARTILHA, SUBSCREVE, MONITORA, VALIDA OU ACEITA"
page 63.txt,16,A FORMA
page 63.txt,17,"COMO ESSES SITES OU FERRAMENTAS DE ARMAZENAMENTO DE CONTEÚDO COLETAM, PROCESSAM E TRANSFEREM"
page 63.txt,18,SUAS
page 63.txt,19,INFORMAÇÕES PESSOAIS.
page 63.txt,20,Recomendamos que você consulte as respectivas políticas de privacidade para se informar adequadamente a respeito do uso de suas informações pessoais por outros sites ou outras ferramentas.
page 63.txt,21,"
2."
page 63.txt,22,"Informações coletadas, recebidas e armazenadas
"
page 63.txt,23,"As seguintes informações são coletadas, recebidas e armazenadas pela OLX:
a)"
page 63.txt,24,Informações da conta.
page 63.txt,25,"Quando você cria uma conta na OLX ou interage de qualquer outra forma nos Sites, nós coletamos algumas informações, como o seu nome, endereço de e-mail, senha, número de telefone, número de CPF, documento de identificação, informações financeiras, fotos e movimentações transacionais dentro das nossas plataformas;"
page 63.txt,26,"
b)"
page 63.txt,27,Serviços de autenticação.
page 63.txt,28,"Se você optar por fazer login nos Sites por meio de um serviço de autenticação de terceiros, como o Facebook Connect, a OLX também pode receber e armazenar informações adicionais do seu perfil ou outras informações autorizadas pelo fornecedor deste serviço;"
page 63.txt,29,"
c)"
page 63.txt,30,Informações de anúncios.
page 63.txt,31,"Quando você publica no site da OLX, além das
informações do produto anunciado, serão divulgadas algumas informações do
seu perfil, como seu nome, telefone, data do seu último acesso ao Site, a data
de criação do seu perfil no Site e um link para acesso aos seus outros anúncios."
page 63.txt,32,"
Note que suas publicações ficam acessíveis a terceiros, podendo ser listadas como resultados de ferramentas de pesquisa, inclusive no cache destas ferramentas de pesquisa, em feeds e outros websites por acordos entre estes e a OLX."
page 63.txt,33,"Você reconhece que a OLX não tem ingerência sobre os sites de terceiros e suas indexações;
d)"
page 63.txt,34,"Jogos, publicidade e promoções."
page 63.txt,35,"A OLX pode coletar suas informações pessoais quando você participa de jogos, quizzes e outras ações de marketing promovidas por nós nos Sites e em sites de terceiros."
page 63.txt,36,"Essas informações incluem acessos a visualização de anúncios nos Sites ou em sites terceiros;
e)"
page 63.txt,37,Atendimento ao cliente.
page 63.txt,38,"Caso você precise entrar em contato com o nosso departamento de atendimento ao cliente, a OLX pode coletar as informações pessoais necessárias para atender seu pedido e contatá-lo, bem como informações sobre suas comunicações com a OLX;
f) Endereços IP, cookies e identificadores."
page 63.txt,39,"Seu endereço IP e outros dados
relativos à sua conexão poderão ser utilizados para personalizar os nossos
serviços e ajudar a compreender como os Usuários utilizam os Sites."
page 63.txt,40,"A OLX pode bloquear o acesso ao Site de Usuários alocados em alguns países, identificados de acordo com o IP."
page 63.txt,41,"Além disso, a OLX pode coletar informações que poderão ser utilizadas nos Sites por meio de tecnologias como tags, cookies, pixels, armazenamento local, e ferramenta para coleta de informações a respeito de ligações telefônicas originadas dos links do Site, independentemente de cadastro do Usuário."
page 63.txt,42,"
g)"
page 63.txt,43,Informações coletadas automaticamente.
page 63.txt,44,"Quando você acessa os Sites ou serviços de terceiros, a OLX pode receber e registrar informações de seu navegador ou dispositivo em nossos servidores, como por exemplo Identificador de Publicidade do Android, do iOS ou de outros sistemas operacionais análogos, bem como dados de localização recebidos a partir dos sensores do dispositivo."
page 63.txt,45,"Além desses dados, também podemos coletar de dados sobre publicidade no dispositivo, incluindo cliques efetuados a partir dele, impressões e tempo de permanência em publicidade."
page 63.txt,46,"Cumprindo os requisitos de transparência, detalhamos abaixo os dados do seu dispositivo que podem ser coletados se você se utiliza de um dos nossos apps:
(i)"
page 63.txt,47,"Identificadores anônimos de publicidade do dispositivo, atributos do dispositivo móvel e aplicativos instalados no respectivo aparelho;"
page 63.txt,48,"
(ii) Dados dos sensores do aparelho;
(iii) Dados anonimizados de localização do aparelho por meio de GPS ou rede celular."
page 63.txt,49,"
Note que a OLX pode permitir que terceiros, tais como prestadores de serviço de publicidade e estatística, coletem quaisquer das informações especificadas neste item, utilizando esse tipo de tecnologia diretamente nos sites da empresa."
page 63.txt,50,"Para acessar a lista de terceiros em nosso site, CLIQUE AQUI."
page 63.txt,51,"
h)"
page 63.txt,52,Chat.
page 63.txt,53,"As comunicações realizadas por meio do nosso Chat não têm caráter privado e as mensagens são armazenadas nos servidores da OLX;
i)"
page 63.txt,54,Chamadas telefônicas.
page 63.txt,55,"Poderão ser coletados data, hora, duração,
originador e áudio das ligações realizadas por meio de acionamento do link de
chamadas telefônicas disponível nos anúncios do Site pelos Usuários."
page 63.txt,56,"
j)"
page 63.txt,57,Informações de entidades de proteção ao crédito.
page 63.txt,58,"Podemos receber e
armazenar outras informações a seu respeito, tais como as informações
mantidas por entidades de apoio ao crédito, ou informações publicamente
disponíveis, para fins de análise de crédito e prevenção a fraudes."
page 63.txt,59,"
3."
page 63.txt,60,"Uso da Informação
"
page 63.txt,61,As informações são coletadas pela OLX conforme previsto nesta Política de Privacidade com o objetivo de prestar o serviço de forma adequada.
page 63.txt,62,Estas informações são fundamentais para:
page 63.txt,63,"
a)"
page 63.txt,64,"Criar e gerenciar contas que você possa ter conosco, verificar sua identidade"
page 63.txt,65,", prestar nossos serviços por meio dos Sites,, resolver dificuldades técnicas e habilitar ou desabilitar funcionalidades;
b)"
page 63.txt,66,"Customizar ofertas e experiências no Site, tornando sua experiência conosco o mais personalizada possível, dentro do que permite a legislação aplicável;"
page 63.txt,67,"
c) Entrar em contato com o Usuário, incluindo sobre assuntos relacionados ao serviço, atendimento ao cliente ou comunicações de marketing;
d)"
page 63.txt,68,"Realizar operações internas, incluindo suporte aos nossos clientes, solução
de problemas, análise de dados, testes, pesquisas e estatística, a fim de melhorar os nossos serviços;
e)"
page 63.txt,69,"Fazer valer os Termos de Uso da OLX, incluindo o combate à fraude e a quaisquer ilícitos, e, conforme estabelecer, exercer e defender direitos;"
page 63.txt,70,"
f)"
page 63.txt,71,"Conforme exigido pelas leis e regulamentos aplicáveis; e
g) Para outras finalidades as quais fornecemos um aviso específico no momento da coleta, ou, de outro modo, conforme autorizado ou exigido por lei."
page 63.txt,72,"
4."
page 63.txt,73,"Monitoramento
"
page 63.txt,74,"A OLX pode utilizar ferramentas automatizadas de análise do Chat para diversas finalidades, com o objetivo de aperfeiçoar os Sites e a ferramenta."
page 63.txt,75,"Dentre tais finalidades, as ferramentas podem ser utilizadas para identificar, entre as mensagens trocadas entre você e outros Usuários no Chat, eventuais informações que possam violar ou trazer suspeitas de violação aos Termos de Uso ou à legislação vigente."
page 63.txt,76,"
Para tanto, será facultando o acesso humano às mensagens, restrito às hipóteses estritamente necessárias para oferecer a funcionalidade e melhor a experiência do Usuário da plataforma e sempre de acordo com os Termos de Uso aplicáveis e a legislação vigente."
page 63.txt,77,"A OLX poderá fornecer cópia das mensagens às autoridades competentes, independente de comunicação aos Usuários, para fins de cooperação em investigações, inquéritos, processos judiciais ou administrativos."
page 63.txt,78,"Em caso de denúncias de condutas suas em violação ou com indícios de violação aos Termos de Uso à legislação por outro Uusário (""Denunciante"") que estiver trocando mensagens com você, o Denunciante poderá, voluntariamente, divulgar referida comunicação à OLX."
page 63.txt,79,"Sempre que uma das partes da conversa solicitar o histórico do diálogo, a OLX poderá divulgar tais informações."
page 63.txt,80,"
5."
page 63.txt,81,"Compartilhamento de Informação
"
page 63.txt,82,"A OLX poderá compartilhar suas informações pessoais com outras empresas do seu grupo econômico, com outros Usuários, parceiros de negócio e prestadores de serviços, que sejam relevantes para fins de viabilizar a prestação dos serviços."
page 63.txt,83,Referido compartilhamento ocorre com base nos seguintes critérios e para as finalidades descritas abaixo:
page 63.txt,84,"
a)"
page 63.txt,85,"Empresas do Grupo OLX: podemos compartilhar as suas informações com nossas afiliadas ou entidades que oferecem os serviços conjuntamente conosco, em qualquer país, que poderão tratar estas informações para nos auxiliar nos propósitos descritos acima, atuando sob esta Política de Privacidade;"
page 63.txt,86,"
b)"
page 63.txt,87,"Transferência de Ativos: Caso a OLX, ou uma divisão da OLX, seja reorganizada ou vendida e sejam transferidos todos ou substancialmente todos os ativos a um novo proprietário, sua informação pessoal pode ser transferida ao comprador independentemente de sua autorização para garantir a continuidade dos serviços;"
page 63.txt,88,"
c)"
page 63.txt,89,"Outros Usuários: compartilhamento dos dados que sejam informados por um Usuário interessado em um anúncio com o Usuário anunciante, para a finalidade de promover a interação entre as partes (por exemplo, um Usuário interessado poderá ver o telefone de contato do Usuário anunciante caso o Usuário anunciante tenha optado por deixar seu telefone de contato visível);
d)"
page 63.txt,90,Prestadores de serviço terceirizados:
page 63.txt,91,"Trabalhamos com prestadores de serviço terceirizados para nos ajudar a operar, executar, aprimorar, entender, personalizar, dar suporte e anunciar nossos serviços."
page 63.txt,92,"Quando compartilhamos dados com prestadores de serviço terceirizados, exigimos que eles utilizem seus dados de acordo com nossas instruções e termos ou mediante seu consentimento expresso, quando aplicável;
e)"
page 63.txt,93,Aprimoramento dos Sites:
page 63.txt,94,"A OLX poderá compartilhar dados que não identificam nossos Usuários individualmente com terceiros prestadores de serviços, parceiros de confiança ou pesquisadores aprovados, no intuito de melhor compreender quais publicidades e serviços podem interessá-lo, para melhorar a qualidade e a efetividade geral dos nossos serviços ou serviço deles, ou para contribuir em pesquisas acadêmicas."
page 63.txt,95,"Os dados oriundos da ferramenta para identificação de informações relativas a chamadas telefônicas originadas dos links do Site serão limitados ao conteúdo transcrito da gravação, bem como características do áudio identificado para fins exclusivos de machine learning, sem acesso direto pela OLX ou pelo terceiro."
page 63.txt,96,"
f)"
page 63.txt,97,"Órgãos reguladores, autoridades judiciais ou administrativas e entidades de proteção ao crédito: podemos compartilhar as suas informações pessoais para prestar às autoridades competentes todas as informações que forem solicitadas com relação ao Usuário e operações por ele executadas nos Sites."
page 63.txt,98,"Ademais, podemos compartilhar as suas informações pessoais com autoridades públicas ou entidades privadas para combate à fraude e abuso na rede da OLX, para investigação de suspeitas de violação da lei, ou para combater qualquer outra suspeita de descumprimento dos nossos Termos de Uso ou da lei;"
page 63.txt,99,"
g)"
page 63.txt,100,Com a sua autorização:
page 63.txt,101,"Em outros casos não previstos acima, havendo o objetivo de compartilhamento dos dados pessoais e informações, enviaremos você uma notificação com informações a respeito de tal compartilhamento para solicitar o seu consentimento, para finalidade determinada."
page 63.txt,102,"
6."
page 63.txt,103,"Controle do Usuário
"
page 63.txt,104,"O Usuário tem a liberdade de escolher quais informações quer fornecer para a OLX, entretanto, algumas delas são essenciais para a prestação dos Serviços."
page 63.txt,105,"
6.1."
page 63.txt,106,"Acesso, correção e exclusão."
page 63.txt,107,"É possível corrigir ou excluir qualquer informação fornecida ao criar uma conta ou anúncio, enviando um e-mail para o canal de atendimento ou acessando o menu """
page 63.txt,108,"Minha Conta"" no Site."
page 63.txt,109,"O e-mail informado não pode ser alterado, sendo permitido cadastrar apenas um e-mail para cada conta."
page 63.txt,110,Se sua conta foi criada por meio de provedor de identidade (p. ex.
page 63.txt,111,"Facebook Connect),"
page 63.txt,112,você pode também desabilitar ou trocar a informação da conta por meio das configurações oferecidas por este provedor de identidade (p. ex.
page 63.txt,113,no site facebook.com).
page 63.txt,114,"
6.2."
page 63.txt,115,Escolha de terceiros.
page 63.txt,116,É possível desabilitar seus anúncios e usar informações para publicidade dirigida baseada em interesses.
page 63.txt,117,Você pode visitar os sites http://www.youronlinechoices.com e http://www.networkadvertising.org para aprender mais e escolher sobre como esse tipo de informação pode ser coletada e utilizada.
page 63.txt,118,"
6.3."
page 63.txt,119,Cookies.
page 63.txt,120,"É possível desabilitar os cookies do seu navegador, mas é importante que você saiba que, se o fizer, poderá haver uma piora na funcionalidade de algumas ferramentas."
page 63.txt,121,"
6.4."
page 63.txt,122,Coleta de bloco de dados.
page 63.txt,123,"Caso você deseje limitar as informações que a OLX coleta e armazena, você deve acessar a seção 'Minha Conta' do Site e editar as informações fornecidas."
page 63.txt,124,"Algumas informações são necessárias e obrigatórias para viabilizar a utilização do Site e que, ao excluir ou bloquear certas informações, seu uso dos Sites e Serviços pode ter uma queda da funcionalidade."
page 63.txt,125,"
7."
page 63.txt,126,"Responsabilidades do Usuário
7.1."
page 63.txt,127,Informações em Anúncios.
page 63.txt,128,Qualquer informação que os Usuários compartilharem em anúncios é de sua própria responsabilidade.
page 63.txt,129,"Os Usuários devem considerar com cautela os riscos de deixar certas informações - especialmente informações pessoais, tais como endereço preciso - publicamente disponíveis em um anúncio."
page 63.txt,130,Recomendamos que Você leia nossas dicas e procure sempre a nossa Central de Ajuda caso enfrente qualquer dificuldade ou tenha dúvidas sobre como proceder e fazer negócios.
page 63.txt,131,"
7.2."
page 63.txt,132,Informações Publicadas.
page 63.txt,133,Qualquer informação que Usuários disponibilizarem em perfis publicamente disponíveis ou no Chat (se o Usuário decidir usar este serviço) é de Sua própria responsabilidade.
page 63.txt,134,Você deve cuidadosamente considerar os riscos de fazer certas declarações ou publicar informações pessoais - especialmente informações como endereço ou localização precisa.
page 63.txt,135,Um Usuário pode copiar/fotografar suas mensagens e circular entre outros Usuários ou fora dos Sites.
page 63.txt,136,A OLX não tem responsabilidade por mensagens ou atos de terceiros que ocorram em decorrência da informação que você tornou publicamente disponível a terceiro ou que você compartilhou com qualquer pessoa ou com outro Usuário.
page 63.txt,137,"
8."
page 63.txt,138,"Direitos do Usuário
"
page 63.txt,139,Os Usuários possuem alguns direitos no que se refere aos seus dados pessoais e podem exercê-los entrando em contato conosco enviando um e-mail para o canal de atendimento.
page 63.txt,140,"Tais direitos são:
a)"
page 63.txt,141,Confirmação da existência de tratamento de dados pessoais:
page 63.txt,142,"Mediante requisição do Usuário, a OLX concederá a confirmação da existência de tratamento de dados pessoais, nos termos da legislação aplicável;"
page 63.txt,143,"
b)"
page 63.txt,144,Acesso aos dados pessoais:
page 63.txt,145,O Usuário pode requisitar acesso aos seus dados pessoais coletados e que estejam armazenados pela OLX;
page 63.txt,146,"
c)"
page 63.txt,147,"Correção de dados incompletos, inexatos ou desatualizados:"
page 63.txt,148,"O Usuário poderá, a qualquer momento, alterar e editar os seus dados pessoais, fazendo o login da sua conta;"
page 63.txt,149,"
d)"
page 63.txt,150,Portabilidade dos dados:
page 63.txt,151,"O Usuário poderá, mediante requisição expressa, solicitar a portabilidade de seus dados a outro fornecedor de serviço ou produto."
page 63.txt,152,"Em algumas ocasiões a portabilidade poderá não ser efetuada em virtude da garantia de segredos comerciais ou industriais;
e) Exclusão de dados:"
page 63.txt,153,"O Usuário poderá, a qualquer momento, solicitar a anonimização, bloqueio ou eliminação de dados desnecessários, excessivos ou tratados em desconformidade com a legislação aplicável;"
page 63.txt,154,"
f)"
page 63.txt,155,Informações sobre uso compartilhado de dados: Essa Política de Privacidade descreve as atividades de compartilhamento de dados pessoais pela OLX.
page 63.txt,156,Para receber mais informações sobre como compartilhamos os seus dados entre em contato conosco.
page 63.txt,157,"
g)"
page 63.txt,158,Revogação do consentimento:
page 63.txt,159,"Quando solicitarmos o seu consentimento, o Usuário poderá revogá-lo, a qualquer momento, mediante manifestação gratuita e facilitada."
page 63.txt,160,O Usuário reconhece que todos os tratamentos realizados anteriormente à revogação do consentimento são ratificados e que o pedido de revogação não implicará na eliminação dos dados pessoais anteriormente tratados e que sejam mantidos pela OLX com base em outros fundamentos legais.
page 63.txt,161,"
9."
page 63.txt,162,"Dados de Crianças e Adolescentes
"
page 63.txt,163,A OLX não coleta ou armazena intencionalmente dados ou informações pessoais de crianças ou adolescentes menores de 18 (dezoito) anos.
page 63.txt,164,"Mediante notificação ou descoberta, a OLX empreenderá todos os esforços razoáveis para apagar ou destruir qualquer informação pessoal que possa ter sido coletada ou armazenada sem nosso conhecimento ou consentimento."
page 63.txt,165,"
10."
page 63.txt,166,"Interações Com Sites De Terceiros
"
page 63.txt,167,Podemos disponibilizar links para outros sites na Internet.
page 63.txt,168,"A OLX NÃO SE RESPONSABILIZA POR ESTES SITES E CONTEÚDOS E, AINDA, NÃO COMPARTILHA, SUBSCREVE, MONITORA"
page 63.txt,169,OU VALIDA
page 63.txt,170,A FORMA
page 63.txt,171,"COMO ESSES SITES OU FERRAMENTAS DE ARMAZENAMENTO DE CONTEÚDO COLETAM, PROCESSAM E TRANSFEREM"
page 63.txt,172,SUAS
page 63.txt,173,INFORMAÇÕES PESSOAIS E PRIVADAS.
page 63.txt,174,Recomendamos que você consulte as respectivas políticas de privacidade de tais sites para se informar adequadamente a respeito do uso de suas informações pessoais por outros sites ou outras ferramentas.
page 63.txt,175,"
11."
page 63.txt,176,"Término do Tratamento
"
page 63.txt,177,Esta Política de Privacidade se aplica às circunstâncias acima mencionadas durante todo o período em que a OLX armazenar os seus dados.
page 63.txt,178,"Armazenamos e mantemos suas informações: (i) pelo tempo exigido por lei; (ii) até o término do tratamento de dados pessoais, conforme mencionado abaixo; ou (iii) pelo tempo necessário a preservar o legítimo interesse da OLX."
page 63.txt,179,"Assim, trataremos seus dados, por exemplo, durante os prazos prescricionais aplicáveis ou enquanto necessário para cumprimento de obrigação legal ou regulatória."
page 63.txt,180,"Durante todo este período, aplica-se esta Política."
page 63.txt,181,"
O término do tratamento de dados pessoais ocorrerá nos seguintes casos: (i) quando a finalidade para qual o dado pessoal foi coletado for alcançada, e/ou os dados pessoais coletados deixarem de ser necessários ou pertinentes ao alcance de tal finalidade; (ii) quando o Usuário solicitar a exclusão de seus dados; e (iii) quando houver uma determinação legal neste sentido."
page 63.txt,182,"
Nos casos de término de tratamento de dados pessoais, ressalvadas as hipóteses estabelecidas pela legislação aplicável ou pela presente Política de Privacidade, os dados pessoais serão eliminados e esta Política não será mais aplicável ao seu relacionamento com a OLX."
page 63.txt,183,"
12."
page 63.txt,184,"Alteração na Política de Privacidade
"
page 63.txt,185,"Com a constante evolução do modelo de negócio, a OLX reserva-se o direito de alterar esta política de privacidade a qualquer momento, mediante publicação da versão atualizada nos Sites."
page 63.txt,186,"Caso exista uma alteração material no tratamento dos dados pessoais, você será informado e terá a oportunidade de analisar a política revisada antes de decidir continuar usando nossos serviços."
page 63.txt,187,"
13."
page 63.txt,188,"Identificação do Controlador e do Encarregado de Proteção de Dados
"
page 63.txt,189,A Bom Negócio Atividades de Internet Ltda
page 63.txt,190,.
page 63.txt,191,"(“OLX”), empresa inscrita no CNPJ/MF sob o número 13.673.743/0002-55, com sede na Rua do Catete, 359, Flamengo - 22220-001 - Rio de Janeiro, RJ, é a empresa controladora dos dados pessoais coletados dos Usuários no âmbito desta Política de Privacidade."
page 63.txt,193,O encarregado/a pelo tratamento de dados pessoais da OLX (“Encarregado”) pode ser contatado de forma direta por aqui - este é um canal exclusivo para contato sobre questões específicas sobre seus dados e esta Política.
page 63.txt,194,"
Caso necessite de suporte com qualquer questão relacionada ao uso do site, utilize o CANAL DE ATENDIMENTO para que seu contato seja direcionado aos times responsáveis."
