Document,Parag_number,Paragraph_Text
page 226.txt,0,"Esta política de privacidade rege o uso do software CONSTRUCALC e CONSTRUCALC PRO (""Aplicativo"") para dispositivos móveis criados por TRESIUM SOLUÇÕES (“Tresium”)."
page 226.txt,1,"Esta política é aplicável para a descrição básica dos recursos, funcionalidades, serviços e conteúdo do aplicativo."
page 226.txt,3,"Esta política é usada para informar os usuários sobre as políticas de coleta, uso e divulgação de Informações Pessoais, caso alguém decida usar os Serviços e Funcionalidades oferecidas pelo Aplicativo ou pela Tresium."
page 226.txt,5,"Se você optar por usar o aplicativo, você concorda com a coleta e uso de informações em relação a esta política."
page 226.txt,6,As Informações Pessoais obtidas são usadas para fornecer e melhorar o aplicativo ou a Tresium.
page 226.txt,7,"As Informações Pessoais não serão usadas nem compartilhadas com ninguém (pessoas ou empresas), exceto conforme descrito nesta Política de Privacidade."
page 226.txt,8,"
1) Coleta e Uso de Informações
1.1)"
page 226.txt,9,"Não serão solicitadas informações pessoais (E-mail, senhas pessoais, localização, contatos, documentos, dentre outros) pelo Aplicativo ou pela Tresium;
1.2)"
page 226.txt,10,"Não serão realizados acessos não autorizados à recursos do dispositivo (Câmera, Geolocalização, agenda e outros do aparelho/dispositivo do usuário) pelo Aplicativo ou pela Tresium;
1.3)"
page 226.txt,11,"Caso sejam fornecidas informações pelo próprio usuário através dos canais de comunicação informados no aplicativo (E-mail, redes sociais, aplicativos mensageiros, etc.), estas informações fornecidas explicitamente não serão compartilhadas com terceiros sem a autorização do usuário;
1.4)"
page 226.txt,12,"O aplicativo usa serviços de terceiros que podem coletar informações usadas para identificá-lo, sendo de responsabilidade dos mesmos a coleta e uso destas informações."
page 226.txt,13,Link para a política de privacidade de provedores de serviços de terceiros usados pelo aplicativo:
page 226.txt,14,"
2) Cookies
2.1)"
page 226.txt,15,Cookies são arquivos com uma pequena quantidade de dados que são comumente usados como identificadores exclusivos anônimos.
page 226.txt,16,Estes são enviados para o seu navegador a partir dos sites que você visita e são armazenados na memória interna do seu dispositivo.
page 226.txt,17,"
2.2)"
page 226.txt,18,Este serviço não usa esses “cookies” explicitamente.
page 226.txt,19,"No entanto, o aplicativo pode usar código de terceiros e bibliotecas que usam ""cookies"" para coletar informações e melhorar seus serviços."
page 226.txt,20,Você tem a opção de aceitar ou recusar esses cookies e saber quando um cookie está sendo enviado para o seu dispositivo.
page 226.txt,21,"
2.3)"
page 226.txt,22,"Se você optar por recusar estes cookies, talvez não consiga usar algumas partes deste Serviço e é recomendado que assim deixe de usar o aplicativo, inclusive realizando a exclusão/desinstalação do mesmo."
page 226.txt,23,"
3)"
page 226.txt,24,"Provedores de Serviços
3.1)"
page 226.txt,25,A Tresium pode empregar ou contratar empresas e/ou indivíduos terceiros devido às seguintes razões:
page 226.txt,26,"
a) Facilitar, melhorar ou aprimorar os serviços prestados pela Tresium;
b)"
page 226.txt,27,"Facilitar, melhorar ou aprimorar os recursos e serviços do Aplicativo;"
page 226.txt,28,"
c) Fornecer o Serviço em nome da própria Tresium ou do Aplicativo;
d)"
page 226.txt,29,"Para ajudar a analisar como o aplicativo está sendo utilizado;
e) Possíveis parcerias com outras empresas e/ou serviços."
page 226.txt,30,"
3.2) É informado aos usuários deste aplicativo que esses terceiros poderão ter acesso às suas informações coletadas através dos recursos fornecidos pelos itens expostos no item “1.4” desta política de privacidade."
page 226.txt,31,"
4) Segurança
4.1)"
page 226.txt,32,"A segurança do usuário é valorizada e todos os esforços necessários para manutenção dos dados e informações dos usuários serão realizados, destacando que os dados coletados através dos serviços de terceiros expostos no item “1.4” são de responsabilidade dos próprios terceiros."
page 226.txt,33,"
4.2)"
page 226.txt,34,O Aplicativo ou a Tresium não solicita senhas e/ou documentos pessoais aos usuários.
page 226.txt,35,"
5)"
page 226.txt,36,"Pagamentos
"
page 226.txt,37,"O ConstruCalc Pro é pago e utiliza serviços de terceiros para processamento de pagamentos, sendo que os detalhes do cartão de pagamento não são armazenados em nenhum momento."
page 226.txt,38,"Essas informações são fornecidas diretamente aos processadores de pagamento de terceiros, cujo uso de suas informações pessoais é regido por sua Política de Privacidade."
page 226.txt,39,"Os processadores de pagamento com os quais trabalhamos são:
-Android: Google Play Services
-IOS: App Store Guidelines
6) Links à outros sites
6.1)"
page 226.txt,40,Este aplicativo pode conter links para outros sites.
page 226.txt,41,"Se você clicar em um link de terceiros, você será direcionado para esse site."
page 226.txt,42,Observe que esses sites externos não são operados pela Tresium ou pelo Aplicativo.
page 226.txt,43,"Portanto, é aconselhado que você revise a Política de Privacidade desses sites, não sendo de responsabilidade da Tresium ou do Aplicativo, o conteúdo, políticas de privacidade ou práticas de sites ou serviços de terceiros."
page 226.txt,44,"
7) Privacidade Infantil
7.1)"
page 226.txt,45,Os recursos e serviços do aplicativo não abordam ninguém com idade inferior a 13 anos.
page 226.txt,46,"
7.2)"
page 226.txt,47,Não são recolhidas intencionalmente informações de identificação pessoal de crianças com menos de 13 anos.
page 226.txt,48,"
7.3)"
page 226.txt,49,"No caso de detecção de que crianças com menos de 13 anos forneceram informações pessoais, estes dados serão excluídos imediatamente."
page 226.txt,50,"Se você é pai / mãe ou responsável legal e sabe que seu filho utiliza ou utilizou os recursos do Aplicativo ou entrou em contato através dos canais disponíveis, entre em contato com a Tresium para as providências necessárias."
page 226.txt,51,"
8)"
page 226.txt,52,"Alterações desta Política de Privacidade
8.1)"
page 226.txt,53,"Esta Política de Privacidade pode ser atualizada periodicamente, mesmo sem aviso prévio."
page 226.txt,54,"
8.2)"
page 226.txt,55,É aconselhado que você revise esta página periodicamente para informar-se de quaisquer alterações.
page 226.txt,56,"
8.3) Estas alterações entram em vigor imediatamente após serem publicadas nesta página."
page 226.txt,57,"
9)"
page 226.txt,58,"Contato
"
page 226.txt,59,"Se você tiver algum questionamento ou dúvidas sobre as informações desta Política de Privacidade ao usar os serviços fornecidos pela Tresium ou o Aplicativo, ou mesmo tenha algum questionamento sobre as práticas adotadas, entre em contato conosco através do email contato@tresium.com.br
"
