Document,Parag_number,Paragraph_Text
page 25.txt,0,"Declaração de Privacidade
"
page 25.txt,1,Data de atualização:
page 25.txt,2,"15 de setembro de 2020
Versão Anterior: Acesse aqui
"
page 25.txt,3,Os seus dados são seus.
page 25.txt,4,Respeitamos a sua privacidade e tratamos os seus dados como parte da nossa missão de proporcionar um serviço cada vez melhor.
page 25.txt,5,"Essa Declaração de Privacidade descreve como obtemos, armazenamos, utilizamos e compartilhamos as suas informações."
page 25.txt,6,"
A proteção dos seus dados e da sua privacidade são muito importantes para o iFood."
page 25.txt,7,"Recomendamos que você conheça as nossas práticas como um todo, mas aqui estão alguns pontos importantes para que você entenda como seus dados são tratados no iFood:"
page 25.txt,8,"
●"
page 25.txt,9,Os dados que você cadastra em nossas plataformas são tratados de forma segura e limitamos o tratamento para suas devidas finalidades.
page 25.txt,11,●
page 25.txt,12,"Seus dados completos de cartão não ficam armazenados em nossas bases, mas sim em seu telefone celular ou dispositivo utilizado na compra."
page 25.txt,14,●
page 25.txt,15,"Você pode alterar suas preferências de comunicação no próprio aplicativo, mas ainda poderemos contatá-lo para informações sobre o seu pedido."
page 25.txt,17,●
page 25.txt,18,Você poderá tirar suas dúvidas e solicitar informações a qualquer momento através da aba Ajuda em nossas plataformas.
page 25.txt,19,"
1."
page 25.txt,20,A quem essa Declaração se aplica?
page 25.txt,22,"Esta Declaração de Privacidade, também chamada de “Declaração”, é aplicável àqueles que acessarem ou se cadastrarem em nossa Plataforma (conforme definição abaixo) e àqueles que de qualquer outra forma utilizarem os produtos do iFood."
page 25.txt,23,"
Nosso aplicativo e site serão denominados, em conjunto, como Plataforma ou Plataformas."
page 25.txt,24,"Quando houver menção aos termos “iFood”, “nós” ou “nossos”, estamos nos referindo ao iFood; da mesma forma, toda vez que houver menção aos termos “você”, “seu”, “sua”, estamos nos referindo a Você."
page 25.txt,25,"
2."
page 25.txt,26,Quem controla o tratamento dos dados pessoais?
page 25.txt,28,O controlador é a pessoa física ou jurídica que decide sobre o tratamento de dados pessoais.
page 25.txt,29,"
Quando você acessar ou se cadastrar em nossa Plataforma, o iFood exerce o papel de controlador do tratamento de seus dados pessoais, atuando conforme a legislação aplicável e conforme descrito na presente Declaração."
page 25.txt,30,"
3."
page 25.txt,31,Quais dados são coletados?
page 25.txt,32,"
3.1 Dados que você nos fornece
"
page 25.txt,33,"Quando você criar uma conta para ser um usuário registrado no iFood, poderemos obter uma série de informações sobre você, tais como:"
page 25.txt,34,A)
page 25.txt,35,"Dados do seu perfil
"
page 25.txt,36,"Esses dados incluem seu nome, CPF (quando aplicável), e-mail, endereço de entrega, número de telefone e preferências de contato."
page 25.txt,37,"Informamos que comunicar o CPF é opcional, sendo necessária sua indicação para certos estabelecimentos para fins fiscais."
page 25.txt,38,"
Para criar o seu cadastro no Website ou Aplicativo do iFood, você pode ainda usar a sua conta em redes sociais."
page 25.txt,39,"Por exemplo, ao utilizar o Facebook para se inscrever no nosso Serviço, você estará permitindo que o iFood acesse as informações pessoais em sua conta do Facebook, tais como seu nome e e-mail (caso os tenha cadastrado no Facebook)."
page 25.txt,40,"As informações que iremos obter, nesse caso, são as mesmas assim e dependem das suas configurações de privacidade junto ao serviço de rede social."
page 25.txt,41,B)
page 25.txt,42,Dados de pagamento
page 25.txt,43,"
Ao fazer o seu pedido pelo iFood, é possível que, a depender do restaurante escolhido, você possa fazer o pagamento diretamente por nossas plataformas."
page 25.txt,44,"
Ao escolher fazer o pagamento direto no nosso Website ou Aplicativo, você poderá nos fornecer os seus dados de pagamento, tais como aqueles de cartão de crédito e de meios de pagamento parceiros."
page 25.txt,45,"
Atenção: suas informações de pagamento online são armazenadas somente de forma anonimizada pelo iFood (6 primeiros e 4 últimos dígitos do cartão), de modo que não temos acesso aos seus dados financeiros completos."
page 25.txt,46,C)
page 25.txt,47,"Dados de localização
"
page 25.txt,48,"Para realizarmos a entrega do seu pedido, nós precisamos que você também nos informe a sua localização ou a localização do local em que gostaria que entregássemos o seu pedido."
page 25.txt,49,"
Essa localização pode ser fornecida pelo endereço que você inserir manualmente no aplicativo, ou através da localização obtida do seu dispositivo via GPS e redes móveis (torres de celular, Wi-Fi e outras modalidades de localização) e confirmada por você."
page 25.txt,50,"
Para fins da lei n° 12.965 de 2014 (Marco Civil da Internet), ou qualquer lei que venha substituí-la, a localização fornecida será considerada como dado cadastral."
page 25.txt,51,"
3.2 Dados gerados durante a utilização dos serviçosA)"
page 25.txt,52,"Dados dos seus dispositivos
"
page 25.txt,53,"Nós podemos coletar informações automaticamente sobre os dispositivos a partir dos quais você acessa o iFood como: endereços IP, tipo de navegador e idioma, provedor de Serviços de Internet (ISP), páginas de consulta e saída, sistema operacional, informações sobre data e horário, dados sobre a sequência de cliques, fabricante do dispositivo, operadora, modelo, versão do aparelho, versão do aplicativo, versão do sistema operacional, identificador de publicidade do aparelho (IDFA), informações de acessibilidade do aparelho e redes Wi-Fi."
page 25.txt,54,B)
page 25.txt,55,"Dados transacionais e dados sobre sua utilização
"
page 25.txt,56,"Coletamos dados sobre suas interações em nossa plataforma, incluindo data e horário de acessos, buscas e visualizações na Plataforma."
page 25.txt,57,"Também podemos coletar dados transacionais relacionados aos uso dos nossos serviços como detalhes do pedido, data e hora do pedido, valor cobrado, distância entre o estabelecimento e local de entrega e método de pagamento."
page 25.txt,58,"C) Dados de comunicação
Intermediamos a comunicação entre usuários, entregadores e estabelecimentos parceiros através da nossa Plataforma."
page 25.txt,59,"Permitimos, por exemplo, que usuários, entregadores estabelecimentos parceiros, enviem mensagens através do chat ou de telefone anonimizados."
page 25.txt,60,"Para prestar este serviço, o iFood recebe alguns dados relativos às chamadas, textos ou outras comunicações, incluindo a data e hora das comunicações e o conteúdo das comunicações."
page 25.txt,61,"
3.3 Informações não-pessoais"
page 25.txt,62,"
Nós também podemos obter informações não-pessoais, ou seja, dados que não permitem a associação direta com qualquer pessoa especificamente."
page 25.txt,63,São exemplos de dados não-pessoais o agrupamento de pedidos por região.
page 25.txt,64,"
4."
page 25.txt,65,Como utilizamos esses dados?
page 25.txt,67,"4.1 Prover nossos serviços
"
page 25.txt,68,"Podemos utilizar os dados coletados para prover, manter, melhorar e personalizar nossos produtos e serviços destinados a você, existentes ou a serem criados."
page 25.txt,70,Esse tratamento inclui a utilização dos dados para:
page 25.txt,71,Criar e atualizar sua conta; permitir o preparo e entrega dos pedidos pelos estabelecimentos parceiros;
page 25.txt,72,personalizar sua conta;
page 25.txt,73,e prover operações internas necessárias.
page 25.txt,74,"
Também poderemos usar seus dados pessoais para fins internos, tais como auditoria, análise de dados e pesquisas para aprimorar os produtos, serviços e comunicações com os clientes, bem como geração de análises estatísticas com respeito ao uso dos nossos serviços, incluindo tendências de consumo."
page 25.txt,75,"
4.2 Avaliação de restaurantes
"
page 25.txt,76,"Ao enviar comentários e feedback com relação à Plataforma e os serviços de delivery dos nossos parceiros, você nos autoriza a publicar e utilizar tais comentários e feedbacks na Plataforma, bem como a analisar, processar e tratar esse feedback de forma isolada ou agregada."
page 25.txt,77,"Para tanto, apenas identificamos você através de seu nome de cadastro."
page 25.txt,78,"
4.3 Comunicação não comercial
Periodicamente poderemos usar seus dados pessoais para enviar avisos e notificações importantes, como comunicados sobre compras, alterações em prazos, condições e políticas."
page 25.txt,79,"Como estas informações são importantes para a sua interação com o iFood, você não poderá optar por não receber esse tipo de comunicação, já que são inerentes ao uso do serviço."
page 25.txt,80,"
4.4 Suporte
Também teremos acesso às suas informações quando você solicitar suporte sobre problemas com pedidos ou entregas, seja por meio da aba “Ajuda” no Website ou no Aplicativo."
page 25.txt,81,"
Neste caso, poderemos utilizar informações como seus dados cadastrais para:"
page 25.txt,82,nos certificarmos de que você é o usuário que solicitou o pedido em questão;
page 25.txt,83,direcionar suas dúvidas para o atendente de suporte;
page 25.txt,84,investigar e direcionar seu problema e; monitorar e melhorar nossos procedimentos de suporte.
page 25.txt,85,"
4.5 Gerenciamento de pagamentos efetuados online
Segurança da informação e compliance com a legislação financeira é uma das grandes preocupações do iFood."
page 25.txt,86,"Por isso, armazenamos suas informações financeiras apenas de forma anonimizada, o que nos impede de ter acesso a seus dados financeiros completos."
page 25.txt,87,"
Além disso, somente processamos seus dados para a finalidade especificada, qual seja, a de permitir que uma transação seja efetuada online com cobrança para você."
page 25.txt,88,Não se preocupe:
page 25.txt,89,o iFood nunca processará suas informações financeiras e/ou bancárias de forma a desrespeitar as normas de compliance aplicáveis.
page 25.txt,90,"
4.6 Segurança e prevenção à fraudes
"
page 25.txt,91,Nós também podemos utilizar seus dados pessoais para aprimorar a nossa segurança e melhorar os serviços e as ofertas do iFood destinadas a você.
page 25.txt,92,"Dessa forma, podemos analisar e solucionar problemas técnicos, bem como identificar e coibir fraudes na utilização do nosso serviço."
page 25.txt,93,"
4.7 Marketing"
page 25.txt,95,"Nós poderemos usar seus dados pessoais para enviar publicidade, bem como outros materiais promocionais voltados ao marketing de nossos serviços e de novidades para você, o que inclui marketing direcionado em redes sociais e notificações push."
page 25.txt,96,"
Nesse caso, você pode optar por não receber mais notificações de marketing a qualquer momento, alterando as suas preferências pelo Aplicativo, na aba “Gerenciar notificações” em “Configurações”."
page 25.txt,97,"
Além disso, poderemos compartilhar apenas as informações estritamente necessárias para essa finalidade com parceiros do iFood, para fins de desenvolver campanhas de marketing mais relevantes para interessados nos produtos do iFood, como sua identificação de usuário, telefone ou e-mail."
page 25.txt,98,O iFood somente compartilhará dados com parceiros que possuírem política de privacidade que ofereça níveis compatíveis de proteção àquele oferecido por essa declaração.
page 25.txt,99,"
4.8 Promoções
"
page 25.txt,100,"Se você participar de um concurso, competição ou qualquer outra modalidade de promoção, poderemos usar as informações que você fornecer para administrar esses programas."
page 25.txt,102,"4.9 Pesquisas diversas
"
page 25.txt,103,Podemos utilizar seus dados para entrar em contato diretamente com você a fim de coletar feedbacks importantes para aprimoramento de nossos serviços.
page 25.txt,104,"Nesta hipótese, você será questionado se deseja participar da pesquisa em questão, sempre podendo se recusar a nos ajudar em nossa melhoria diária."
page 25.txt,105,"
4.10 Requisições legais e regulatórias
"
page 25.txt,106,Seus dados poderão ser utilizados para endereçarmos reivindicações jurídicas e regulatórias relacionadas à utilização dos nossos serviços.
page 25.txt,107,"
6."
page 25.txt,108,Como os dados são armazenados?
page 25.txt,109,"
6.1 Onde os dados são armazenados?"
page 25.txt,111,"Os dados que coletamos de você são armazenados em serviços de nuvem confiáveis de parceiros que podem estar localizados no Brasil ou em outros países que ofereçam Serviço de armazenamento de nuvem confiáveis e usualmente utilizados por empresas de tecnologia, tais como Estados Unidos da América (EUA) e em países da América Latina e da Europa."
page 25.txt,112,"
Na contratação desses serviços, o iFood sempre busca empresas que empregam alto nível de segurança no armazenamento de suas informações, estabelecendo contratos que não violam as definições de privacidade previstas nesta Declaração"
page 25.txt,113,"
6.2"
page 25.txt,114,Por quanto tempo os dados são armazenados?
page 25.txt,116,"O iFood armazena as suas informações durante o período necessário para as finalidades apresentadas nos Termos e Condições de Uso do iFood e nesta Declaração de Privacidade, respeitando o período de retenção de dados determinado pela legislação aplicável."
page 25.txt,118,"Caso você solicite a exclusão de sua conta, as suas informações pessoais fornecidas ao iFood durante a sua utilização dos nossos serviços serão excluídos, salvo para as finalidades permitidas pela legislação de proteção de dados."
page 25.txt,119,"
Em alguns casos, poderemos reter suas informações mesmo que você exclua sua conta, tais como nas hipóteses de guarda obrigatória de registros previstas em leis aplicáveis, se houver uma questão não resolvida relacionada à sua conta (como, por exemplo, uma reclamação ou disputa não resolvida), bem como para o exercício regular de nossos direitos, ou ainda caso seja necessário para nossos interesses legítimos, como prevenção de fraudes e aprimoramento da segurança dos nossos usuários."
page 25.txt,120,"
7."
page 25.txt,121,O iFood transfere os dados para outros países?
page 25.txt,123,"O iFood poderá realizar transferências internacionais de dados para outros países, tais como Estados Unidos da América e para países da União Europeia e da América Latina, a fim de realizar algumas das atividades envolvidas nos serviços prestados a você."
page 25.txt,125,"Em qualquer caso de compartilhamento com parceiros ou prestadores de serviços localizados em outros países, estabelecemos contratualmente que o parceiro possua padrão de proteção de dados e segurança da informação compatível com esta Declaração e com a legislação aplicável."
page 25.txt,126,"
8."
page 25.txt,127,Como os dados são compartilhados?
page 25.txt,128,"
8.1 Provedores de serviços
"
page 25.txt,129,"Por razões de processamento de dados em nome do iFood, poderemos compartilhar dados para terceiros prestadores de serviços."
page 25.txt,130,"Nesse caso, os dados serão tratados de forma a proteger a sua privacidade, tendo essas empresas o dever contratual de proteção compatível com a legislação aplicável e com os termos deste Declaração de Privacidade do iFood."
page 25.txt,131,"
Nós podemos utilizar os serviços dessas empresas para facilitar nosso serviço, prover o serviço do iFood em nosso nome e executar atividades relacionadas ao serviço, incluindo: manutenção dos serviços; gerenciamento de banco de dados, sistemas de computadores e provedores de armazenamento em nuvem;"
page 25.txt,132,central de atendimento ao cliente; agências de publicidade.
page 25.txt,133,"
Em relação ao pagamento de suas compras em nossa Plataforma, caso opte por pagar diretamente online, nós poderemos compartilhar seus dados de pagamento com empresas processadores de pagamento com os quais trabalhamos."
page 25.txt,134,Esse compartilhamento é feito com o fim exclusivo de viabilizar a compra efetivada por você.
page 25.txt,135,"
Essas empresas ou indivíduos têm acesso à sua informação pessoal, restrito ao necessário, apenas para executar atividades solicitadas pelo iFood e são obrigados a não usar ou divulgar tais informações para nenhuma outra finalidade."
page 25.txt,136,"
8.2 Estabelecimentos parceiros do iFood
"
page 25.txt,137,"Ao fazer um pedido em um estabelecimento parceiro por nossa Plataforma, nós podemos compartilhar algumas informações suas com esse estabelecimento parceiro, bem como fornecer dados a respeito do pedido em específico."
page 25.txt,138,"Os dados compartilhados podem incluir nome, endereço de entrega e CPF (quando for solicitado)."
page 25.txt,140,"Caso você inicie um chat com o estabelecimento durante a entrega, compartilharemos os mesmos dados citados acima além do conteúdo da mensagem escrita por você."
page 25.txt,141,"
8.3 Parceiros comerciais
"
page 25.txt,142,"Podemos compartilhar seus dados com empresas com atividades financeiras ou comerciais com as quais o iFood mantém um relacionamento de colaboração ou parceria, a fim de oferecer promoções, produtos e serviços dessas empresas em conjunto
"
page 25.txt,143,"Nesses casos, são firmados acordos ou contratos com o objetivo de proteger a privacidade dos dados pessoais de nossos usuários e o cumprimento da legislação aplicável para que todas as medidas cabíveis para garantir o cumprimento dos padrões de confidencialidade e segurança sejam tomadas."
page 25.txt,144,"
8.4 Empresas do Grupo iFood
"
page 25.txt,145,As empresas do Grupo do iFood seguem o mesmo padrão de proteção de dados pessoais descrito nesta Declaração de Privacidade do iFood e obedecem às mesmas finalidades descritas neste documento.
page 25.txt,146,"Ao compartilharmos os seus dados com essas empresas, as mesmas garantias e cuidados que o iFood possui com os seus dados serão replicados pelas empresas do Grupo do iFoo
"
page 25.txt,147,"O compartilhamento de dados com empresas do Grupo do iFood terá como finalidades: (a) o desenvolvimento de novos produtos, funcionalidades e serviços, bem como sua melhoria e aperfeiçoamento; (b) a oferta de produtos e serviços que melhor atendam aos seus interesses; (c) geração de dados estatísticos e agregados acerca do uso de nossos produtos e serviços e perfis dos usuários; (d) marketing, prospecção, pesquisas de mercado, de opinião e promoção de produtos e serviços; e (e) investigações e medidas de prevenção e combate a ilícitos e fraudes."
page 25.txt,148,"
8.5"
page 25.txt,149,"Em alteração de controle societário do iFood
"
page 25.txt,150,"No caso de operações societárias, como reestruturação, fusão ou venda de ativos do iFood, do grupo econômico ou de parte dele, seus dados poderão ser transferidos, desde que respeitados os termos da presente Declaração."
page 25.txt,151,"
8.6 Publicidade e Serviços de análise
"
page 25.txt,152,"Para entregarmos publicidade e promoções adequadas para você, bem como aperfeiçoar nossos serviços, nós também podemos compartilhar os seus dados anonimizados com empresas especializadas em marketing e análise de dados digitais que ofereçam nível de proteção de dados compatível com esta Declaração de Privacidade."
page 25.txt,153,"
8.7"
page 25.txt,154,"Entrega de pedidos
"
page 25.txt,155,"Para que seja realizada a entrega de seu pedido, podemos compartilhar com nossos parceiros de entrega seu nome e endereço."
page 25.txt,156,"
Caso sua entrega seja realizada por um entregador cadastrado na plataforma do iFood, você poderá iniciar um chat para resolver diretamente eventuais problemas de entrega."
page 25.txt,157,"
8.8 Autoridades públicas
"
page 25.txt,158,"O iFood também poderá compartilhar suas informações com autoridades policiais ou judiciais, autoridades públicas competentes ou outros terceiros, dentro e fora do país em que você reside, caso seja requerido pela legislação aplicável, por decisão judicial e por requisição de autoridades, ou se necessário para responder a processos judiciais ou para participar em eventuais litígios ou disputas de qualquer natureza."
page 25.txt,159,"
Nestas situações, o iFood cooperará com as autoridades competentes na medida do estipulado por lei."
page 25.txt,160,"
Além disso, o iFood reserva a si a prerrogativa de compartilhar informações sobre seus usuários a terceiros quando houver motivos suficientes para considerar que a atividade de um usuário é suspeita, ilegal ou prejudicial ao iFood ou a terceiros."
page 25.txt,162,"Essa prerrogativa será utilizada pelo iFood quando considerar apropriado ou necessário para manter a integridade e a segurança do seu serviço, para o cumprimento dos seus Termos e Condições de Uso, para o exercício regular de seus direitos e com o intuito de cooperar com a execução e o cumprimento da lei, independentemente de existir ou não uma ordem judicial ou administrativa para tanto."
page 25.txt,163,"
9."
page 25.txt,164,Como protegemos seus dados?
page 25.txt,166,"O iFood adota medidas de segurança, técnicas e administrativas aptas a proteger os dados pessoais de acessos não autorizados e de situações acidentais ou ilícitas de destruição, perda, alteração, comunicação ou qualquer forma de tratamento inadequado ou ilícito."
page 25.txt,167,"
Utilizamos os princípios estipulados por lei, respeitando a sua privacidade e protegendo seus dados em nossos processos internos como um todo."
page 25.txt,168,"
Só tratamos os seus dados mediante alto grau de segurança, implementando as melhores práticas em uso na indústria para a proteção de dados, tais como técnicas de criptografia, monitoramento e testes de segurança periódicos."
page 25.txt,169,"
10."
page 25.txt,170,Como iremos notificá-lo em caso de mudanças à essa Declaração?
page 25.txt,172,"O iFood poderá atualizar essa Declaração de Privacidade periodicamente, sendo que a versão em vigor será sempre a mais recente."
page 25.txt,173,"
Se fizermos alguma alteração na Declaração em termos materiais, colocaremos um aviso no nosso Website, Aplicativo ou te enviar um e-mail, juntamente com a Declaração Privacidade atualizada."
page 25.txt,174,"
Para verificar a data da versão em vigor, verifique a “Data de atualização” no início desse documento."
page 25.txt,175,"
11."
page 25.txt,176,Como exercer seus direitos enquanto titular de dados pessoais?
page 25.txt,178,"A fim de exercer seus direitos enquanto titular de dados pessoais, o iFood disponibiliza meios específicos para as requisições através da aba “Ajuda” em nossas Plataformas."
page 25.txt,179,"
Você pode clicar no menu inferior “Perfil”, depois em “Ajuda” e, em seguida, “Conta” e encontrará respostas e direcionamento específicos para sua requisição."
page 25.txt,181,"Se você tiver algum questionamento ou dúvida com relação a esta Declaração de Privacidade do iFood ou qualquer prática aqui descrita, você também poderá entrar em contato conosco através da nossa página de Ajuda na Plataforma."
