Document,Parag_number,Paragraph_Text
page 465.txt,0,O 'ano que vem' chegou!
page 465.txt,1,"
Para de deixar para depois."
page 465.txt,2,Aproveite 44% OFF no 12min
page 465.txt,3,Premium
page 465.txt,4,!
page 465.txt,5,"
Válido a partir de 1 de Julho de 2016
"
page 465.txt,6,Esse site é operado por 12 MIN SERVICOS DIGITAIS
page 465.txt,7,E NEGOCIOS LTDA.
page 465.txt,8,"Em todo o site, os termos “nós”, “nos” e “nosso” se referem à 12 MIN SERVICOS"
page 465.txt,9,DIGITAIS
page 465.txt,10,E NEGOCIOS LTDA.
page 465.txt,11,"
12 MIN SERVICOS DIGITAIS"
page 465.txt,12,"E NEGOCIOS LTDA oferece esse site, incluindo toda informação, ferramentas e serviços disponíveis deste site para você, o usuário, condicionada a sua aceitação de todos os termos, condições, políticas e avisos declarados aqui."
page 465.txt,13,"Ao visitar nosso site e/ou comprar algo de nós, você se envolve em nosso “Serviço” e concorda estar vinculado pelos seguintes termos e condições (“Termos de Serviço”, “Termos”), incluindo aqueles termos, condições e políticas adicionais referenciados neste documento e/ou disponíveis por hyperlink."
page 465.txt,15,"Esses Termos de Serviço se aplicam para todos os usuários do site, incluindo, sem limitação, os usuários que são navegadores, fornecedores, clientes, comerciantes, e/ou contribuidores de conteúdo."
page 465.txt,16,"
Por favor, leia estes Termos de Serviço cuidadosamente antes de acessar ou usar o nosso site."
page 465.txt,17,"Ao se cadastrar ou utilizar o 12minutos, você estará legalmente vinculado a todos os termos e condições aqui presentes."
page 465.txt,18,"Caso você não concorde com qualquer das regras previstas, você não deverá se cadastrar, nem utilizar o 12minutos."
page 465.txt,19,"
Quaisquer novos recursos ou ferramentas que são adicionados à loja atual devem também estar sujeitas aos Termos de Serviço."
page 465.txt,20,Você pode revisar a versão mais atual dos Termos de Serviço a qualquer momento nessa página.
page 465.txt,22,"Nosso site é hospedado no AWS, uma subsidiária da Amazon.com, Inc. Eles nos fornecem uma plataforma de hospedagem online que nos permite vender produtos e serviços para você."
page 465.txt,24,"O 12minutos te fornecerá resumos de livros de não-ficção, chamados microbooks, que permitem que você compreenda seus conteúdos essenciais em poucos minutos."
page 465.txt,26,"O 12minutos ocasionalmente oferecerá aos novos usuários o uso do acesso à inscrição para fins de teste por um período de tempo determinado (o chamado ""teste"")."
page 465.txt,27,Nós determinaremos a nosso critério se você pode participar do período de testes.
page 465.txt,28,"Nos resta garantido o direito de parar ou alterar um teste gratuito em qualquer momento sem notificação prévia ou período de rescisão, se uma boa causa estiver presente."
page 465.txt,30,"O 12minutos opera uma plataforma para leitura móvel nos portais de internet http://www.12min.com.br, https://www.app.12min.com.br e outros sites, bem como através de aplicativos móveis - os chamados ""Aplicativos""."
page 465.txt,32,"Os administradores podem alterar os dados da sua conta, se necessário, para fins de manutenção de conta, se devidamente notificado ou requerido pelo usuário."
page 465.txt,33,"
O uso da plataforma (incluindo aplicativos) deve estar sujeito exclusivamente aos seguintes termos e condições gerais."
page 465.txt,34,"
Ao registrar e / ou usar os serviços 12minutos, você aceita o uso e a aplicação desses termos e condições."
page 465.txt,35,"
Reservamos o direito de recusar o serviço a qualquer um por qualquer motivo a qualquer momento."
page 465.txt,36,"Você entende que o seu conteúdo (não incluindo informações de cartão de crédito), pode ser transferido sem criptografia e envolver (a) transmissão por várias redes; e (b) alterações para se adaptar e se adequar às exigências técnicas de conexão de redes ou dispositivos."
page 465.txt,38,Informações de cartão de crédito são sempre criptografadas durante a transferência entre redes.
page 465.txt,39,"
Ao aceitar estes termos, você concorda em não reproduzir, duplicar, copiar, vender, revender ou explorar qualquer parte do Serviço, uso do Serviço, ou acesso ao Serviço ou qualquer contato no site através do qual o serviço é fornecido, sem permissão expressa escrita por nós."
page 465.txt,40,"
Não somos responsáveis se o conteúdo disponibilizado neste site - e no aplicativo móvel - não é preciso, completo ou atual."
page 465.txt,41,"O material neste site é fornecido para informações gerais apenas e não deve ser confiado ou usado como a única base para fazer decisões sem consultar fontes de informações primárias, mais precisas, mais completas ou mais atuais."
page 465.txt,43,"Esse site pode conter certas informações históricas que não são, necessariamente, atuais e são fornecidas para sua referência apenas."
page 465.txt,45,Os nossos preços estão sujeitos a alteração sem notificação prévia aos usuários.
page 465.txt,46,"Podemos modificar ou descontinuar o Serviço(ou qualquer parte ou conteúdo do mesmo), sem notificação, a qualquer momento."
page 465.txt,47,"Assim, não devemos ser responsabilizados por qualquer modificação, alteração de preço, suspensão ou descontinuação do Serviço."
page 465.txt,48,"
Certos produtos ou serviços podem estar disponíveis exclusivamente online através do site."
page 465.txt,49,"
Todas as descrições de produtos ou preços de produtos são sujeitos a alteração a qualquer momento sem notificação, a nosso critério exclusivo."
page 465.txt,50,Reservamos o direito de descontinuar qualquer produto a qualquer momento.
page 465.txt,51,Qualquer oferta por qualquer produto ou serviço feito nesse site é nula onde proibida.
page 465.txt,52,"
Não garantimos que a qualidade de quaisquer produtos, serviços, informações ou outros materiais comprados ou obtidos por você vão atender às suas expectativas, ou que quaisquer erros no Serviço serão corrigidos."
page 465.txt,53,"
Reservamos o direito de recusar qualquer pedido que você faça."
page 465.txt,54,"Podemos, a nosso próprio critério, limitar ou cancelar quantidades compradas por pessoas, por domicílio ou por pedido."
page 465.txt,55,Essas restrições podem incluir pedidos feitos por ou sob a mesma conta de cliente
page 465.txt,56,", o mesmo cartão de crédito, e/ou pedidos que usam a mesma fatura e/ou endereço de envio."
page 465.txt,57,"
No caso em que fizermos uma alteração para ou cancelar um pedido, podemos tentar notificá-lo ao contatar o e-mail e/ou endereço/número de telefone de faturamento fornecidos no momento que o pedido foi feito."
page 465.txt,58,"Reservamos o direito de limitar ou proibir pedidos que, em nosso critério exclusivo, parecem ser feitos por revendedores sem autorização prévia."
page 465.txt,59,"Aceitando estes Termos, você concorda em fornecer uma informação de conta e compra atual, completa e precisa para todas as compras feitas em nossa loja."
page 465.txt,60,"Você concorda em atualizar prontamente sua conta e outras informações, incluindo seu endereço de e-mail, números de cartão de crédito e datas de validade, para que possamos completar suas transações e contatar você quando preciso."
page 465.txt,61,"Para mais detalhes, por favor, revise nossa Política de Retorno."
page 465.txt,62,"
Podemos fornecer a você acesso a ferramentas de terceiros as quais não monitoramos nem temos qualquer controle nem entrada."
page 465.txt,63,"Você reconhece e concorda que nós fornecemos acesso a tais ferramentas ”com elas são” e “conforme disponíveis” sem quaisquer garantias, representações ou condições de qualquer tipo e sem qualquer endosso."
page 465.txt,64,"Nós não temos nenhuma responsabilidade, qualquer que seja, decorrente ou relacionada ao seu uso de ferramentas opcionais de terceiros."
page 465.txt,65,"
Você deve garantir que você é familiar com e aprova os termos em que as ferramentas são fornecidas pelos relevantes fornecedor(es) terceiro(s)."
page 465.txt,66,"Podemos também, no futuro, oferecer novos serviços e/ou recursos através do site (incluindo, o lançamento de novas ferramentas e recursos)."
page 465.txt,67,Tais recursos novos e/ou serviços devem também estar sujeitos a esses Termos de Serviço.
page 465.txt,68,"
Certos produtos, conteúdos e serviços disponíveis via nosso Serviço podem incluir materiais de terceiros."
page 465.txt,69,Links de terceiros neste site podem direcionar você para sites de terceiros que não são afiliados a nós.
page 465.txt,70,"Nós não somos responsáveis por examinar ou avaliar o conteúdo ou precisão e não garantimos ou nos responsabilidade por quaisquer materiais ou sites de terceiros, ou por quaisquer outros materiais, produtos, ou serviços de terceiros."
page 465.txt,71,"
Não somos responsáveis por quaisquer danos ou prejuízos relacionados com a compra ou uso de mercadorias, serviços, recursos, conteúdo, ou quaisquer outras transações feitas em conexão com quaisquer sites de terceiros."
page 465.txt,72,"Por favor, revise com cuidado as políticas e práticas dos terceiros e certifique-se que você as entenda antes de interagir em qualquer transação."
page 465.txt,73,"Queixas, reclamações, preocupações ou questões relativas a produtos de terceiros devem ser direcionadas ao terceiro."
page 465.txt,74,"
Se, a nosso pedido, você envia certas submissões específicas (por exemplo conteúdo para concorrer em uma promoção) ou sem um pedido nosso, você envia ideias criativas, sugestões, propostas, planos, ou outros materiais, seja online, por e-mail, por mala postal, ou de outra forma (coletivamente, 'comentários'), você concorda que podemos, a qualquer momento, sem restrição, editar, copiar, publicar, distribuir, traduzir e de outra forma usar esses comentários."
page 465.txt,75,"
Assim, não temos obrigação (1) em manter quaisquer comentários em sigilo; (2) pagar compensação por quaisquer comentários; ou (3) responder a quaisquer comentários."
page 465.txt,77,"Podemos, mas não temos a obrigação de, monitorar, editar ou remover conteúdo que nós determinamos em nosso próprio critério ser contra a lei, ofensivo, ameaçador, calunioso, difamatório, pornográfico, obsceno ou censurável ou que violem a propriedade intelectual de terceiros ou esses Termos de Serviço."
page 465.txt,78,"
Ao se cadastrar e utilizar os nossos serviços, você concorda que seus comentários não devem violar qualquer direito de terceiro, incluindo direitos autorais, marcas registradas, privacidade, personalidade ou outro direito pessoal ou de propriedade."
page 465.txt,79,"Você concorda ainda que os seus comentários não vão conter material difamatório ou de outra forma ilegal, abusivo ou obsceno, ou que contenham qualquer vírus de computador ou outro malware que poderia de alguma forma afetar a operação do Serviço ou qualquer site relacionado."
page 465.txt,80,"
Você não pode usar um endereço de e-mail falso, fingir ser alguém diferente de si mesmo, ou de outra forma enganar a nós ou terceiros quanto à origem de quaisquer comentários."
page 465.txt,81,Você é o único responsável por quaisquer comentários que faz e sua precisão.
page 465.txt,82,Nós não assumimos qualquer responsabilidade ou obrigação por quaisquer comentários publicados por você ou por qualquer terceiro.
page 465.txt,83,"
Ocasionalmente, podem haver informações no nosso site ou no Serviço que contenham erros tipográficos, imprecisões ou omissões que possam relacionar-se a descrições de produtos, preços, promoções, ofertas, taxas de envio do produto ou disponibilidade."
page 465.txt,84,"Reservamos o direito de corrigir quaisquer erros, imprecisões ou omissões, e de alterar ou atualizar informações ou cancelar encomendas se qualquer informação no Serviço ou no site relacionado é imprecisa, a qualquer momento e sem aviso prévio (incluindo depois de ter enviado o seu pedido)."
page 465.txt,85,"
Não assumimos nenhuma obrigação de atualizar, alterar ou esclarecer informações no Serviço ou em qualquer site relacionado, incluindo, sem limitação, a informações sobre preços, exceto conforme exigido por lei."
page 465.txt,86,"Nenhuma atualização especificada ou data de atualização aplicada no Serviço ou em qualquer site relacionado, devem ser tomadas para indicar que todas as informações no Serviço ou em qualquer site relacionado tenha sido modificada ou atualizada."
page 465.txt,87,"
Além de outras proibições, conforme estabelecido nos Termos de Serviço, você está proibido de usar o site ou o seu conteúdo:"
page 465.txt,88,"
(a) para qualquer finalidade ilegal; (b) para solicitar outros a realizar ou participar de quaisquer atos ilícitos; (c) violar quaisquer regulamentos internacionais, provinciais, estaduais ou federais, regras, leis ou regulamentos locais; (d) infringir ou violar os nossos direitos de propriedade intelectual ou os direitos de propriedade intelectual de terceiros; (e) para assediar, abusar, insultar, danificar, difamar, caluniar, depreciar, intimidar ou discriminar com base em gênero, orientação sexual, religião, etnia, raça, idade, origem nacional ou deficiência; (f) apresentar informações falsas ou enganosas; (g) para fazer o envio ou transmitir vírus ou qualquer outro tipo de código malicioso que será ou poderá ser utilizado em qualquer forma que afete a funcionalidade ou operação do Serviço ou de qualquer site relacionado, outros sites, ou da Internet; (h) coletar ou rastrear as informações pessoais de outras pessoas; (i) para fazer spam, phishing, pharm, pretexto, spider, crawl, ou scrape; (j) para qualquer finalidade obscena ou imoral; ou (k) para interferir ou contornar os recursos de segurança do Serviço ou de qualquer site relacionado, outros sites, ou a Internet."
page 465.txt,89,"
Reservamos o direito de terminar o seu uso do Serviço ou de qualquer site relacionado por violar qualquer dos usos proibidos."
page 465.txt,90,"
Ao concordar com estes Termos, você expressamente entende que o seu uso de, ou falta de habilidade de usar, o serviço é por sua conta e risco."
page 465.txt,91,"O serviço e todos os produtos e serviços entregues para você através do serviço são (exceto como expressamente declarado por nós) fornecidos 'como são' e 'conforme disponível' para seu uso, sem quaisquer representações, garantias ou condições de qualquer tipo, expressas ou implícitas, incluindo todas as garantias implícitas ou condições de comercialidade, quantidade negociável, adequação a uma finalidade específica, durabilidade, título, e não violação."
page 465.txt,93,Em nenhum caso devem a 12 MIN SERVICOS
page 465.txt,94,DIGITAIS
page 465.txt,95,"E NEGOCIOS LTDA, nossos diretores, oficiais, funcionários, afiliados, agentes, contratantes, estagiários, fornecedores, fornecedores de serviço ou licenciadores ser responsabilizados por qualquer prejuízo, perda, reclamação ou danos diretos, indiretos, incidentais, punitivos, especiais ou consequentes de qualquer tipo, incluindo, sem limitação, lucros cessantes, perda de receitas, poupanças perdidas, perda de dados, custos de reposição, ou quaisquer danos semelhantes, seja com base em contrato, ato ilícito (incluindo negligência), responsabilidade objetiva ou de outra forma, decorrentes do seu uso ou de qualquer um dos serviços ou produtos adquiridos usando o serviço."
page 465.txt,96,"
Da mesma forma, para qualquer outra reclamação relacionada de alguma forma para o seu uso do serviço ou qualquer produto, incluindo, mas não limitado a, quaisquer erros ou omissões em qualquer conteúdo, ou qualquer perda ou dano de qualquer tipo incorridos como resultado do uso do serviço ou qualquer conteúdo (ou produto) publicado, transmitido ou de outra forma disponível através do serviço, mesmo se avisados de sua possibilidade."
page 465.txt,97,"
Como alguns estados ou jurisdições não permitem a exclusão ou a limitação de responsabilidade por danos consequentes ou incidentais, em tais estados ou jurisdições, a nossa responsabilidade será limitada à extensão máxima permitida por lei."
page 465.txt,98,"
Nestes termos, ao utilizar o 12minutos você concorda em indenizar, defender e isentar 12 MIN SERVICOS DIGITAIS"
page 465.txt,99,"E NEGOCIOS LTDA e nossos subsidiárias, afiliadas, parceiros, funcionários, diretores, agentes, contratados, licenciadores, fornecedores de serviços, subcontratados, fornecedores e estagiários, de qualquer reclamação ou demanda judicial, o que inclui o pagamento de honorários razoáveis de advogados, feitos por quaisquer terceiros devido a ou resultantes de sua violação destes Termos de Serviço ou os documentos que incorporam por referência, ou a violação de qualquer lei ou os direitos de um terceiro."
page 465.txt,100,"
No caso de qualquer disposição destes Termos de Serviço for considerada ilegal, nula ou ineficaz, tal disposição deve, contudo, ser aplicável até ao limite máximo permitido pela lei aplicável, e a porção inexequível será considerada separada desses Termos de Serviço, tal determinação não prejudica a validade e aplicabilidade de quaisquer outras disposições restantes."
page 465.txt,102,As obrigações e responsabilidades das partes incorridas antes da data de rescisão devem sobreviver a rescisão deste acordo para todos os fins.
page 465.txt,103,"Esses Termos de Serviço são efetivos, a menos e até que seja rescindido por você ou por nós."
page 465.txt,104,"Você pode rescindir estes Termos de Serviço a qualquer momento,"
page 465.txt,105,"notificando-nos que já não deseja utilizar os nossos serviços, ou quando você deixar de usar o nosso site."
page 465.txt,106,"
Se em nosso critério exclusivo você falhar, ou nós suspeitarmos que você falhou, em cumprir com qualquer termo ou disposição destes Termos de Serviço, nós também podemos rescindir este contrato a qualquer momento sem aviso prévio e você permanecerá responsável por todas as quantias devidas até e incluindo a data da rescisão; e/ou em conformidade, podemos lhe negar acesso a nossos Serviços (ou qualquer parte dele)."
page 465.txt,108,A nossa falha em exercer ou executar qualquer direito ou disposição destes Termos de Serviço não constituirá uma renúncia de tal direito ou disposição.
page 465.txt,109,"
Quaisquer ambiguidades na interpretação destes Termos de Serviço não devem ser interpretadas contra a parte que a elaborou."
page 465.txt,110,"
Para fins de pagamento, as taxas pagas ao 12minutos serão cobradas na conta do cartão de crédito que você forneceu durante a encomenda da sua assinatura."
page 465.txt,111,"
No caso de acesso através de um código de desconto, o pagamento deve ocorrer através do método de pagamento estipulado nestes Termos de Uso, a saber:"
page 465.txt,112,cartões de crédito apenas.
page 465.txt,113,"
No caso de uma inscrição através do nosso iOS ou Android-Apps, o pagamento deve ocorrer por meio do processo de compra da Apple ou da Google."
page 465.txt,114,"
Sua obrigação de pagamento em relação ao 12minutos, dentro do acesso Premium, será renovado automaticamente no final do respectivo prazo de inscrição, se você não encerrar sua assinatura baseada em taxas pelo menos 24 horas antes do final do prazo."
page 465.txt,115,"
Cancelamento e reembolso:"
page 465.txt,116,O cancelamento será realizado pelo email contato@12min.com.br.
page 465.txt,117,"Se você comprou uma assinatura do 12minutos Premium através do nosso site e decidiu não continuar, escreva-nos nos primeiros 7 dias."
page 465.txt,118,Nós cancelaremos sua assinatura e reembolsaremos a compra.
page 465.txt,120,"O reembolso será realizado para compras feitas somente em nosso site, e não assinaturas adquiridas através da loja de aplicativos iTunes ou Google Play."
page 465.txt,122,"Se você não quer o serviço de assinatura nem as cobranças correspondentes, você deve encerrar o acesso de assinatura fornecido no período de teste antes da expiração deste, pelo nosso email de contato."
page 465.txt,123,"
Feito o cancelamento, a cessação do acesso à inscrição entrará em vigor no dia seguinte ao último dia do seu período de inscrição e você será rebaixado para um contrato de usuário gratuito (Free Service)."
page 465.txt,124,"Depois de renovar sua inscrição, você poderá acessar seu status antigo e suas listas de leitura."
page 465.txt,125,"
Você pode encerrar as assinaturas que adquiriu através do nosso web site entrando em contato pelo email: contato@12min.com.br."
page 465.txt,126,"
Você pode encerrar uma assinatura concluída através do iOS ou aplicativos Android nas configurações do iTunes / Google Play."
page 465.txt,127,"Fique atento às normas de cancelamento destes canais, pois não nos responsabilizamos caso eles não cancelem ou estornem o valor empregado na assinatura do 12minutos."
page 465.txt,128,"
Renovação automática: após a renovação automática da sua assinatura, você tem 03 (três) dias para desistência e cancelamento."
page 465.txt,130,"Esses Termos de Serviço e quaisquer acordos separados em que nós lhe fornecemos os Serviços devem ser regidos por e interpretados de acordo com as leis de Belo Horizonte, MG, 31270-217, Brasil."
page 465.txt,131,"
Você pode revisar a versão mais atual dos Termos de Serviço a qualquer momento nesta página."
page 465.txt,132,"Reservamos o direito, a nosso critério, de atualizar, modificar ou substituir qualquer parte destes Termos de Serviço ao publicar atualizações e alterações no nosso site."
page 465.txt,133,É sua responsabilidade verificar nosso site periodicamente.
page 465.txt,134,Seu uso continuado ou acesso ao nosso site ou ao Serviço após a publicação de quaisquer alterações a estes Termos de Serviço constitui aceitação dessas alterações.
page 465.txt,136,"Perguntas sobre os Termos de Serviço devem ser enviadas para nós em contato@12min.com.br
"
page 465.txt,137,"Se você escolher por assinar o 12minutos via nosso aplicativo iOS, combraremos sua assinaturas através da sua conta do iTunes."
page 465.txt,138,Na renovação você poderá ser cobrado até 24 horas antes do final da sua subscription.
page 465.txt,139,A renovação automática pode ser desabilitada na seção de configurações da sua conta Itunes.
page 465.txt,141,"Válido a partir de 1 de Julho de 2016
1."
page 465.txt,142,"O termo ""informações pessoais"" usado aqui, é definido como qualquer informação que identifica ou pode ser usada para identificar, contatar ou localizar a pessoa, a quem tal informação pertence."
page 465.txt,143,"As informações pessoais que coletamos estará sujeita a esta Política de Privacidade, a qual é alterada de tempos em tempos."
page 465.txt,144,"
2."
page 465.txt,145,Quando você se cadastra no 12minutos pedimos o seu endereço de e-mail.
page 465.txt,146,"
3."
page 465.txt,147,"O 12minutos utiliza as informações que são coletadas para os seguintes propósitos gerais: fornecimento de produtos e serviços, cobrança, identificação e autenticação, melhoria de serviços, contato e pesquisa."
page 465.txt,148,"
4."
page 465.txt,149,"Como parte do processo de compra e venda no 12minutos, podemos obter o endereço de e-mail e/ou endereço de entrega dos nossos clientes."
page 465.txt,150,"Ao aceitar nosso Acordo de Usuário, você concorda que as Informações Pessoais de outros usuários que você obtém através do 12minutos (ou através de uma comunicação relacionada ao 12minutos ou transação facilitada do 12minutos) lhe estão licenciadas apenas para comunicações relacionadas ao 12minutos que não sejam mensagens comerciais não solicitadas."
page 465.txt,152,O 12minutos não tolera spam.
page 465.txt,153,"Portanto, sem limitar o precedente, você não está licenciado a adicionar o nome de alguém que tenha comprado um item seu, para sua lista de correio (e-mail ou correio físico) sem que tenha consentimento expresso deles."
page 465.txt,154,"
Para identificá-lo eletronicamente, um cookie será armazenado no seu computador."
page 465.txt,155,"Temos uma ferramenta de ""remarketing"" executando que nos permite tomar nota das suas visitas ao nosso site e mostrar anúncios relevantes no nosso site e em toda a Internet."
page 465.txt,156,Você pode sempre optar por não ver.
page 465.txt,158,"O Padrão de Segurança de Dados da Indústria de Pagamento com Cartão (PCI-DSS) é um conjunto de requisitos de segurança gerenciados pelo Conselho de Padrões de Segurança PCI, um esforço conjunto das marcas de pagamento, incluindo Visa, MasterCard, American Express e Discover."
page 465.txt,159,Os requisitos do PCI-DSS ajudam a garantir a manipulação segura de informações de cartão de crédito pelos comerciantes e prestadores de serviços.
page 465.txt,160,"
Usaremos os padrões da indústria sobre segurança, os mesmos utilizados pelas grandes empresas de cartão de crédito, para ajudar você a manter uma conta segura no 12minutos."
page 465.txt,161,"
Reservamos o direito de modificar esta declaração de privacidade a qualquer momento, portanto, revise-a frequentemente."
page 465.txt,162,"Se fizermos alterações materiais a esta política, iremos notificá-lo aqui ou por meio de um aviso em nossa homepage, de modo que você está ciente das informações que coletamos, como as usamos, e sob quais circunstâncias, se houver, as divulgamos."
page 465.txt,164,Podemos alterar esta Política de Privacidade.
page 465.txt,165,"Se for uma grande mudança, iremos informá-lo, aqui."
page 465.txt,166,"
Quaisquer dúvidas sobre esta Política de Privacidade devem ser endereçadas a contato@12min.com.br"
page 465.txt,167,"
Última Atualização em 03 de outubro de 2017
"
page 465.txt,168,Agora você pode!
page 465.txt,169,Inicie um teste grátis e tenha acesso ao conhecimento dos maiores best-sellers de não ficção.
