Document,Parag_number,Paragraph_Text
page 752.txt,0,Você está lendo a política de privacidade da empresa Sebby Games.
page 752.txt,1,"Esta política descreve como a empresa se comporta perante você usuário, no que diz respeito à divulgação e marketing, coleta, utilização, processamento e compartilhamento de informações sobre você."
page 752.txt,2,"
A empresa Sebby Games tem o compromisso de proteger a sua privacidade e de todos os demais usuários que utilizam os nossos jogos."
page 752.txt,3,"
Ao acessar e usar os jogos e aplicativos da empresa Sebby Games, você indica sua concordância com os termos desta Política."
page 752.txt,5,O não fornecimento de determinados dados seus pode tornar limitada a sua experiência nos jogos da empresa Sebby Games.
page 752.txt,6,"Se você não concordar com os termos desta Política de privacidade, por favor, não nos forneça nenhuma informação e não utilize os nossos Serviços."
page 752.txt,8,"Se você tem entre 13 e 17 anos, recomendamos que a leitura e a aceitação dessa política deverá ser realizada juntamente com seus pais ou com o seu responsável legal."
page 752.txt,9,Se você tem menos de 13 anos é obrigatório a presença dos Pais ou representantes legais na leitura da presente política de privacidade.
page 752.txt,10,"
1.1 Entre em contato
"
page 752.txt,11,"Se você tiver dúvidas sobre proteção de dados ou se tiver alguma solicitação para resolver
problemas com seus dados pessoais, recomendamos que você entre em contato conosco para que possamos responder você o mais rapidamente."
page 752.txt,12,"
Nome da empresa responsável: Sebby Games"
page 752.txt,13,"
Site: https://sebbygames.com.br/"
page 752.txt,14,"
email:"
page 752.txt,15,"studiosebbygames@gmail.com
Endereço Físico: Rua Coelho Neto 79"
page 752.txt,16,Tasso Fragoso
page 752.txt,17,MA
page 752.txt,18,"65820-000
2."
page 752.txt,19,INFORMAÇÕES
page 752.txt,20,COLETADAS
page 752.txt,21,"PELA SEBBY GAMES
"
page 752.txt,22,"Quando você utiliza os aplicativos da Sebby Games e aceita a política de privacidade, você autoriza a empresa e os serviços contidos no jogo a coletar as seguintes informações de forma direta ou indireta:"
page 752.txt,23,"
2.1"
page 752.txt,24,"A maioria das informações coletadas é você que nos envia diretamente, seja jogando ou
interagindo com a publicidade."
page 752.txt,25,"De forma, grande parte das informações que coletamos
sobre você estão relacionadas ao tipo de dispositivo que você usa e à forma como joga
nossos jogos, podendo incluir informações enviadas ao criar uma conta conosco ou
informações cujo acesso tenha fornecido a nós ao conectar suas contas de redes sociais
com nossos jogos ou Serviços."
page 752.txt,26,"
2.2"
page 752.txt,27,"Não retemos nenhuma informação relacionada ao conteúdo das mensagens enviadas
no nosso bate-papo e sistemas de mensagens;"
page 752.txt,28,"Utilizamos ferramentas e serviços de
terceiros (Photon) para lhe oferecer uma ambiente de comunicação ainda mais dinâmico
e mais seguro, qualquer dúvida sobre o processamento de dados da empresa Photon,
você poderá acessar os termos da política de privacidade da empresa, o link da política
de privacidade se encontra no decorrer da nossa política de privacidade."
page 752.txt,29,"
2.3"
page 752.txt,30,"Ao registar no jogo podemos coletar informações relacionados ao seu nome, email, nome
de usuário (lembramos que qualquer senha utilizada nos nossos jogos trafega de forma
criptografada e não são armazenadas e nem utilizadas por essa empresa)."
page 752.txt,31,"Seu perfil de
usuário pode incluir informações pessoais e não pessoais, dependendo de como você
completa o perfil."
page 752.txt,32,"
2.4 Para lhe entregar um serviço cada vez melhor, podemos processar dados como o email
da conta associada a seu aparelho móvel, o IP utilizado no momento de interação com
o jogo, e dados de identificação do aparelho, modelo, País, ID de publicidade, ,
localização geográfica, IMEI, e demais informações necessárias coletados durante o uso
do jogo."
page 752.txt,33,"A Sebby Games poderá também coletar dados como conta, email, Nome e"
page 752.txt,34,"
idade, disponibilizados por ferramentas sociais, passíveis de serem utilizados pelo jogo,
sempre sob sua permissão."
page 752.txt,35,"
3."
page 752.txt,36,"O OBJETIVO DO PROCESSAMENTO DE DADOS
"
page 752.txt,37,O objetivo da coleta e utilização dos dados é a entrega de um serviço cada vez mais completo e melhor para a sua experiência.
page 752.txt,38,"Utilizamos os dados para operar os serviços do jogo, verificar e confirmar pagamentos, fornecer e entregar produtos solicitados, enviar comunicações relacionada aos serviços do jogo, dentre outras comodidades dentro do jogo."
page 752.txt,39,"
Além disso, o processamento de dados tem como objetivo manter o jogo seguro e justo."
page 752.txt,40,Garantir condições equitativas no jogo é uma prioridade para nós.
page 752.txt,41,"Para manter o Serviço e seus recursos sociais seguros e justos, combater a fraude e garantir um uso aceitável de outra forma, temos um interesse legítimo em processar os dados necessários para
1)"
page 752.txt,42,"Analisar e monitorar o uso do Serviço e seus recursos sociais
2)"
page 752.txt,43,"Bate-papo moderado, automático e/ou manualmente."
page 752.txt,44,"
3)"
page 752.txt,45,"Tomar medidas contra jogadores fraudulentos ou que se comportam mal
"
page 752.txt,46,"Além disso, focamos no melhoramento dos serviços de Publicidade, Análise, Serviços e
hospedagem de Plataforma, Desempenho de conteúdo e teste de recursos (teste A / B), Registro e autenticação, Infraestrutura monitoramento."
page 752.txt,47,"
3.1 Detalhes e serviços utilizados no processamento de dados
3.1.1 Publicidade
"
page 752.txt,48,O serviço de publicidade permite que os Dados do Usuário sejam utilizados para fins de comunicação de publicidade exibidos na forma de banners e outros anúncios neste aplicativo possivelmente com base nos interesses do Usuário.
page 752.txt,49,"
Para fins de publicidade, os jogos da empresa Sebby Games utiliza apenas o serviços Admob
(Google LLC), publicidade fornecido pelo Google LLC."
page 752.txt,50,"Para entender o uso de dados pelo Google, consulte a política de parceiros do Google."
page 752.txt,51,"
Local de processamento:"
page 752.txt,52,"Estados Unidos
3.1.2"
page 752.txt,53,"Teste de desempenho e recursos de conteúdo (teste A / B)
"
page 752.txt,54,"Os serviços contidos nesta seção permitem que o proprietário rastreie e análise a resposta do
jogador em relação ao tráfego ou comportamento em relação a alterações na estrutura, texto ou qualquer outro componente deste Aplicativo."
page 752.txt,55,"Todos os dados coletados nessa sessão estão seguros pela política de privacidade da Google, que pode ser acessada pelo seguinte site
"
page 752.txt,56,“https://policies.google.com/privacy”.
page 752.txt,57,"
Local de processamento: Estados Unidos"
page 752.txt,59,"3.1.3 Serviço de plataforma e hospedagem
"
page 752.txt,60,"Esses serviços têm o objetivo de hospedar e executar os principais componentes dos jogos da empresa Sebby Games, permitindo, portanto, o fornecimento deste Aplicativo a partir de uma plataforma unificada."
page 752.txt,61,"Essas plataformas fornecem uma ampla gama de ferramentas ao Proprietário – por exemplo, análises, registro de usuários, comentários, gerenciamento de banco de dados, comércio eletrônico, processamento de pagamentos – que implicam na coleta e no manuseio de Dados Pessoais."
page 752.txt,63,"Alguns desses serviços funcionam através de servidores distribuídos geograficamente, dificultando a determinação da localização real onde os Dados Pessoais são armazenados."
page 752.txt,65,Um dos serviços de plataformas utilizado é o da Google Play Store (Google LLC):
page 752.txt,66,"Este jogo é distribuído na Google Play Store, uma plataforma para distribuição de aplicativos móveis, fornecida pelo Google LLC."
page 752.txt,67,"Em virtude de ser distribuído por meio desta loja de aplicativos, o Google coleta dados de uso e diagnóstico e compartilha informações agregadas com o Proprietário."
page 752.txt,68,Muitas dessas informações são processadas de forma opcional.
page 752.txt,69,Os usuários podem desativar esse recurso de análise diretamente através das configurações do dispositivo.
page 752.txt,70,Mais informações sobre como gerenciar configurações de análise podem ser encontradas nesta página.
page 752.txt,71,Dados pessoais coletados: Dados de uso.
page 752.txt,72,"Todos os dados coletados nessa sessão estão seguros pela política de privacidade da Google, que pode ser acessada pelo seguinte site “https://policies.google.com/privacy”."
page 752.txt,73,"Local de processamento: Estados Unidos –
Outro serviço de plataforma utilizado é o APPLE STORE (APLE):"
page 752.txt,74,"Este jogo é distribuído na Apple Store, uma plataforma para distribuição de aplicativos móveis, fornecida pelo Apple."
page 752.txt,75,"Em virtude de ser distribuído por meio desta loja de aplicativos, a Apple coleta dados de uso e diagnóstico e compartilha informações agregadas com o proprietário do jogo."
page 752.txt,76,Muitas dessas informações são processadas de forma opcional.
page 752.txt,77,Os usuários podem desativar esse recurso de análise diretamente através das configurações do dispositivo.
page 752.txt,78,Mais informações sobre como gerenciar configurações de análise podem ser encontradas nesta página.
page 752.txt,79,Dados pessoais coletados: Dados de uso.
page 752.txt,80,"Todos os dados coletados nessa sessão estão seguros pela política de privacidade da Apple, que pode ser acessada pelo seguinte site “https://www.apple.com/br/legal/privacy/br/”."
page 752.txt,81,Local de processamento: Estados Unidos.
page 752.txt,82,"
3.1.4 Google Analytics
"
page 752.txt,83,Os serviços contidos nesta seção permitem ao Proprietário monitorar e analisar o tráfego da Web e podem ser usados para acompanhar o comportamento do Usuário.
page 752.txt,84,"
Para fins de análise, utilizamos os serviços do grupo Unity (Unity Technologies ApS):"
page 752.txt,85,"O Unity Analytics é um serviço de análise fornecido pela Unity Technologies ApS.
Dados pessoais coletados: Dados de uso; vários tipos de dados, conforme especificado na política de privacidade do serviço que pode ser acessada no seguinte site: https://unity3d.com/legal/privacypolicy;
Local de processamento: Dinamarca
3.1.5 Registro e Autenticação
"
page 752.txt,86,"Todos os serviços relacionados ao registro e autenticação dos jogos da empresa Sebby Games são gerenciados por serviços de terceiros (por exemplo, a autenticação do usuário do jogo através do seu GMAIL pessoal vinculado aos serviços da Google)."
page 752.txt,87,"Dessa forma, a privacidade e a segurança dos dados estão devidamente detalhados nos termos das políticas de privacidade de acordo com o serviço utilizado pelo usuário."
page 752.txt,89,Os links que direcionam para a política de privacidade dos serviços de terceiros utilizados pela empresa Sebby Games estão disponibilizados nessa política de privacidade.
page 752.txt,90,"Todos os demais detalhes sobre como a empresa Sebby Games utiliza esses dados de terceiros também são
esclarecidos no texto da nossa política de privacidade."
page 752.txt,91,Local de processamento: Estados Unidos.
page 752.txt,92,"
3.1.6"
page 752.txt,93,"Servidor Online – Photon
"
page 752.txt,94,"Em seus jogos Online, a empresa Sebby Games utiliza os serviços e servidores da empresa Photon."
page 752.txt,95,"Assim, todos os processamentos de dados e informações dos usuários são executados diretamente pela Photon Cloud (.Photon Unity Networking)."
page 752.txt,96,"Os servidores da Photon são responsáveis pelo serviço de hospedagem, operações e dimensionamento das informações."
page 752.txt,97,"A empresa Sebby Games não retém nenhuma informação dos seus usuários enviadas no servidor online, toda as informações são processadas exclusivamente pelo Photon Cloud, frisamos, assim, que você usuário poderá acessar os termos de política de privacidade da empresa Photon para ter mais detalhes sobre o processamento de dados de seus servidores."
page 752.txt,98,Link https://dashboard.photonengine.com/enUS/account/privacyandcookiepolicy .
page 752.txt,99,Local de processamento: Estados Unidos.
page 752.txt,100,"
4."
page 752.txt,101,"DO LOCAL DO PROCESSAMENTO DOS DADOS E TEMPO DE RETENÇÃO
"
page 752.txt,102,Os Dados são processados tanto no escritório da empresa Sebby Games quanto em qualquer outro local em que as partes envolvidas no processamento estejam localizadas.
page 752.txt,103,"
Dependendo da localização do usuário do jogo, as transferências de dados podem envolver a transferência dos dados do usuário para um país diferente do seu."
page 752.txt,104,"Para entender mais sobre o local de processamento desses Dados transferidos, os usuários podem verificar a seção que contém detalhes sobre o processamento de Dados Pessoais."
page 752.txt,105,"
A empresa Sebby Games adota todas as medidas de segurança necessárias no momento da transferência dos dados dos usuários, garantindo a total privacidade e segurança dos dados dos seus usuários."
page 752.txt,107,"Os Usuários poderão descobrir mais detalhes verificando as seções deste documento ou em caso de dúvidas específicas, entrando em contato com a empresa Sebby Games."
page 752.txt,108,"
4.1 Tempo de retenção
Em regra, as informações são processadas e armazenadas apenas pelo tempo necessário para atingir seus objetivos."
page 752.txt,109,"Assim, os dados são retidos para manter e aprimorar os serviços essenciais do jogo."
page 752.txt,111,"Retemos a informação pelo período mais curto possível necessário para concluir a finalidade da coleta, com exceção dos casos que envolvam obrigações legais e ordem judicial."
page 752.txt,112,"
Além disso, não nos responsabilizamos pelo tempo de retenção relacionado aos serviços de terceiros, para mais detalhes sobre o tempo de retenção dos serviços de terceiros, o usuário deverá ler suas respectivas políticas de privacidade."
page 752.txt,113,"
Quando o período de retenção expirar, os dados retidos serão excluídos."
page 752.txt,114,"Portanto, o direito de acesso, o direito de apagar, o direito à retificação e o direito à portabilidade de dados não podem ser aplicados após o término do período de retenção."
page 752.txt,115,"
5."
page 752.txt,116,"OS DIREITOS DOS USUÁRIOS
"
page 752.txt,117,A empresa Sebby Games preza e garante o respeito aos direitos dos seus usuários.
page 752.txt,118,"
Qualquer dúvida ou solicitação para exercer os direitos do Usuário pode ser direcionada à empresa"
page 752.txt,119,Sebby Games através dos detalhes de contato fornecidos neste documento
page 752.txt,120,.
page 752.txt,121,Esses pedidos podem ser exercidos gratuitamente e serão analisados pela Sebby Games o mais rápido possível.
page 752.txt,122,"
Dessa forma, em regra, os usuários têm os seguintes direitos garantidos:"
page 752.txt,123,"
Retire seu consentimento a qualquer momento."
page 752.txt,124,"Os usuários têm o direito de retirar o consentimento, caso tenham previamente consentido com o processamento de seus Dados Pessoais."
page 752.txt,126,Objeto ao processamento de seus dados.
page 752.txt,127,Os usuários têm o direito de se opor ao processamento de seus dados se o processamento for realizado em uma base legal que não seja o consentimento.
page 752.txt,128,Mais detalhes são fornecidos na seção dedicada abaixo.
page 752.txt,130,Acesse seus dados.
page 752.txt,131,"Os usuários têm o direito de saber se os Dados estão sendo processados pelo Proprietário, obter divulgação sobre certos aspectos do processamento e obter uma cópia dos Dados em processamento."
page 752.txt,133,Verifique e busque retificação.
page 752.txt,134,Os usuários têm o direito de verificar a precisão de seus dados e solicitar que sejam atualizados ou corrigidos.
page 752.txt,135,"
Restrinja o processamento de seus dados."
page 752.txt,136,"Os usuários têm o direito, sob certas circunstâncias, de restringir o processamento de seus Dados."
page 752.txt,137,"Nesse caso, o Proprietário não processará seus Dados para qualquer outra finalidade que não seja armazená-los."
page 752.txt,138,"
Os dados pessoais serão excluídos ou removidos."
page 752.txt,139,"Os usuários têm o direito, sob certas circunstâncias, de solicitar a exclusão ou remoção de suas informações."
page 752.txt,140,"
Receba os dados e transfira-os para outro controlador."
page 752.txt,141,"Os usuários têm o direito de receber seus Dados em um formato estruturado, comumente usado e legível por máquina e, se tecnicamente viável, transmiti-los para outro controlador sem nenhum impedimento."
page 752.txt,142,"Esta disposição é aplicável desde que os Dados sejam processados por meios automatizados e que o processamento seja baseado no consentimento do Usuário, em um contrato do qual o Usuário faça parte ou em obrigações pré-contratuais."
page 752.txt,143,"Além disso, para exercer esse direito, o usuário deverá enviar essas informações de forma direta para o ambiente virtual de controle da empresa Sebby Games, comprovando, assim, que os dados não foram retidos por serviços de terceiros."
page 752.txt,144,"
Apresentar uma reclamação."
page 752.txt,145,Os usuários têm o direito de apresentar uma reclamação perante sua autoridade competente de proteção de dados.
page 752.txt,146,"
5.1 Da proteção da privacidade das crianças
"
page 752.txt,147,A empresa Sebby Games garante a proteção da privacidade das crianças.
page 752.txt,148,"A política de privacidade da empresa respeita e encontra-se em conformidade com a Lei de Proteção à Privacidade Online para Crianças (COPPA, dos EUA) e lei 13.709/2018 (lei de proteção de dados do Brasil)."
page 752.txt,149,"
Dessa forma, a política de privacidade das crianças da empresa Sebby Games, rege pelas seguintes regras e princípios:"
page 752.txt,150,"
Informamos, através de uma linguagem simples e direta, que tipo de informações coletamos e para qual finalidade ela é utilizada."
page 752.txt,151,"
Para as crianças com idade menor que 13 (treze) anos, é obrigatoriamente necessário o consentimento dos seus Pais ou Responsáveis legais para aceitar a presente política de privacidade da empresa Sebby Games e os termos aqui contidos."
page 752.txt,152,"
A empresa Sebby Games fica a disposição para esclarecer aos Pais e Responsáveis legais, através de requerimentos ou solicitações, qualquer dúvida sobre o tipo de informação e finalidade da coleta de dados dos seus usuários."
page 752.txt,153,"
Adotamos todos os procedimentos legais de segurança para garantir a confidencialidade e integridade dos dados recolhidos das crianças."
page 752.txt,154,"
5.2 Bate papo"
page 752.txt,155,Online e filtro de palavras inapropriadas
page 752.txt,156,:
page 752.txt,158,"Em seus jogos online, a empresa Sebby Games disponibiliza para você o nosso bate papo online."
page 752.txt,159,O nosso bate papo tem como objetivo a aproximação e comunicação dos jogadores em prol de um ambiente mais interativo e imersivo.
page 752.txt,160,"
Porém, nossa política de privacidade é rígida sobre os termos e palavras que podem ser digitadas em nosso bate papo, por isso, solicitamos que você usuário respeite e se atente às regras de condutas contidas na nossa política de privacidade, para que assim possamos manter uma ambiente virtual saudável para todos."
page 752.txt,161,"
Dessa forma, dispomos da tecnologia dos servidores Photon para controlarmos os diálogos no nosso Bate Papo."
page 752.txt,162,"Utilizamos a ferramenta de filtro de palavras inapropriadas (Community Sift), para evitar e censurar qualquer tipo de tentativa de bullying, sexting, comportamento tóxico, fraudes ou qualquer outro comportamento que consideramos ofensivo."
page 752.txt,163,"
Prezamos em manter um ambiente virtual seguro onde os Usuários de todas as idades podem ter como único objetivo a diversão em nossos jogos."
page 752.txt,164,"
5.3 Das orientações aos Pais e Responsáveis Legais:"
page 752.txt,165,"
Orientamos também que os Pais e responsáveis pelas crianças tomem as seguintes lista deverificação de segurança:"
page 752.txt,166,"
5.3.1 Tenha uma conversa com seu filho sobre jogos
"
page 752.txt,167,Fale sobre os hábitos de jogo do seu filho.
page 752.txt,168,Incentive-os a falar com você sobre qualquer coisa que os perturbe.
page 752.txt,169,"
5.3.2"
page 752.txt,170,"Conheça o jogo e suas opções de relatório
"
page 752.txt,171,Recomendamos mostrar interesse e até jogar o jogo com seu filho em intervalos regulares.
page 752.txt,172,Dica útil: consulte os tutoriais do jogo e os guias do jogo juntos para garantir que vocês entendam como o jogo funciona.
page 752.txt,173,"Em particular, você e seu filho devem saber como usar a ferramenta silenciar e relatar."
page 752.txt,174,"
5.3.3"
page 752.txt,175,"Verifique o nome do usuário do seu filho
"
page 752.txt,176,Verifique se o apelido do seu filho no jogo não é o nome real.
page 752.txt,177,Você também pode verificar se o apelido deles é inapropriado.
page 752.txt,178,"
5.3.4"
page 752.txt,179,Verifique as configurações de compra no aplicativo
page 752.txt,181,Familiarize-se com as maneiras de restringir ou desativar as compras no aplicativo no dispositivo do seu filho.
page 752.txt,182,"
5.3.5"
page 752.txt,183,"Conversa com seu filho sobre os riscos de compartilharinformação online
"
page 752.txt,184,Discuta cuidadosamente os perigos de conversar com estranhos on-line.
page 752.txt,185,Eles devem desenvolver um ceticismo saudável de com quem estão falando e sobre o que.
page 752.txt,186,"As principais coisas que eles NÃO devem compartilhar incluem: sexo, idade, localização, etnia, religião, sexualidade, altura, hobbies
5.3.6 Relatório / obtenha ajuda
"
page 752.txt,187,"Se tudo der errado e seu filho enfrentar problemas no jogo, relate-o para que possamos ajudá-lo."
page 752.txt,188,"Todas as demais disposições relacionadas à manutenção de um ambiente saudável e seguro, especialmente para as crianças, podem ser verificados nos na sessão termos de serviços e condutas da empresa Sebby Games."
page 752.txt,189,"
6."
page 752.txt,190,"TERMOS DE SERVIÇOS E CONDUTA
"
page 752.txt,191,Os termos deste contrato (“Termos de Serviço”) regem o relacionamento entre você e a Sebby Games.
page 752.txt,193,"O uso do Serviço também é regido pela Política de Privacidade da Sebby Games e outras políticas relevantes, que são incorporadas aqui por referência."
page 752.txt,194,"
Antes de usar acessar o jogo da empresa Sebby Games, você deve concordar com estes Termos de Serviço e a Política de Privacidade."
page 752.txt,196,"Se você acessar o Serviço a partir de um Site de Rede Social (“SNS”), como o Google+, deverá cumprir seus termos de serviço / uso, bem como estes Termos de Serviço."
page 752.txt,198,"Ao instalar, usar ou acessar o serviço de outra forma, você concorda com estes termos de serviço."
page 752.txt,199,"Se você não concordar com estes termos de serviço, não instale, utilize ou acesse o serviço."
page 752.txt,200,O uso do serviço é anulado onde é proibido.
page 752.txt,201,"
A Sebby Games reserva o direito de, a seu critério, alterar, modificar, adicionar ou remover partes destes Termos de Serviço, sua Política de Privacidade e outras políticas relevantes da Sebby Games a qualquer momento, publicando os termos alterados no Serviço da Sebby Games."
page 752.txt,202,"Considera-se que você aceitou tais alterações, continuando a usar o Serviço."
page 752.txt,203,"Se, a qualquer momento, você não concordar com qualquer parte da versão atual dos nossos Termos de Serviço, da Política de Privacidade da Sebby Games ou de qualquer outra política, regras ou códigos de conduta da Sebby Games relacionados ao uso do Serviço, sua licença para O uso do Serviço será encerrado imediatamente e você deverá parar imediatamente de usá-lo."
page 752.txt,204,"
6.1"
page 752.txt,205,"Das regras de conduta
A Sebby Games prioriza um ambiente virtual onde há a manutenção do respeito e diversão entre os seus usuários."
page 752.txt,206,"
A empresa Sebby Games não tolera qualquer tipo de ato criminoso, racista ou congênere que desvirtue os princípios da empresa e viole os direitos dos seus usuários."
page 752.txt,207,"Dessa forma, a Sebby Games conduz seus jogos com a exigência ao respeito às seguintes regras:"
page 752.txt,208,"
6.1.1"
page 752.txt,209,"Em nosso ambiente virtual, não toleramos qualquer tipo de ato, mensagem ou atitude abusiva, ameaçadora, obscena, difamatória, difamatória ou racial, sexual, religiosa ou de outra forma censurável ou ofensiva ou se envolva em um comportamento tóxico contínuo, como postar repetidamente informações de forma não solicitada."
page 752.txt,210,"
6.1.2"
page 752.txt,211,"Não toleramos qualquer tipo de informação que contenha nudez, violência excessiva ou assunto ofensivo ou que contenha um link para esse conteúdo."
page 752.txt,212,"
6.1.3"
page 752.txt,213,"Não toleramos qualquer tipo de tentativa ou assédio, abuso ou dano, bullying, promover ou incitar assédio, abuso ou dano à outra pessoa, grupo, incluindo à empresa Sebby Games."
page 752.txt,214,"
6.1.4"
page 752.txt,215,"Não toleramos qualquer tipo de compartilhamento ou disponibilização dentro do nosso jogo de material ou informação que infrinja direitos autorais, marca comercial, patente, segredo comercial, direito de privacidade, direito de publicidade ou outro direito de qualquer pessoa ou entidade ou personifique qualquer outra pessoa
6.1.5"
page 752.txt,216,"Não permitimos qualquer tipo de engenharia reversa, descompilação, desmonte, decifre ou tente derivar o código fonte de qualquer software subjacente ou outra propriedade intelectual usada para fornecer o Serviço ou qualquer jogo da Sebby Games, ou obter qualquer informação do Serviço ou qualquer jogo da Sebby Games usando qualquer método não expressamente permitido pela Sebby
Games."
page 752.txt,217,"
6.1.6"
page 752.txt,218,Não toleramos qualquer tentativa de solicitação de Informações de Login ou quaisquer outras credenciais de login ou informações pessoais de outros usuários do Serviço ou de qualquer jogo da Sebby Games.
page 752.txt,219,"
6.1.7"
page 752.txt,220,"Proibimos qualquer tipo de ato relacionado a coleta ou publicação de informações pessoais de qualquer pessoa, incluindo informações de identificação pessoal (seja em texto, imagem ou vídeo), documentos de identificação ou informações financeiras através do Serviço."
page 752.txt,221,"
6.2"
page 752.txt,222,Das compras
page 752.txt,224,"Dentro do jogo você poderá realizar compra de itens limitados, pessoais, intransferíveis e exclusivos."
page 752.txt,225,"
A Sebby Games pode gerenciar, regular, controlar, modificar ou eliminar Itens Virtuais e/ou Mercadorias a qualquer momento, com ou sem aviso prévio."
page 752.txt,226,"
A Sebby Games não processa pagamentos para compras no aplicativo ou tem acesso às informações do cartão de crédito."
page 752.txt,227,As transações de pagamento são processadas na App Store ou no Google Play (dependendo do seu dispositivo) por meio do endereço de e-mail pessoal associado a essa conta.
page 752.txt,228,Os recibos de transação são enviados a você pela Apple ou pelo Google após cada compra.
page 752.txt,229,"Às vezes, as compras podem ser agrupadas se você comprou vários itens e pode levar alguns dias para você receber o recibo."
page 752.txt,230,Esses processos pós-compra estão sujeitos a alterações pela Apple ou pelo Google.
page 752.txt,231,A Sebby Games não oferece nenhum programa de cobrança.
page 752.txt,232,"
Sobre os seus dados bancários, não processamos pagamentos por compras no aplicativo nem temos acesso a nenhuma das suas informações de pagamento."
page 752.txt,233,Isso ocorre porque as próprias transações de pagamento são concluídas na App Store da Apple ou no Google Play (dependendo do seu dispositivo) por meio do seu endereço de e-mail pessoal associado a essa conta.
page 752.txt,234,Os recibos dessas transações são enviados a você pela Apple ou pelo Google por e-mail após cada compra (embora observe que quaisquer processos pós-compra são controlados pela Apple ou pelo Google e estão sujeitos a alterações por eles).
page 752.txt,235,"
6.3 Do Reembolso
Como na maioria dos produtos de software para download, a regra é que os itens comprados em nossos jogos (compras no aplicativo) são realizados através de serviços finais e não são reembolsáveis."
page 752.txt,236,"Em casos raros, exceções podem ser aplicadas."
page 752.txt,237,"
6.3.1"
page 752.txt,238,Se a compra foi feita em um dispositivo Apple (iOS):
page 752.txt,239,"
6.3.1.1"
page 752.txt,240,"Para compras feitas em um dispositivo iOS, a Sebby Games analisará, de acordo com o caso concreto, sobre a possibilidade de reembolso, para tanto, envie um email para studiosebbygames@gmail.com."
page 752.txt,241,"Da mesma forma, visite o suporte da Apple e selecione o link “Entre em contato com o suporte da loja iTunes”, depois “Compras, cobrança e resgate” e escolha a opção
que melhor se adequa a você."
page 752.txt,242,"
Se a compra foi feita em um dispositivo do Google (Android):"
page 752.txt,243,"
6.3.1.2"
page 752.txt,244,Envie
page 752.txt,245,um e-mail para studiosebbygames@gmail.com.
page 752.txt,246,"Na sua mensagem, indique o nome do jogo em que a compra foi realizada e adicione o recibo da compra."
page 752.txt,247,O ID da transação (semelhante a este – GPA.1234-1234-1234-12345) na parte inferior do documento deve estar visível.
page 752.txt,248,Os recibos das transações foram enviados a você pelo Google após cada compra.
page 752.txt,249,"
6.4"
page 752.txt,250,"Demais disposições
"
page 752.txt,251,"A Sebby Games pode gerenciar, regular, controlar, modificar ou eliminar Itens Virtuais e / ou Mercadorias a qualquer momento, com ou sem aviso prévio."
page 752.txt,252,A Sebby Games não se responsabiliza por você ou por terceiros no caso em que a Sebby Games exerça esses direitos.
page 752.txt,253,"
Você concorda em pagar todas as taxas e impostos aplicáveis incorridos por você ou qualquer pessoa que utilize uma Conta registrada para você."
page 752.txt,254,Você reconhece que a Sebby Games não tem condições técnicas e financeiras para reembolsar todo e qualquer devolução de compras efetuadas dentro do jogo.
page 752.txt,256,"A transferência de itens e mercadorias virtuais é proibida, exceto onde expressamente autorizado no jogo."
page 752.txt,257,"Além do expressamente autorizado no jogo, você não deve vender, comprar, resgatar ou transferir Itens Virtuais ou Mercadoria para qualquer pessoa ou entidade ou tentar qualquer um dos itens acima mencionados."
page 752.txt,258,"
7."
page 752.txt,259,"DEMAIS INFORMAÇÕES
Caso haja solicitação de preenchimento de formulários, pesquisas e levantamentos, podemos solicitar que você nos forneça “informações pessoais”, como seu nome completo, nome de usuário, e-mail, endereço residencial e/ou número telefônico residencial ou comercial."
page 752.txt,260,"Você sempre saberá quando coletamos suas informações pessoais, pois fazemos isso apenas quando você, voluntariamente, nos envia por meio de nossos formulários online em nossos ambientes virtuais
seguros."
page 752.txt,261,"
Mais detalhes sobre a coleta ou processamento de dados pessoais podem ser solicitados ao controlador de dados, a qualquer momento."
page 752.txt,262,Favor ver as informações de contato no início deste documento.
page 752.txt,263,"
7.1"
page 752.txt,264,"Ação legal
"
page 752.txt,265,Os Dados Pessoais do Usuário podem ser utilizados para fins legais pela empresa Sebby Games na justiça ou em caos de possíveis ações legais decorrentes do uso inadequado deste Aplicativo ou dos Serviços relacionados.
page 752.txt,266,O Usuário declara estar ciente de que o Proprietário pode ser obrigado a revelar dados pessoais mediante requerimento das autoridades públicas.
page 752.txt,267,"
7.2 Informações adicionais sobre os dados pessoais do usuário
"
page 752.txt,268,"Além das informações contidas nesta política de privacidade, este jogo pode fornecer ao Usuário informações adicionais e contextuais relativas a determinados serviços ou à coleta e processamento de Dados Pessoais, mediante solicitação."
page 752.txt,269,"
7.3 Logs e manutenção do sistema"
page 752.txt,271,"Para fins de operação e manutenção, este Aplicativo e quaisquer serviços de terceiros podem coletar arquivos que registram a interação com este Aplicativo (logs do sistema) usam outros Dados Pessoais (como o Endereço IP) para esse fim."
page 752.txt,272,"
7.4 Informações não contidas nesta política
Mais detalhes sobre a coleta ou processamento de Dados Pessoais podem ser solicitados à empresa"
page 752.txt,273,Sebby Games
page 752.txt,274,a qualquer momento.
page 752.txt,275,"
7.5"
page 752.txt,276,Como as solicitações
page 752.txt,277,"“Não rastrear” são tratadas
"
page 752.txt,278,Este aplicativo não suporta solicitações
page 752.txt,279,“Não rastrear”.
page 752.txt,280,"
Para determinar se algum dos serviços de terceiros que ele usa atende às solicitações de “Não rastrear”, leia suas políticas de privacidade."
page 752.txt,281,"
7.6 Cookies
Cookies são arquivos com uma pequena quantidade de dados que são comumente usados como identificadores exclusivos anônimos."
page 752.txt,282,Eles são enviados para o navegador a partir dos sites visitados e armazenados na memória interna do dispositivo.
page 752.txt,283,"
Este serviço não usa esses “cookies” explicitamente."
page 752.txt,284,"No entanto, o aplicativo pode usar código e bibliotecas de terceiros que usam “cookies” para coletar informações e melhorar seus serviços."
page 752.txt,285,Você tem a opção de aceitar ou recusar esses cookies e saber quando um cookie está sendo enviado para o seu dispositivo.
page 752.txt,286,"Se você optar por recusar nossos cookies, poderá não conseguir usar algumas partes deste Serviço."
page 752.txt,287,"
7.7"
page 752.txt,288,"Da limitação de responsabilidade
"
page 752.txt,289,"Até o máximo permitido pela lei, a Sebby Games não será responsável por qualquer dano indireto, incidental, consequencial, especial, punitivo ou outros danos similares supostamente causados pelos serviços do jogo ou pelo jogo em si."
page 752.txt,291,"Nada nestes termos de serviço afetará os direitos estatutários de qualquer consumidor, excluir ou restringir qualquer responsabilidade resultante de grande negligência
"
page 752.txt,292,"Você concorda em indenizar, defender e eximir a Sebby Games de qualquer reivindicação, demanda, danos ou outras perdas, incluindo honorários advocatícios razoáveis, reivindicados por terceiros resultantes decorrente ou decorrente do uso do Serviço ou de qualquer violação por parte destes Termos de Serviço, no entanto, o disposto acima não se aplica se a violação de direitos não for atribuível ao seu comportamento intencional ou negligente."
page 752.txt,293,"
7.8 Alterações nesta política de privacidade"
page 752.txt,295,"A Sebby Games reserva o direito de fazer alterações nesta política de privacidade a qualquer momento, notificando seus Usuários nesta página e, possivelmente, dentro do jogo (dentro dos limites técnicos e legais) enviando um aviso aos Usuários."
page 752.txt,296,"É altamente recomendável verificar esta página com frequência, referindo-se à data da última modificação listada na parte inferior."
page 752.txt,297,"
Se as alterações afetarem as atividades de processamento realizadas com base no consentimento do Usuário, a Sebby Games deverá coletar novo consentimento do Usuário, quando necessário."
page 752.txt,298,"
A Sebby Games agradece a sua confiança em nossos jogos!!!!"
