Document,Parag_number,Paragraph_Text
page 58.txt,0,"Política de Privacidade do Spotify
"
page 58.txt,1,"Em vigor a partir de 2020-01-20
2"
page 58.txt,2,Sobre a presente Política
page 58.txt,3,"
3"
page 58.txt,4,Seus direitos e preferências:
page 58.txt,5,"Garantimos opções e controle
4"
page 58.txt,6,Como coletamos os seus dados pessoais?
page 58.txt,7,"
5"
page 58.txt,8,Para quais fins utilizamos os seus dados pessoais?
page 58.txt,10,"6 Compartilhamento dos seus dados pessoais
7 Retenção e remoção de dados"
page 58.txt,12,"8 Transmissão para outros países
10 Manutenção da segurança dos seus dados pessoais"
page 58.txt,14,12 Alterações à presente Política
page 58.txt,15,"
13"
page 58.txt,16,Como entrar em contato conosco?
page 58.txt,17,"
1."
page 58.txt,18,"Introdução
"
page 58.txt,19,Obrigado por escolher o Spotify!
page 58.txt,20,"
No Spotify, desejamos proporcionar a melhor experiência possível para garantir que você desfrute ao máximo do nosso serviço."
page 58.txt,21,"Para isso, precisamos conhecer melhor os seus hábitos de streaming, o que nos permitirá oferecer a você um serviço excepcional e customizado de acordo com suas preferências."
page 58.txt,22,A sua privacidade e a segurança dos seus dados pessoais são e serão sempre de extrema importância para nós.
page 58.txt,23,"Assim, gostaríamos de demonstrar de forma transparente como e porque coletamos, armazenamos, compartilhamos e utilizamos os seus dados pessoais – bem como definir os controles e opções que você pode utilizar para compartilhar os seus dados pessoais."
page 58.txt,24,"
Este é o nosso objetivo, e na Política de Privacidade (a ""Política"") anexa serão fornecidos todos os esclarecimentos e detalhes necessários."
page 58.txt,25,"
2."
page 58.txt,26,"Sobre a Política
"
page 58.txt,27,Esta Política define os detalhes essenciais relativos à sua lista de dados pessoais com o Spotify AB.
page 58.txt,28,"A Política aplica-se a todos os serviços Spotify e quaisquer serviços associados (""Serviço Spotify"")."
page 58.txt,29,"As condições que regem seu uso do Serviço Spotify encontram-se definidas no nosso documento Termos e Condições de Uso (""Termos e Condições de Uso"")."
page 58.txt,30,"
Ocasionalmente poderemos desenvolver novos serviços ou oferecer serviços adicionais."
page 58.txt,31,"Caso a introdução de tais serviços novos ou adicionais resultar em qualquer alteração relevante na forma na qual coletamos ou processamos seus dados pessoais, forneceremos a você informações, condições ou políticas adicionais."
page 58.txt,32,"Exceto como de outra forma indicado ao serem introduzidos serviços novos ou adicionais, os mesmos estarão sujeitos à presente Política."
page 58.txt,34,O objetivo da presente Política é:
page 58.txt,35,"
Garantir que você compreende as razões pelas quais coletamos e utilizamos os seus dados pessoais e de que forma são compartilhados;"
page 58.txt,36,"
Explicar a forma na qual utilizamos os seus dados pessoais, com o fim de proporcionar a você uma excelente experiência de uso do Serviço Spotify; e
Explicar os seus direitos e opções de escolha referentes aos seus dados pessoais que coletamos e processamos e de que forma preservamos sua privacidade."
page 58.txt,37,"
Esperamos que o exposto ajude a compreender os nossos compromissos de privacidade para com os seus dados pessoais."
page 58.txt,38,"Para maiores esclarecimentos sobre os termos utilizados na presente Política, visite o nosso Centro de Privacidade em spotify.com."
page 58.txt,39,"Para obter informações sobre como entrar em contato connosco em caso de dúvidas ou esclarecimentos, consulte a Seção 13 """
page 58.txt,40,Como entrar em contato conosco?
page 58.txt,41,""" abaixo."
page 58.txt,42,"Caso não concorde com o conteúdo da presente Política, você poderá optar por não usar o Serviço Spotify."
page 58.txt,43,"
3."
page 58.txt,44,Seus direitos e preferências:
page 58.txt,45,"Garantimos opções de escolha e controle
"
page 58.txt,46,"O Regulamento Geral sobre Proteção de Dados ou ""RGPD"" confere certos direitos às pessoas físicas no que diz respeito aos seus dados pessoais."
page 58.txt,47,"Dessa forma, buscamos garantir transparência e controles de acesso a fim de permitir aos usuários se beneficiar dos direitos mencionados."
page 58.txt,48,"Os direitos conferidos às pessoas físicas, sem prejuízo das limitações previstas na legislação aplicável, são os seguintes:
Direito de acesso - o direito de ser informado e solicitar acesso aos dados pessoais processados por nós;
Direito de retificação - o direito de solicitar que alteremos ou atualizemos os seus dados pessoais quando os mesmos estiverem incorretos ou incompletos;
Direito de remoção - o direito de solicitar a remoção de seus dados pessoais;
Direito de restrição - o direito de solicitar que deixemos, temporária ou permanentemente, de processar todos ou alguns dos seus dados pessoais;
Direito de oposição-
o direito, a qualquer momento, de se opor ao processamento dos seus dados pessoais por motivos relacionados à sua situação particular;"
page 58.txt,49,"
o direito de se opor à manipulação dos seus dados pessoais para fins de marketing direto;"
page 58.txt,50,"
Direito à portabilidade de dados - o direito de solicitar uma cópia dos seus dados pessoais em formato eletrônico e o direito de transmitir os referidos dados pessoais para utilização no serviço de terceiros; e
Direito a não se direitmeter a decisões automatizadas - o direito de não se submeter a decisões tomadas de forma unicamente automatizada, incluindo no que diz respeito à definição de perfis, caso a decisão excerça efeito jurídico sobre você ou produza um efeito igualmente significativo."
page 58.txt,51,"
Para saber mais sobre estes direitos, exercê-los com facilidade e registrar as suas preferências em relação à forma como o Spotify utiliza os seus dados pessoais, fornecemos os seguintes recursos:
Configurações de Privacidade (as quais você pode acessar por meio da página da sua conta)"
page 58.txt,52,"– permite que você escolha o tipo de processamento de determinados dados pessoais e a função automatizada ""Baixe seus dados"" possibilita que você baixe informações básicas sobre a sua conta e uso."
page 58.txt,54,Central de Privacidade -
page 58.txt,55,"fornece uma localização central privilegiada onde pode encontrar mais informações sobre como o Spotify utiliza os seus dados pessoais, seus direitos em relação aos seus dados pessoais e como exercer os referidos direitos."
page 58.txt,57,Configurações de Notificações (as quais você pode acessar por meio da página da sua conta) - Permite que você selecione as comunicações de marketing que recebe do Spotify.
page 58.txt,58,Pode alternar as configurações para aderir ou cancelar a assinatura de diferentes tipos de email e notificações.
page 58.txt,59,"Observe que as mensagens de marketing do Spotify enviadas por e-mail incluem um mecanismo de cancelamento de recebimento de mensagens dentro da própria mensagem (por exemplo, uma ligação para cancelar a assinatura de emails que lhe enviamos)."
page 58.txt,60,"Clicando no dito link em um email, o mesmo será excluído de outras mensagens dessa categoria (por exemplo, Atualizações relativas ao Artista)."
page 58.txt,61,Você pode utilizar a página
page 58.txt,62,Configurações de Notificações para selecionar todas as categorias de email e comunicações de marketing.
page 58.txt,63,"
Política de cookies - fornece informações adicionais sobre como utilizar os cookies, incluindo para publicidade."
page 58.txt,64,"Você encontrará também informações sobre como gerenciar as suas preferências de cookies e desativar certos tipos de acompanhamento; e
Recursos de Apoio ao Cliente - Dispomos de várias páginas de apoio ao cliente no nosso site, que fornecem orientações adicionais sobre proteção de dados pessoais."
page 58.txt,65,"Uma das principais fontes de informação é o artigo Direitos de Dados Pessoais e Definições de Privacidade, que inclui respostas às ""perguntas frequentes"" sobre o processamento de dados pessoais no Serviço Spotify."
page 58.txt,66,"
Em caso de dúvida sobre sua privacidade, seus direitos ou como exercê-los, entre em contato com o nosso Encarregado pelo Tratamento de Dados Pessoais através do formulário ""Entre em contato connosco"" na Central de Privacidade."
page 58.txt,67,"Se tiver dúvidas sobre o processamento dos seus dados pessoais, gostaríamos de esclarecê-las."
page 58.txt,68,"No entanto, você também pode contatar e apresentar uma reclamação junto à Autoridade de Proteção de Dados Pessoais Sueca (Datainspektionen) ou à sua Autoridade Nacional de Proteção de Dados."
page 58.txt,69,"
4."
page 58.txt,70,Como coletamos os seus dados pessoais?
page 58.txt,71,"
Nas tabelas abaixo, estabelecemos as categorias de dados pessoais que coletamos e usamos e como os coletamos:"
page 58.txt,73,A tabela abaixo descreve os dados pessoais coletados ao assinar o Serviço Spotify:
page 58.txt,74,"
|Categorias de dados pessoais||Descrição da categoria|
|Dados do Usuário||Estes são os dados pessoais fornecidos por você ou coletados pelo Spotify para permitir que assine e utilize o Serviço Spotify."
page 58.txt,75,"Dependendo do tipo de plano de assinatura do Serviço Spotify, os referidos dados pessoais podem incluir o nome do usuário, e-mail, telefone, data de nascimento, sexo, residência e país."
page 58.txt,76,"
|
"
page 58.txt,77,Alguns dos dados pessoais solicitados são necessários para criar a sua conta.
page 58.txt,78,Você também possui a opção de nos prover dados pessoais adicionais para tornar a sua conta mais personalizada.
page 58.txt,79,"
Os dados pessoais exatos que iremos recolher dependem do tipo de plano de assinatura do Serviço Spotify, da forma de criação da conta e uso de serviços de terceiros (como o Facebook) para assinar e utilizar o Serviço Spotify."
page 58.txt,80,"Caso você utilize um serviço de terceiros para criar uma conta, receberemos dados pessoais através desse serviço de terceiros, mas apenas mediante seu consentimento de que o referido serviço de terceiros compartilhará connosco os seus dados pessoais."
page 58.txt,81,Note que os planos disponíveis e as opções de assinatura podem diferir de país para país.
page 58.txt,82,"
A tabela abaixo descreve os dados pessoais coletados através da sua utilização do Serviço Spotify:"
page 58.txt,83,"
|Categorias de dados pessoais||Descrição de categoria|
|Dados de Utilização||Estes são os dados pessoais coletados sobre você quando acessa e / ou usa o Serviço Spotify, ou seja:"
page 58.txt,84,"
|
|Dados de Verificação do Plano||Para usuários de certos planos como o Plano Familiar Premium e o Plano Duo Premium, podemos utilizar uma aplicação de mapeamento de terceiros (como o Google Maps) e / ou o serviço de localização do seu dispositivo para ajudá-lo a verificar a sua residência."
page 58.txt,85,"Estes dados são recolhidos com a única finalidade de verificar a elegibilidade para o Plano Familiar Premium e para o Plano Duo Premium, e não são utilizados para publicidade ou qualquer outra finalidade|
"
page 58.txt,86,"A tabela abaixo descreve os dados pessoais que você optou por nos fornecer e que nos permitem fornecer recursos / funcionalidade adicionais
|Categorias de dados pessoais||Descrição da categoria|
|Dados de Voz||Se os recursos de voz estiverem disponíveis no seu mercado, o Spotify coleta os seus dados de voz com a sua autorização para fornecer recursos e funcionalidades adicionais, ou seja, a interação com o Serviço Spotify através da sua voz."
page 58.txt,87,"Para obter mais informações, consulte a nossa Política de Controle de Voz.|
|Dados de Pagamento e Compra||Podemos coletar determinados dados pessoais no caso de assinar um Período Experimental ou adquirir qualquer uma das nossas Assinaturas Pagas (conforme definido nos Termos e Condições de Uso), ou efetuar outras compras através do Serviço Spotify."
page 58.txt,88,"Os dados pessoais exatos coletados irão variar dependendo do método de pagamento (por exemplo, diretamente através da sua operadora de celular ou fatura), mas incluirão informações tais como:"
page 58.txt,89,"
|
|Dados relativos a Concursos, Pesquisas e Sorteios||Quando preencher um formulário, responder a uma pesquisa ou questionário ou participar de um concurso, recolhemos os dados pessoais que você autorizar.|
"
page 58.txt,90,A tabela abaixo descreve os dados pessoais coletados com terceiros
page 58.txt,92,Coletamos dados pessoais sobre você a partir de diversos terceiros.
page 58.txt,93,Estas fontes (terceiros) variam ao longo do tempo e incluem o seguinte:
page 58.txt,94,"
|Categorias das fontes (terceiros)||Descrição da categoria|
|Parceiros de autenticação|
"
page 58.txt,95,"Se você assinar ou acessar nossos serviços usando credenciais de terceiros (por exemplo, Facebook), importaremos suas informações a partir de terceiros para criação de sua conta conosco."
page 58.txt,97,"|Parceiros de serviços técnicos||Trabalhamos com parceiros de serviços técnicos que nos fornecem dados tais como o mapeamento de endereços IP para dados de localização imprecisa (por exemplo, cidade, estado), que nos permitem fornecer o Serviço Spotify, conteúdo e funcionalidades.|
|Parceiros de pagamento||Se optar por pagar por um serviço ou funcionalidade através de fatura, poderemos receber dados dos nossos parceiros de pagamento para envio de faturas, processamento de seu pagamento e fornecimento do serviço adquirido.|
|Anunciantes e outros parceiros de publicidade||Poderemos obter determinados dados sobre você, tais como ID do cookie, ID do dispositivo móvel ou e-mail, bem como conclusões sobre os seus interesses e preferências de certos anunciantes e parceiros de publicidade que nos permitem apresentar anúncios mais relevantes e medir sua eficácia.|
5."
page 58.txt,98,Para que fins utilizamos os seus dados pessoais?
page 58.txt,99,"
Quando utiliza ou interage com o Serviço Spotify, utilizamos diversas tecnologias para processar os dados pessoais que coletamos, por várias razões."
page 58.txt,100,"Apresentamos na tabela abaixo os motivos pelos quais processamos os seus dados pessoais, os fundamentos legais em que nos baseamos para podermos processar de forma legal os dados pessoais e as categorias de dados pessoais (identificadas na Seção 4 Como coletamos os seus dados pessoais?"
page 58.txt,101,"' usados para tais fins:
|Descrição dos motivos pelos quais o Spotify processa os seus dados pessoais (‘finalidade do processamento‘)||Base Legal para a finalidade do processamento||Categorias de dados pessoais utilizadas pelo Spotify para a finalidade do processamento|
|Prestar e personalizar o Serviço Spotify.|"
page 58.txt,102,"
|Entender, diagnosticar, solucionar e corrigir problemas do Serviço Spotify.|
|Avaliar e desenvolver novas funcionalidades, tecnologias e melhorias para o Serviço Spotify.|"
page 58.txt,103,"
|Finalidades de marketing, promoção e publicidade.|
|Cumprir as obrigações legais e os pedidos de observância da lei.|
|Cumprir obrigações contratuais com terceiros (por exemplo, acordos de licenciamento), bem como adotar medidas adequadas em relação a relatórios de violação de propriedade intelectual e conteúdo inadequado.|
|Efetuar, exercer ou defender ações judiciais.|"
page 58.txt,104,"
|Conduzir o planejamento de negócios, relatórios e previsões.|
|Processar o seu pagamento.|
|Detectar fraudes, incluindo pagamentos fraudulentos e uso fraudulento do Serviço Spotify.|
|Conduzir pesquisas, concursos, estudos e sorteios.|
"
page 58.txt,105,"Para informações adicionais sobre o teste de equilíbrio realizado pelo Spotify para garantir a observância dos direitos ao abrigo do RGPD, consulte a Seção 13 'Como entrar em contato conosco?"
page 58.txt,106,"', bem como para informações adicionais sobre como entrar em contato connosco."
page 58.txt,107,"
6."
page 58.txt,108,"Compartilhamento dos seus dados pessoais
"
page 58.txt,109,Estabelecemos as categorias de destinatários dos dados pessoais coletados ou gerados através da sua utilização do Serviço Spotify.
page 58.txt,111,"Informação disponível publicamente
"
page 58.txt,112,"Os dados pessoais abaixo descritos estarão sempre disponíveis publicamente no Serviço Spotify: o seu nome e / ou nome de usuário, fotografia do perfil, quem você segue e quem o segue no Serviço Spotify, os artistas que ouviu recentemente e as suas listas de reprodução públicas."
page 58.txt,114,"Dados pessoais que pode escolher compartilhar
"
page 58.txt,115,"Os dados pessoais listados abaixo serão compartilhados apenas com as categorias de destinatários indicadas na tabela abaixo, se:"
page 58.txt,116,"
Optar por utilizar uma funcionalidade específica do Serviço Spotify onde a partilha de dados pessoais específicos seja necessária para o uso adequado das funcionalidades do Serviço Spotify;"
page 58.txt,117,"ou
Conceder-nos a sua autorização para compartilhar os seus dados pessoais, por exemplo, selecionando a configuração apropriada no Serviço Spotify ou autorizando o Spotify através do mecanismo de consentimento apresentado."
page 58.txt,118,"
|Categorias de Destinatários||Razão do Compartilhamento|"
page 58.txt,120,"|Aplicações de terceiros e dispositivos conectados à sua Conta Spotity||Se conectar a sua conta Spotify a uma aplicação e / ou dispositivo(s) de terceiros, tais como redes sociais, áudio, televisão ou plataformas e serviços de celular, o Spotify compartilha dados técnicos com o operador dessa aplicação e / ou dispositivo de terceiros para conectar a sua conta Spotify e / ou facilitar a reprodução do Serviço Spotify."
page 58.txt,121,"Relativamente a certos terceiros que possam solicitar ou exigir que compartilhemos as suas informações com os mesmos, sua autorização será solicitada antes de fornecermos qualquer informação aos referidos terceiros.|
|Comunidade de Apoio||Ao assinar uma Conta de Suporte Spotify na Comunidade de Suporte Spotify, será solicitado que você crie um nome de usuário específico para a Comunidade de Suporte Spotify, o qual será exibido publicamente, isto é, estará visível para qualquer pessoa que acesse a Comunidade de Suporte Spotify, bem como quaisquer perguntas ou comentários que você postar.|
|Seus Seguidores Spotify||Poderá haver ocasiões em que você deseje que compartilhemos informações sobre o seu uso do Serviço Spotify com outros usuários do Spotify ('Seus Seguidores Spotify')."
page 58.txt,122,"
|
Por exemplo, existe a possibilidade de efetuar listas de reprodução privadas e públicas."
page 58.txt,123,"Caso você compartilhe as suas listas de reprodução privadas com outras pessoas, note que os destinatários das suas listas de reprodução privadas poderão compartilhá-las com outras pessoas."
page 58.txt,124,"
|Artistas e Editoras Discográficas||Você pode optar por compartilhar dados pessoais (por exemplo, o seu e-mail) com artistas, editoras discográficas ou outros parceiros que pretendam enviar-lhe diretamente notícias ou ofertas promocionais."
page 58.txt,125,"Você pode optar por retirar o seu consentimento a qualquer momento.|
Saiba mais sobre o gerenciamento de notificações, suas informações disponíveis publicamente e o que compartilha com outras pessoas na Seção 3"
page 58.txt,126,Seus direitos e Preferências:
page 58.txt,127,Garantimos aceitação e controle' da presente Política e na Central de Privacidade.
page 58.txt,129,Informação que podemos compartilhar
page 58.txt,130,"
|Categorias de Destinatários||Razão do Compartilhamento|
|Prestadores de Serviços||Colaboramos com prestadores de serviços que trabalham em nosso nome e que podem necessitar acessar determinados dados pessoais com o fim de nos fornecer os seus serviços."
page 58.txt,131,"Tais empresas incluem aquelas que contratamos para fornecer o serviço de apoio ao cliente, operar a infraestrutura técnica necessária para fornecer o Serviço Spotify, ajudar a proteger e garantir os nossos sistemas e serviços, bem como prestar assistência na comercialização dos produtos e serviços do Spotify, produtos, serviços, eventos e promoções de parceiros nos quais o Spotify está envolvido.|"
page 58.txt,132,"
|Processadores de pagamentos||Partilhamos os seus dados pessoais com os nossos processadores de pagamento conforme necessário para permitir que estes últimos processem os seus pagamentos e para combater fraudes.|
"
page 58.txt,133,"|Parceiros publicitários||Colaboramos com parceiros publicitários, o que nos permite personalizar o conteúdo de publicidade que pode receber no Serviço Spotify."
page 58.txt,134,"Tais parceiros auxiliam-nos a apresentar anúncios e mensagens promocionais mais relevantes para você, que podem incluir publicidade baseada em interesse (publicidade comportamental online), publicidade contextual e publicidade genérica no Serviço Spotify."
page 58.txt,135,"Juntamente com os nossos parceiros publicitários, podemos processar determinados dados pessoais para auxiliar o Spotify a compreender os seus interesses ou preferências, apresentando a você anúncios mais relevantes.|
|Parceiros Spotify||Baseado no seu tipo de assinatura do Serviço Spotify (por exemplo, através de um serviço de terceiros ou de uma operadora de celular), compartilhamos o seu nome de usuário Spotify ou outros Dados de Usuário conforme necessário para permitir a criação da sua conta."
page 58.txt,136,"Podemos igualmente compartilhar dados pessoais com o terceiro em questão sobre o seu uso do serviço Spotify, tais como a utilização e período de utilização da oferta, ativação de uma conta Spotify, ou utilização ativa do Serviço Spotify."
page 58.txt,138,"|
"
page 58.txt,139,Também podemos compartilhar os seus dados pessoais em forma de pseudônimo com os nossos parceiros da indústria musical para ajudá-los a compreender de que forma o conteúdo que nos autorizam a utilizar está sendo utilizado e para permitir transmissão de conteúdo em streaming através do Serviço Spotify.
page 58.txt,141,|Investigadores
page 58.txt,142,Acadêmicos||Compartilhamos
page 58.txt,143,"os seus dados pessoais para atividades como análise estatística e estudos acadêmicos, mas apenas em formato de pseudônimo.|
|Outras Empresas do Grupo Spotify||Partilhamos os seus dados pessoais com outras empresas do Grupo Spotify para realizar as nossas operações comerciais diárias e para nos permitir manter e fornecer-lhe o Serviço Spotify.|
|Autoridades de observância da lei e de proteção de dados pessoais||Compartilhamos os seus dados pessoais quando, em boa fé, acreditamos que é necessário fazê-lo para cumprir uma obrigação legal nos termos da legislação aplicável, ou responder a um procedimento legal válido, como um mandado de busca, ordem judicial ou intimação."
page 58.txt,144,"
|
Também compartilhamos os seus dados pessoais quando, em boa-fé, acreditamos que é necessário fazê-lo para efeitos do nosso próprio interesse legítimo ou do interesse legítimo de terceiros em relação à segurança nacional, observância da lei, litígio, investigação criminal, proteção da segurança de qualquer pessoa ou para evitar a morte ou danos físicos iminentes, desde que consideremos que tal interesse não seja anulado pelos seus interesses ou direitos e liberdades fundamentais que exijam a proteção dos seus dados pessoais."
page 58.txt,145,"
|Compradores da nossa atividade comercial||Compartilhamos os seus dados pessoais quando vendemos ou negociamos a venda da nossa atividade comercial a um comprador ou potencial comprador."
page 58.txt,146,"Nessa situação, o Spotify continuará a garantir a confidencialidade dos seus dados pessoais e o notificará antes de transmitir os seus dados pessoais ao comprador ou submeter os mesmos a uma política de privacidade distinta.|
7."
page 58.txt,147,"Retenção e eliminação de dados
"
page 58.txt,148,"Procedemos à manutenção dos seus dados pessoais apenas quando necessário para efeitos de fornecimento do Serviço Spotify e para fins comerciais legítimos e essenciais, tais como manter o desempenho do Serviço Spotify, tomar decisões comerciais com base em dados sobre novas funcionalidades e ofertas, cumprir as nossas obrigações legais e resolver litígios."
page 58.txt,149,"Preservamos alguns dos seus dados pessoais enquanto usuário do Serviço Spotify (por exemplo, mantemos as suas listas de reprodução, biblioteca de músicas e informações de conta)."
page 58.txt,150,"
Se assim desejar, eliminaremos ou tornaremos anônimos os seus dados pessoais para que você não seja identificado, a menos que sejamos legalmente autorizados ou obrigados a manter determinados dados pessoais, inclusive nas seguintes situações:"
page 58.txt,151,"
Se houver um problema não solucionado relacionado à sua conta, como um crédito pendente ou uma reclamação ou litígio em curso, procederemos à retenção dos dados pessoais necessários até que a questão seja resolvida;"
page 58.txt,152,"
Onde se revele necessário reter os dados pessoais para efeitos das nossas obrigações legais, fiscais, de auditoria e contabilísticas, procederemos à retenção dos dados pessoais necessários durante o período exigido pela lei aplicável;"
page 58.txt,153,"e / ou,
Sempre que necessário em função dos nossos interesses comerciais legítimos, tais como a prevenção de fraudes ou a manutenção da segurança dos nossos usuários."
page 58.txt,154,"
8."
page 58.txt,155,"Transmissão para outros países
"
page 58.txt,156,O Spotify compartilha os seus dados pessoais globalmente com as empresas do Grupo Spotify para realizar as atividades especificadas na presente Política.
page 58.txt,157,"O Spotify pode igualmente subcontratar o processamento, ou compartilhar os seus dados pessoais com terceiros localizados em outros países."
page 58.txt,158,"Os seus dados pessoais podem, portanto, estar sujeitos a leis de privacidade distintas daquelas aplicáveis em seu país."
page 58.txt,159,"
Os dados pessoais coletados na União Europeia e na Suíça podem, por exemplo, ser transmitidos e processados por terceiros localizados em um país fora da União Europeia e da Suíça."
page 58.txt,160,"Nesses casos, o Spotify deve garantir que a transmissão dos seus dados pessoais seja realizada de acordo com as leis de privacidade aplicáveis e, em particular, que medidas contratuais, técnicas e organizacionais adequadas estejam em vigor, tais como as Cláusulas Contratuais Gerais aprovadas pela Comissão da UE."
page 58.txt,161,"
Para mais informações sobre as medidas de segurança utilizadas para proteger os seus dados pessoais, consulte Seção 10 ""Manutenção da segurança dos seus dados pessoais"" da presente Política."
page 58.txt,162,"
9."
page 58.txt,163,"Links
"
page 58.txt,164,Podemos exibir anúncios de terceiros e outros conteúdos que contenham links para sites de terceiros.
page 58.txt,165,Não podemos controlar ou nos responsabilizar pelas práticas de privacidade e conteúdos de terceiros.
page 58.txt,166,"Se você clicar em um anúncio ou link de terceiros, estará saindo do Serviço Spotify, e quaisquer de seus dados pessoais não serão cobertos pela presente Política."
page 58.txt,167,Leia as respectivas políticas de privacidade para compreender de que forma tais terceiros coletam e processam os seus dados pessoais.
page 58.txt,168,"
10."
page 58.txt,169,"Manutenção da segurança dos seus dados pessoais
"
page 58.txt,170,Estamos empenhados em proteger os dados pessoais dos nossos usuários.
page 58.txt,171,Implementamos medidas técnicas e organizacionais apropriadas para ajudar a proteger a segurança dos seus dados pessoais;
page 58.txt,172,"no entanto, note que nenhum sistema é completamente seguro."
page 58.txt,173,"Instauramos várias políticas, incluindo políticas de pseudonimização, criptografia, acesso e retenção para proteger os usuários de acesso não-autorizado e retenção desnecessária de dados pessoais nos nossos sistemas."
page 58.txt,175,"A sua senha protege a sua conta de usuário, e portanto sugerimos que você utilize uma senha forte que seja exclusiva da sua conta Spotify, nunca compartilhando a mesma com ninguém, limitando o acesso ao seu computador e navegador, e saindo de sua conta após utilização do Serviço Spotify."
page 58.txt,176,"
11."
page 58.txt,177,"Menores
Com exceção do Spotify Kids, uma aplicação Spotify separada e disponível em certos mercados, o Serviço Spotify não é direcionado a crianças com menos de 13 anos."
page 58.txt,178,O Serviço Spotify também não é oferecido a crianças cuja idade torna ilegal a manipulação de seus dados pessoais ou que requer o consentimento dos pais para manipulação de seus dados pessoais ao abrigo do RGPD ou outra lei local.
page 58.txt,179,"
Não coletamos conscientemente dados pessoais de crianças menores de 13 anos ou com idade inferior ao limite aplicável (""Limite de Idade"")."
page 58.txt,180,"Se a sua idade for inferior ao Limite de Idade, não use o Serviço Spotify e não nos forneça quaisquer dados pessoais."
page 58.txt,182,"Se você for pai de um menor e souber que o seu filho forneceu dados pessoais ao Spotify, entre em contato connosco através do formulário ""Contate-nos"" disponível na Central de Privacidade, onde poderá exercer os seus direitos, conforme detalhados na Seção 3"
page 58.txt,183,Seus direitos e preferências:
page 58.txt,184,Garantimos a você opções e controle' da presente Política.
page 58.txt,185,"
Caso tomemos conhecimento de que coletamos os dados pessoais de um menor de 13 anos, tomaremos medidas razoáveis para remover os seus dados pessoais, o que poderá nos levar a remover a conta Spotify do menor em questão."
page 58.txt,186,"
12."
page 58.txt,187,"Alterações na presente Política
Poderemos ocasionalmente efetuar alterações na presente Política."
page 58.txt,188,"
Quando realizarmos alterações relevantes na presente Política, você será devidamente notificado, conforme as circunstâncias, por exemplo, exibindo um aviso no Serviço Spotify ou enviando-lhe um e-mail e / ou mensagem para o dispositivo."
page 58.txt,189,Podemos notificá-lo com antecedência.
page 58.txt,190,"
Certifique-se, pois, de ler atentamente qualquer aviso desta natureza."
page 58.txt,191,"
Para informações adicionais sobre a presente Política e sobre de que forma o Spotify utiliza seus dados pessoais, visite a Central de Privacidade em spotify.com."
page 58.txt,192,"
13."
page 58.txt,193,Como entrar em contato?
page 58.txt,195,Obrigado por ler a nossa Política.
page 58.txt,196,"Se tiver alguma dúvida sobre a presente Política, entre em contato com o nosso Encarregado pela Proteção de Dados Pessoais através do formulário """
page 58.txt,197,"Entre em contato connosco"" na Central de Privacidade, ou envie um email para privacy@spotify.com, ou uma carta ao seguinte endereço:"
page 58.txt,198,"
Spotify AB
Regeringsgatan 19
111 53 Stockholm
Sweden
Spotify AB é o controlador de dados para efeitos de dados pessoais processados ao abrigo da presente Política."
page 58.txt,199,"
Esperamos que goste do Spotify!"
page 58.txt,200,"
© Spotify AB."
