Document,Parag_number,Paragraph_Text
page 709.txt,0,TERMOS DE
page 709.txt,1,UTILIZAÇÃO DOS DADOS PESSOAIS
page 709.txt,2,"
«Your privacy is not a game» [1]
"
page 709.txt,3,"As nossas equipes Ubisoft criam experiências originais e memoráveis, para que nossos jogadores se divirtam, compartilhem e se realizem por meio dos jogos, aplicativos, sites internet e serviços on-line (é o que chamamos nossos «Serviços»)."
page 709.txt,4,"
Para permitir que desfrutem dos nossos Serviços, utilizamos dados que se referem a você e respeitamos as regras do jogo!"
page 709.txt,5,"
Para entender como utilizamos seus dados, conheça seus direitos e exerça-os:"
page 709.txt,6,"é bem simples, tudo é feito aqui."
page 709.txt,7,"
1."
page 709.txt,8,"Um dado pessoal, o que é?"
page 709.txt,9,"
Um «Dado Pessoal» (ou «Dado»), é toda informação que lhe identifica:
- diretamente, por exemplo, seu nome, sobrenome, endereço de e-mail e número de telefone;"
page 709.txt,10,"
- indiretamente, por exemplo, seu ID de conta, endereço IP, ID do cookie ou dados de jogos."
page 709.txt,11,"
Para saber quais são mais precisamente os Dados que a Ubisoft coleta sobre você, dirija-se à seção 3 «Em quais casos a Ubisoft coleta seus Dados e com qual fim?»."
page 709.txt,12,"
2."
page 709.txt,13,Os menores podem acessar nossos Serviços?
page 709.txt,15,"Se você é menor, a idade que você pode criar uma conta Ubisoft ou acessar a alguns dos nossos Serviços muda em função da lei do seu país, em matéria de dados pessoais."
page 709.txt,16,"Para saber mais sobre isso, vá para o artigo destinado ao acesso dos nossos Serviços por menores nas Condições de Utilização dos Serviços."
page 709.txt,17,"
3."
page 709.txt,18,Em quais casos a Ubisoft coleta seus Dados e com qual fim?
page 709.txt,19,"
Recolhemos os seus Dados quando:
a)"
page 709.txt,20,Você cria uma conta Ubisoft (sua «Conta»).
page 709.txt,21,"
Coletamos seu pseudônimo, senha, endereço de e-mail, data de nascimento e país."
page 709.txt,22,"Certos Dados, como o seu pseudônimo, são tornados públicos para permitir a sua comunidade de encontrá-lo nos nossos Serviços."
page 709.txt,23,"
Durante a criação de sua Conta, você tem a possibilidade de gerar a sua inscrição para receber a newsletter da Ubisoft por e-mail."
page 709.txt,24,"A qualquer momento, você pode cancelar sua inscrição:"
page 709.txt,25,"
- clicando no local de cancelamento da inscrição no final de cada newsletter,
- na página de gestão da sua Conta na seção «Confidencialidade e comunicação»."
page 709.txt,26,"
Certifique-se se, mesmo no caso de cancelamento da inscrição, você receberá todos os dias os e-mails necessários para o funcionamento da sua conta (por exemplo, no caso de esquecimento da senha)."
page 709.txt,27,"
b)"
page 709.txt,28,"Você se conecta aos nossos Serviços utilizando suas credenciais de uma rede social ou de uma plataforma externa (ex: Facebook, Twitch)."
page 709.txt,29,"
Coletamos os Dados que você aceitou compartilhar via a rede social ou a plataforma externa em questão."
page 709.txt,30,"
c) Você faz uma compra nos nossos jogos e nos nossos serviços on-line."
page 709.txt,31,"
Coletamos os Dados necessários para cuidar desta compra, por exemplo, seu nome, sobrenome, endereço postal e e-mail, país, coordenadas bancárias e histórico de compras."
page 709.txt,32,"Estes Dados são enviados aos nossos parceiros prestadores que se ocupam do pagamento e da entrega (para saber mais, dirija-se à seção 5 «Com quem a Ubisoft compartilha os seus Dados Pessoais?»)."
page 709.txt,33,"
d)"
page 709.txt,34,"Você utiliza nossos jogos, aplicativos, sites internet e serviços on-line no computador ou telefone móvel."
page 709.txt,35,"
Coletamos, por exemplo:"
page 709.txt,36,"
- Seus dados de jogo, para melhorar sua experiência e a segurança de nossos Serviços, por exemplo: níveis de jogo alcançados, recompensas, classificações, missões de jogo realizadas, estatísticas como o tempo de jogo ou a utilização das diferentes funcionalidades assim como os dados ligados aos bugs e eventuais maus funcionamentos."
page 709.txt,37,"
- Seus dados de conexão e de navegação, para permitir o funcionamento e a segurança dos nossos Serviços"
page 709.txt,38,", por exemplo: páginas visitadas, identificação de seu aparelho e da conexão (endereço IP, endereço MAC), datas e horas de conexão, informações sobre o navegador e sobre o sistema operacional utilizados."
page 709.txt,39,"
Utilizamos diferentes tecnologias como a de cookies para coletar estes Dados quando você utiliza os nossos Serviços ou visita um site de terceiros no qual nós e nossos parceiros publicamos conteúdo ou analisamos a utilização."
page 709.txt,41,Permitimos a alguns de nossos parceiros de depositar os Cookies e acessar os Cookies de seu terminal.
page 709.txt,42,A sua utilização é subordinada aos termos de utilização dos dados pessoais dos parceiros em questão e não a estes Termos.
page 709.txt,43,"
Para se opor ao depósito de Cookies ou solicitar a sua supressão, bem como para encontrar a lista de parceiros que podem armazenar e/ou acessar estes Cookies, dirija-se à página de gestão de Cookies."
page 709.txt,44,"
Você pode também configurar o seu navegador para ficar informado quando os Cookies são depositados no seu terminal ou desativar este depósito de Cookies consultando o menu ""Ajuda"" de seu navegador."
page 709.txt,45,Esta configuração poderá afetar a sua capacidade de comprar on-line ou acessar certas funcionalidades de nossos Serviços quando estes Cookies são necessários ao seu bom funcionamento.
page 709.txt,46,"
e)"
page 709.txt,47,Você joga um jogo Ubisoft em um console.
page 709.txt,48,"
Nós podemos coletar, por exemplo, a sua idade, país, pseudônimo e endereço de e-mail, que são informados nos seus consoles para simplificar a criação de sua conta."
page 709.txt,50,"Coletamos também danos transmitidos pelos fabricantes de consoles, por exemplo, a sua identificação do console, seus dados de jogos assim como os dados ligados a bugs e eventuais maus funcionamentos."
page 709.txt,51,"
f)"
page 709.txt,52,"Você discute com outros jogadores (fórum, chat, páginas Ubisoft nas redes sociais)."
page 709.txt,53,"
Coletamos, por exemplo, o seu pseudônimo, endereço IP, a data, a hora e protegemos o conteúdo de suas mensagens para permitir que se comunique com outros jogadores em um ambiente seguro."
page 709.txt,54,"
g) Você está exposto a publicidades ou conteúdos personalizados nos Serviços sobre aqueles de nossos parceiros."
page 709.txt,55,"
Coletamos, por exemplo, a sua idade e sexo,"
page 709.txt,56,"a publicidade difundida e o número de vezes onde você a viu, sua localização no jogo e o ID de seu terminal."
page 709.txt,57,"Coletamos também informações sobre as suas ações relativas à publicidade como, por exemplo, os locais visitados, as horas e tempo de visita."
page 709.txt,59,Podemos combinar com nossos parceiros os Dados coletados quando você utiliza nossos Serviços.
page 709.txt,60,"Combinamos também estes Dados com estudos demográficos, publicitários, do mercado ou com outras pesquisas analíticas."
page 709.txt,62,"Podemos utilizar o conjunto de seus Dados que coletamos para lhe propor publicidades, produtos, serviços ou conteúdos personalizadas («Conteúdos personalizados») por meio dos nossos Serviços ou aqueles de nossos parceiros."
page 709.txt,63,"
Você deseja retirar o seu consentimento ou se opor à personalização das publicidades?"
page 709.txt,64,"Dirija-se à seção 6 «Quais são seus direitos e como exercê-los?», depois ao parágrafo «Escolher e mudar de ideia»."
page 709.txt,65,"
h)"
page 709.txt,66,Você participa de uma competição ou pesquisa organizada pela Ubisoft.
page 709.txt,67,"
Coletamos, por exemplo, seu nome, sobrenome, data de nascimento, endereço postal e e-mail."
page 709.txt,68,"
Nós utilizamos estes Dados para organizar a competição ou a pesquisa, lhe enviar ofertas promocionais e/ou realizar estatísticas internas."
page 709.txt,69,"
i)"
page 709.txt,70,Você nos contata pelo portal de Serviços ao Cliente Ubisoft ou pelas redes sociais.
page 709.txt,72,"Se você nos contata pelo portal de Serviços ao Cliente, coletamos por exemplo seu nome, sobrenome, pseudônimo, endereço de e-mail, data de nascimento, país, ID do console e jogos registrados na sua Conta, em função das suas solicitações."
page 709.txt,74,"Se você nos contata pelas redes sociais, coletamos alguns Dados presentes no seu perfil."
page 709.txt,75,"
Utilizamos estes Dados exclusivamente para responder da melhor forma as suas solicitações."
page 709.txt,76,"
j) Você não respeita as regras do jogo."
page 709.txt,77,"
Quando você utiliza nossos Serviços, nós lhe pedimos para respeitar nossas Condições de Utilização dos Serviços e os códigos de conduta associados aos nossos Serviços que têm como objetivo proteger nossos usuários, nossos funcionários e, de modo geral, os direitos da Ubisoft."
page 709.txt,79,"Se você não respeita estas regras, você pode ser penalizado, em particular, no caso de anti-jogo, fraude ou toxicidade."
page 709.txt,80,"Conservamos os seus dados pelo tempo necessário para aplicar estas penalidades, por exemplo, o seu ID da Conta, seus dados de jogo, seu endereço IP, o ID de seu terminal e o histórico de discussões."
page 709.txt,81,"
4."
page 709.txt,82,Por quanto tempo a Ubisoft conserva os seus Dados Pessoais?
page 709.txt,83,"
Nós conservamos seus Dados apenas pelo tempo necessário para realizar as operações para as quais elas foram coletadas, exceto quando a lei prevê um período de conservação diferente."
page 709.txt,84,"
Por exemplo, conservamos os Dados que são ligados à sua Conta até seu encerramento."
page 709.txt,85,"Em alguns casos, os Dados podem ser conservados por mais tempo, por exemplo, quando eles nos permitem aplicar uma penalidade."
page 709.txt,86,"
5."
page 709.txt,87,Com quem a Ubisoft compartilha os seus Dados Pessoais?
page 709.txt,88,"
Nós podemos compartilhar os seus Dados com:"
page 709.txt,89,"
- As filiais da Ubisoft que participam do fornecimento dos Serviços."
page 709.txt,90,Você pode encontrar mais informações sobre o grupo no nosso site:
page 709.txt,91,https://www.ubisoft.com/en-us/company/overview.aspx.
page 709.txt,92,"
- Os prestadores de serviços técnicos que participam do fornecimento dos Serviços (ex: fornecimento de produtos, promoção de Serviços, pagamento on-line, luta contra o anti-jogo, fraude e toxicidade)."
page 709.txt,93,"Como subcontratados, estes prestadores de serviço têm as mesmas obrigações que a Ubisoft de respeitar as leis aplicáveis em matéria de proteção dos dados pessoais."
page 709.txt,94,"
- Os parceiros que utilizam os seus Dados, para lhe propor publicidades ou conteúdos personalizados."
page 709.txt,95,Você quer saber quem são os parceiros da Ubisoft?
page 709.txt,96,Dirija-se à página de gestão de Cookies.
page 709.txt,97,Você deseja retirar seu consentimento a este compartilhamento de Dados?
page 709.txt,98,"Dirija-se à seção 6 «Quais são seus direitos e como exercê-los?», depois ao parágrafo «Escolher e mudar a opção»."
page 709.txt,99,"
- Outras empresas, exclusivamente no caso de transferência de atividades da Ubisoft."
page 709.txt,100,"
- As autoridades administrativas ou judiciárias, para verificar a boa utilização de Dados pela Ubisoft ou para a necessidade de um estudo em relação às condições previstas em lei."
page 709.txt,101,A Ubisoft verifica sempre a legitimidade da solicitação.
page 709.txt,102,"
Nestes casos, os seus Dados podem ser transferidos para os países situados fora da União Europeia que garantem um nível de proteção equivalente."
page 709.txt,103,"No caso de transferência para outros países, a proteção de seus Dados é especialmente garantida pela assinatura de cláusulas contratuais padrão aprovadas pela Comissão europeia."
page 709.txt,104,"
6."
page 709.txt,105,Quais são seus direitos e como exercê-los?
page 709.txt,106,"
- Obter uma cópia de seus Dados – «Acesso e portabilidade»:"
page 709.txt,107,"Você pode solicitar uma cópia dos Dados ligados à sua Conta a qualquer momento, por exemplo, para consulta, utilizar ou transmiti-los a outro prestador de serviços."
page 709.txt,108,Como fazer isso?
page 709.txt,109,A Ubisoft simplificou o procedimento para exercer o seu direito:
page 709.txt,110,"
Dirija-se à página de gestão de sua Conta, na seção «Confidencialidade e comunicação» depois de «Fazer o download de seus dados»."
page 709.txt,112,"Se você foi penalizado sobre os nossos Serviços, nós não poderemos lhe fornecer o acesso dos Dados ligados à sua penalidade para manter a nossa capacidade de detectar ou agir contra estes comportamentos."
page 709.txt,113,"
- Corrigir um de seus Dados - «Retificação»:"
page 709.txt,114,Você tem o direito de retificar seus Dados quando eles forem não exatos ou incompletos (por ex: modificar seu endereço de entrega).
page 709.txt,115,Como fazer isso?
page 709.txt,117,"Dirija-se à página de gestão de sua Conta, na seção «Informações da conta»."
page 709.txt,118,"
- Escolher e mudar a opção – «Oposição e retirada»: Você pode a qualquer momento retirar o seu consentimento ou se opor ao recebimento de newsletters ou e-mails publicitários, à personalização de publicidades ou ao compartilhamento de seus Dados com nossos parceiros (além das filiais e prestadores de serviços técnicos):na página de gestão de sua Conta, na seção «Confidencialidade e comunicação»,na página de gestão dos Cookies para determinar os parâmetros dos Cookies,para alguns de nossos jogos móveis, dentro dos parâmetros de confidencialidade,no seu telefone ou tablet, dentro dos parâmetros ativando «Limitar Publicidade Rastreada» nos telefones Apple ou ativando «Desativar a Personalização de anúncios» nos telefones Android."
page 709.txt,119,"
- Excluir a sua Conta – «Direito ao esquecimento»:"
page 709.txt,120,Você pode solicitar o encerramento da sua Conta e assim a exclusão dos Dados a ela associados.
page 709.txt,121,Como fazer isso?
page 709.txt,123,"Dirija-se à página de gestão da sua Conta, na seção «Informação da conta» depois «Encerrar sua conta Ubisoft»."
page 709.txt,125,"Se você penalizado sobre os nossos Serviços, nós não poderemos excluir os Dados ligados à sua penalidade para nos permitir mantê-la."
page 709.txt,126,"
- Limitar a utilização de seus dados - «Limitação do tratamento»:"
page 709.txt,127,Você tem também o direito de solicitar que seus Dados não sejam mais utilizados ou não sejam excluídos durante o tempo que a sua solicitação estiver sendo tratada.
page 709.txt,128,"Para isso, entre em contato com o Serviço aos Clientes Ubisoft aqui."
page 709.txt,129,"
Para exercer seus direitos se não tem Conta ou para qualquer pergunta relativa ao exercício destes direitos, você pode a qualquer momento entre em contato com o Serviço aos Clientes da Ubisoft."
page 709.txt,131,"Se você acredita, depois de nos ter contatado, que os seus direitos não foram respeitados, você tem a possibilidade de dirigir uma reclamação à autoridade de controle do seu país."
page 709.txt,132,"
7."
page 709.txt,133,Por que a Ubisoft pode utilizar os seus Dados?
page 709.txt,134,"
Nós podemos utilizar seus Dados em um dos casos a seguir:"
page 709.txt,135,"
- A existência de um contrato entre você e Ubisoft para lhe fornecer Serviços."
page 709.txt,136,Você conclui que este contrato com a Ubisoft aceitando as Condições de Utilização dos Serviços.
page 709.txt,137,"
- O interesse legítimo da Ubisoft (ou expectativa razoável dos usuários), para lhe fornecer a melhor experiência possível, por exemplo, para garantir a segurança dos Serviços, moderar a comunidade, responder às suas perguntas ou lhe enviar newsletters."
page 709.txt,138,"
- O consentimento para lhe propor publicidades, produtos, serviços ou conteúdos personalizados em função de seu perfil de usuário."
page 709.txt,140,A Ubisoft pode modificar este documento a qualquer momento.
page 709.txt,141,Nós lhe informaremos das principais atualizações e nós o convidamos a consultar este documento regularmente ou a nos contatar para qualquer pergunta.
page 709.txt,142,"Continuando a utilizar os nossos Serviços, você aceita as modificações."
page 709.txt,143,"
8."
page 709.txt,144,"Contatos
"
page 709.txt,145,"Se você tem uma pergunta em relação a este documento, você pode contatar:"
page 709.txt,146,"
- O Responsável da Proteção dos Dados e sua equipe aqui."
page 709.txt,147,"
- Pelo correio: UBISOFT ENTERTAINMENT SA (responsável pelo tratamento), 2, rue du Chêne Heleuc – 56910 Carentoir (France)
"
page 709.txt,148,"Para qualquer outra pergunta, principalmente se a sua pergunta se relaciona à invasão da sua conta, um problema de pagamento on-line ou a utilização de nossos produtos e serviços, contate o Serviço ao Cliente da Ubisoft."
page 709.txt,149,"
Contatos locais
- Canadá
"
page 709.txt,150,"À atenção: Legal Department (Service Juridique)
Endereço: Ubisoft: 5505"
page 709.txt,151,St-Laurent Blvd.
page 709.txt,152,", Suite 5000, Montréal, Québec, H2T 1S6, Canada
- Coreia do Sul
À atenção: Young-Soo Kim
Endereço: 28 Saemunan-ro 5ga-gil, Jongno-gu, Seoul, Korea
E-mail: Ubisoft_Privacy_Korea@generalagent.co.kr
"
page 709.txt,153,"Número de telefone: 02-736-8275
- Estados Unidos
"
page 709.txt,154,"À atenção: Ubisoft, Inc. Attn: Privacy Rights Administrator c/o Legal Department
Endereço: 625 3rd Street San Francisco, 94107 CA, USA
[1] “A sua vida privada não é um jogo”"
