Document,Parag_number,Paragraph_Text
page 52.txt,0,Política de privacidade
page 52.txt,2,O Banco BMG tem compromisso com a privacidade e a segurança de seus cliente e parceiros durante a navegação em nossos ambientes digitais.
page 52.txt,3,"Nesta política, você vai ficar por dentro de como coletamos e tratamos os seus dados respeitando sua privacidade."
page 52.txt,5,"O Grupo BMG (doravante designado como “BMG” ou “nós”) preza pela excelência no atendimento de seus clientes, preocupa-se com a sua privacidade e com a segurança de seus dados pessoais."
page 52.txt,6,"Por esta razão, é muito importante para nós que você saiba como tratamos seus Dados Pessoais e, quando necessário de acordo com a lei, garanta seu consentimento para o tratamento dos dados pessoais."
page 52.txt,7,"
Durante sua navegação em nosso site https://www.bancobmg.com.br (“Plataforma”), e para que possamos oferecer nossos serviços e produtos disponíveis na Plataforma (conjuntamente, “Serviços”), é necessário que tenhamos acesso a determinadas informações sobre você ou associadas a você (“Dados Pessoais”)."
page 52.txt,8,"Caso o seu acesso seja via aplicativo do Banco BMG SA, os termos e condições de privacidade e proteção de dados são aqueles estabelecidos e disponíveis a você no momento de acesso e cadastro no aplicativo."
page 52.txt,9,"
Para termos certeza de que você está ciente dos termos desta Política, é importante que você a leia atentamente e se manifeste, aceitando e concordando com todas as disposições aqui previstas."
page 52.txt,11,"Caso você esteja apenas navegando em nossa Plataforma e não seja cadastrado na Plataforma ou não use os Serviços, estes termos também se aplicam a você apenas com relação aos dados de “visitantes”."
page 52.txt,12,Damos ciência a você acerca dos dados tratados de visitantes.
page 52.txt,13,"
Ressaltamos que não é possível oferecer nossos serviços sem ter acesso a esses Dados Pessoais."
page 52.txt,14,"Ou seja, o tratamento dos Dados Pessoais é condição para que você tenha acesso aos nossos serviços via Plataforma."
page 52.txt,15,"
Esta política de privacidade (“Política”) explica, de maneira simples, objetiva e transparente, quais Dados Pessoais são coletados e tratados pelo BMG e para quais finalidades, além de indicar com quem esses Dados Pessoais podem ser compartilhados e quais os recursos disponíveis para que você possa fazer a gestão de seus Dados Pessoais."
page 52.txt,16,"
“Grupo BMG” inclui as seguintes empresas que prestam os serviços para você:"
page 52.txt,17,"
Banco Cifra S.A.
BCV – Banco de Crédito e Varejo S.A.
BMG Leasing S.A.
Help Franchising Participações Ltda
CBFÁCIL Corretora
BMG Participações em Negócios"
page 52.txt,18,Ltda
page 52.txt,19,"
Cifra Financeira
Granito"
page 52.txt,20,Soluções
page 52.txt,21,em Pagamentos S.A.
page 52.txt,23,"O conteúdo desta Política é o seguinte:
- Quais Dados Pessoais coletamos e tratamos
- Uso de cookies e outras tecnologias de monitoramento
- Porque coletamos e tratamos esses Dados Pessoais
- Quando excluímos os Dados Pessoais
- Quem mais terá acesso aos Dados Pessoais e porquê."
page 52.txt,24,"Compartilhamento de Dados Pessoais
- Quais os seus direitos com relação a esses Dados Pessoais
- Em qual local armazenamos os seus Dados Pessoais
- Como armazenamos e protegemos os seus Dados Pessoais
- O que você precisa saber sobre usa conta e senha de acesso?"
page 52.txt,25,"
- Qual sua responsabilidade perante seus dados?"
page 52.txt,26,"
- Uso de bases legais."
page 52.txt,27,Você precisa fornecer o seu consentimento para o Banco BMG usar os seus Dados Pessoais conforme descrito nesta Política?
page 52.txt,28,"
- Dados de menores de 18 (dezoito) anos
- Alterações nesta Política
- Como fazer uma reclamação
"
page 52.txt,29,"Se após a leitura desta Política você ainda tiver qualquer dúvida, ou por qualquer razão, precisar se comunicar conosco para assuntos envolvendo os seus Dados Pessoais, você pode entrar em contato pelos canais abaixo:"
page 52.txt,30,"
Encarregado de Proteção de Dados
Guilherme Vieira Neves através do e-mail: meusdados@bancobmg.com.br
SAC
24 horas todos os dias da semana
(reclamações, cancelamento e informações"
page 52.txt,31,"gerais)0800 979 9099
Deficiente auditivo ou de fala"
page 52.txt,32,"
24 horas todos os dias da semana
"
page 52.txt,33,"Ligações de telefone especial TDD0800 286 3636
"
page 52.txt,34,"Ouvidoria
2ª"
page 52.txt,35,"a 6ª, das 9h às 18h
(Ligações de celular e telefone fixo)0800 979 9099"
