Document,Parag_number,Paragraph_Text
page 1101.txt,0,"POLÍTICA DE PRIVACIDADE (Última modificação: Agosto de 2019)
Introdução
"
page 1101.txt,1,"A Webzen Inc. (""Webzen"", ""nós"" ou ""nos"") respeita a privacidade de todos que usam nossos websites, jogos e diversos serviços relacionados."
page 1101.txt,2,"Esta política de privacidade foi concebida parra informar a você sobre o tipo de informações que coletamos a seu respeito, como podemos usá-las, as condições em que as divulgamos a alguém e as opções quanto ao nosso uso dessas informações."
page 1101.txt,3,"
AO ACESSAR E USAR"
page 1101.txt,4,"OS NOSSOS SERVIÇOS, VOCÊ CONCORDA"
page 1101.txt,5,EM CUMPRIR
page 1101.txt,6,TODOS OS TERMOS
page 1101.txt,7,E CONDIÇÕES ESTABELECIDOS NESTA POLÍTICA DE PRIVACIDADE.
page 1101.txt,8,"Conforme usado nestes Termos, o ""Serviço"" ou os ""Serviços"" englobarão nosso website, aplicativos e também outros serviços da Webzen a menos que indicado de outra forma."
page 1101.txt,9,"
Coleta de Informações Pessoais
"
page 1101.txt,10,Podemos coletar e processar os seguintes dados a seu respeito:
page 1101.txt,12,Informações pessoalmente identificáveis:
page 1101.txt,13,Refere-se a informações que nos permite saber dados específicos acerca de quem você é.
page 1101.txt,14,"Ao participar de determinadas atividades no Website ou nos Serviços, como registrar uma conta de usuário, baixar e instalar aplicativos, jogar jogos, adquirir Dinheiro Virtual ou Bens Virtuais, enviar e/ou publicar um Conteúdo de usuário ou enviar-nos comentários, podemos lhe pedir que forneça algumas informações sobre si."
page 1101.txt,15,A participação nessas atividades é totalmente opcional.
page 1101.txt,16,"Se você optar por participar dessas atividades, contido, podemos lhe pedir que nos forneça informações pessoais."
page 1101.txt,17,"Essas informações podem consistir em nome e sobrenome, endereço físico, endereço de correio eletrônico, número de telefone, cartão de crédito ou outras informações sobre pagamentos."
page 1101.txt,19,Informações de uso:
page 1101.txt,20,Coletamos detalhes de seu uso de nossos Serviços e os recursos que você acessa.
page 1101.txt,21,"Essas informações podem consistir na forma e nos horários em que você acessa ou usa os nossos Serviços (tais como Jogos acessados, pontuações de jogos, páginas acessadas, compra e uso de Dinheiro Virtual e/ou Bens Virtuais, detalhes sobre as suas compras e jogabilidade)."
page 1101.txt,22,"
Interação e comunicações entre usuários: Coletamos informações sobre (a) sua interação com outros usuários (por exemplo, convite, presente, compartilhamento de sua classificação ou nível, capturas de tela etc.) e (b) suas atividades relacionadas a Serviços com outros usuários por meio de canais de mídias sociais (inclusive serviços de redes sociais, mensageiros e quaisquer outros serviços que tenham recursos sociais como convidar amigos e compartilhar informações com amigos)."
page 1101.txt,24,Informações técnicas:
page 1101.txt,25,"Coletamos dados técnicos gerais relativos a você (como informações sobre o dispositivo que você usa para acessar nossos serviços, endereço IP, sistema operacional, tipo de navegador e outras informações do sistema, DeviceKey, Locale);"
page 1101.txt,26,"
Comunicação do usuário com o a Webzen."
page 1101.txt,27,"Se você entrar em contato conosco ou responder a mensagens e comunicações que lhe enviamos, poderemos manter um registro dessa correspondência."
page 1101.txt,28,"Além disso, quando você solicitar assistência à nossa equipe de atendimento ao cliente, poderemos coletar e armazenar suas informações de contato, bem como suas informações de pagamento referentes à compra de Bens Virtuais dos Jogos na medida razoavelmente necessária para fornecer assistência ao cliente."
page 1101.txt,29,"
Publicação pública/conteúdo compartilhado:"
page 1101.txt,30,"Alguns jogos podem publicar, compartilhar, comunicar ou transmitir conteúdo publicamente, como participar de fóruns de jogadores, quadros de mensagens, boletins de notícias, atualizações de status, envio de mensagens ou convites para outros usuários, conversas com outros usuários e/ou publicar foto (coletivamente, ""Publicações Públicas"")."
page 1101.txt,31,Podemos coletar e armazenar arquivos de tais Publicações Públicas em servidores da Webzen e todas as Publicações Públicas estão sujeitas a esta Política de Privacidade.
page 1101.txt,32,"
Tal publicação pública ou conteúdo compartilhado ficará visível para qualquer pessoa que tenha acesso aos nossos Serviços e também poderá ser exibida fora de nossos Websites ou Serviços."
page 1101.txt,33,"Deve-se ter cautela em todas as Publicações Públicas, pois isso pode resultar na divulgação de informações privadas, pelas quais a Webzen não é responsável."
page 1101.txt,35,Informações para redes sociais ou plataformas de terceiros:
page 1101.txt,36,"Você pode permitir que nossos Serviços interajam com uma plataforma e rede social de terceiros, que nos fornecerá dados sobre você."
page 1101.txt,37,"Se você optar por conectar-se a um de nossos sites/aplicativos por meio de uma rede social de terceiros, como Facebook ou Game Center (para dispositivos iOS), poderemos coletar informações pessoais de seu perfil em redes sociais de terceiros, como suas nome, nome de usuário e fotografia."
page 1101.txt,38,Você deve ler os termos de serviço e das políticas de privacidade para entender como eles tratam seus dados e quais dados eles podem compartilhar conosco.
page 1101.txt,40,Pagamento:
page 1101.txt,41,"Quando você adquire quaisquer produtos ou serviços, como o Dinheiro Virtual ou os Bens Virtuais, através de nossos Serviços (que chamamos de ""Compra no Aplicativo""), podemos coletar determinadas informações de pagamento de você em nome de nossos prestadores de serviços de pagamento."
page 1101.txt,42,"Quando você compra nossos produtos ou serviços por meio de plataformas de terceiros (como a Apple App Store, a Google Play Store ou o Amazon Kindle), você deverá fornecer determinadas informações de pagamento e faturamento diretamente para essas plataformas de terceiros, e nós não coletamos nem armazenamos nenhuma informação de pagamento sua."
page 1101.txt,43,"
Correspondência de amigos:"
page 1101.txt,44,"Se você se conectar nos Serviços, poderemos, a seu pedido, acessar periodicamente sua lista de contatos e/ou catálogo de endereços em seu dispositivo móvel para ajudá-lo a encontrar amigos que também possam ter nossos Serviços."
page 1101.txt,45,Usaremos essas informações de contato apenas para esse serviço de correspondência de amigos e não armazenaremos essas informações depois de cumprir essa finalidade.
page 1101.txt,47,Cookies:
page 1101.txt,48,"Quando coletamos informações técnicas e dados de uso, que podem ser vinculados e identificados com sua conta, podemos usar cookies e outras tecnologias de rastreamento."
page 1101.txt,49,Podemos usar cookies para armazenar certos tipos de informação cada vez que você usa nossos Serviços.
page 1101.txt,50,"Para saber mais sobre como usamos os cookies, analise as informações adicionais nesta Política de Privacidade sob a seção intitulada ""Cookies""
"
page 1101.txt,51,Uso das informações coletadas
page 1101.txt,53,"Podemos usar as informações coletadas de você para uma variedade de finalidades, principalmente relacionadas ao fornecimento de nossos Serviços e informações sobre nossos Serviços."
page 1101.txt,54,"Também podemos usar as informações para qualquer outra finalidade, conforme permitido por lei."
page 1101.txt,55,"
Nós (ou um fornecedor ou a nossa empresa afiliada agindo em nosso nome e apenas sob as nossas instruções) podemos usar suas informações pessoais, inclusive informações pessoalmente identificáveis, para os propósitos de:
(a) entrar em contato com você (por exemplo, como parte do atendimento ao cliente ou para enviar atualizações sobre nossos Serviços);
(b) gerenciar sua conta e relacionamento conosco e melhorar sua experiência ao usar os nossos Serviços;
(c) pesquisar ou sondar e pedir-lhe para participar de tal pesquisa ou enquete sobre nossos produtos ou Serviços;
(d) comercializar e promover nossos Serviços ou produtos relacionados, inclusive os produtos de terceiros relacionados aos nossos Serviços (se você não quiser que usemos seus dados dessa maneira, informe-nos por meio da Central de Atendimento ao Cliente, que pode ser encontrada nos nossos Serviços);
(e) enviar-lhe, em nosso nome ou em nome de terceiros, ofertas, promoções, informações, boletins informativos e comunicados sobre nossos Serviços ou produtos e mercadorias relacionados aos nossos Serviços;
(f) criar relatórios, análises ou serviços semelhantes para nosso uso para fins de pesquisa ou inteligência de negócios, por exemplo, para rastrear possíveis problemas ou tendências com nossos Serviços;
(g) medir e analisar a eficácia da publicidade, inclusive a publicidade de terceiros colocada nos Serviços;
(h) Monitorar os Serviços, inclusive o Website, Jogos, Aplicativos e redes e sua operação;
(i) resolver litígios ou disputas;"
page 1101.txt,56,"
(j) acompanhar compras e informações de uso; e
(k) evitar trapaças, fraude ou crime."
page 1101.txt,58,"Cookies
Usamos ""Cookies"", que são arquivos de texto armazenados em seu computador para propósitos de operação e coleta de dados para analisar padrões de usuário, a fim de melhorar a experiência de navegação do nosso site."
page 1101.txt,59,Os cookies são apenas lidos pelo servidor que os colocou e não conseguem executar nenhum código ou vírus.
page 1101.txt,60,O controle e o acesso de informações de cookies não serão compartilhados com outras partes.
page 1101.txt,61,"
Apenas informações não pessoais serão armazenadas e coletadas de forma agregada e anônima dos cookies, e seu uso estará limitado a um dos casos abaixo de nossos sites:
1."
page 1101.txt,62,Para lembrar suas configurações e ações para que alguns dos campos de entrada ou seleções de nosso site possam ser concluídos automaticamente de forma conveniente.
page 1101.txt,63,"
2."
page 1101.txt,64,Para coletar estatísticas anônimas e analisar quais vídeos foram assistidos e/ou qual banner foi clicado etc. para tornar nosso site mais útil e interessante aos nossos usuários.
page 1101.txt,65,"
3."
page 1101.txt,66,"Para fins relacionados com a operação do site, como autenticação de login."
page 1101.txt,68,"Os tipos de cookies utilizados em nosso site são:
1."
page 1101.txt,69,Os cookies de sessão são utilizados para fins de autenticação de login e serão automaticamente excluídos do disco rígido após o encerramento do navegador.
page 1101.txt,70,"
2."
page 1101.txt,71,Os cookies persistentes são usados para lembrar suas configurações por duração predefinida e serão automaticamente excluídos do seu disco rígido após a expiração.
page 1101.txt,72,"
Podem existir redes de servidores de terceiros para veicular anúncios dentro ou em conexão com nossos sites."
page 1101.txt,73,"As empresas terceirizadas podem enviar seus próprios cookies para o seu disco rígido, pois seu navegador deve solicitar esses banners de publicidade dos servidores de rede de terceiros."
page 1101.txt,74,"Contudo, apenas autorizamos servidores de terceiros que empregam cookies anônimos para segmentação anônima."
page 1101.txt,75,Não permitiríamos que um servidor de terceiros colete informações sobre você.
page 1101.txt,76,"Se você quiser impedir que um servidor e/ou provedor de serviços de terceiros envie e leia cookies em seu computador, você deve visitar cada site de terceiros e revogar a permissão de coleta."
page 1101.txt,77,"
Você pode impedir o uso de cookies alterando a configuração relacionada do seu navegador."
page 1101.txt,78,"Nesse caso, observe que alguns recursos (como o faturamento) do site podem não funcionar corretamente ou podem ficar mais lentos."
page 1101.txt,79,"Se você deseja impedir que os cookies sejam instalados ou excluir cookies individuais, consulte a documentação do navegador que você usa."
page 1101.txt,81,"Ao acessar nossos websites ou usar nossos serviços, você concorda com o uso de cookies de acordo com esta Política de Privacidade."
page 1101.txt,82,"Você pode desativar os cookies por meio das configurações do navegador de internet ou do celular, mas talvez não consiga aproveitar todos os recursos de nossos Serviços se fizer isso."
page 1101.txt,84,"Arquivos de registro
"
page 1101.txt,85,"Como a maioria dos serviços de Internet, também podemos usar arquivos de registro no lado do servidor."
page 1101.txt,86,"Os dados contidos nos arquivos de registro incluem o endereço IP (Protocolo de Internet), o tipo de navegador, o aplicativo de e-mail, o provedor de serviços de Internet, páginas de referência/saída, tipo de plataforma de computador, carimbo de data e hora e atividade do usuário (Ex.:"
page 1101.txt,87,"Utilização de recursos, avaliações de usuários, estatísticas de jogo)."
page 1101.txt,88,A Webzen usa dados de registro do servidor para analisar tendências e administrar os serviços oferecidos através do Website.
page 1101.txt,89,"Entretanto, os endereços IP não estão vinculados a nenhuma informação de identificação pessoal."
page 1101.txt,90,"Além do mais, não usamos Dados Pessoais para tomar qualquer decisão automática baseada na definição de perfis que podem afetar sua situação legal."
page 1101.txt,92,O software utilizado no Website possui arquivos de registro e temporários associados armazenados nos servidores da Webzen.
page 1101.txt,93,"Esses arquivos armazenam suas informações de conta, configurações de preferência, notificações do sistema, bem como outros dados necessários para permitir sua participação no Website."
page 1101.txt,94,Suas informações também podem existir dentro de backups de servidor executados regularmente.
page 1101.txt,96,As informações acima são coletadas de forma agregada e anônima.
page 1101.txt,98,Compartilhamento de informações
page 1101.txt,99,"
Em geral:"
page 1101.txt,100,"Fornecemos alguns de nossos Serviços por meio de acordos contratuais com afiliadas, provedores de serviços e outros terceiros."
page 1101.txt,101,"Nós e nossos parceiros de serviço usamos suas informações pessoais, inclusive informações pessoalmente identificáveis, para operar nossos websites e fornecer seus serviços, mas só forneceremos aos nossos parceiros de serviços os dados mínimos necessários para que eles atinjam o objetivo de sua cooperação conosco."
page 1101.txt,103,Compartilhamento de informações não pessoalmente identificáveis:
page 1101.txt,104,"Também podemos fornecer informações não pessoalmente identificáveis sobre usuários (onde seus dados são anônimos e agregados) ou dados pessoais apresentados sob pseudônimo acerca dos usuários a terceiros inclusive anunciantes (como o Facebook ou Google), consultores, provedores de serviços e nossas afiliadas, com o intuito de: (i) ajudar-nos a identificar potenciais clientes semelhantes aos nossos usuários ou proporcionar publicidade relevante para si, ou (ii) ajudar-nos a identificar e perceber nossos utilizadores, fornecendo informações adicionais de forma a enviar comunicações o mais relevante e específicas possível."
page 1101.txt,105,"Lembramos que poderá a qualquer momento nos informar caso deseje ver terminada a partilha de tais dados, contactando-nos diretamente."
page 1101.txt,107,Interações com redes sociais ou plataformas de terceiros
page 1101.txt,108,": Você entende que, ao permitir que sua conta conosco interaja com qualquer plataforma ou rede social de terceiros, poderemos compartilhar dados sobre você com seus contatos (e vice-versa) para que você desfrute de jogar socialmente."
page 1101.txt,109,"Esses dados abrangem seu nome, seu perfil de mídia social, sua foto e suas pontuações e/ou progresso em nossos Jogos."
page 1101.txt,111,Transferência de negócios:
page 1101.txt,112,"Finalmente, no caso de a Webzen se associar a outra empresa no futuro por meio de fusão, venda, aquisição, liquidação ou outro processo similar, suas informações pessoais poderão ser transferidas com a empresa ou parte dela ou poderão ser vendidas como um ativo do negócio."
page 1101.txt,113,"Nesses casos, seus Dados Pessoais serão usados para o mesmo propósito e serão protegidos, no mínimo, da mesma forma que fazemos nesta Declaração através de medidas de segurança adequadas."
page 1101.txt,115,Cumprimento de obrigações legais:
page 1101.txt,116,"Ocasionalmente, autoridades policiais ou judiciais podem nos pedir para fornecer informações pessoalmente identificáveis às autoridades governamentais apropriadas."
page 1101.txt,117,Divulgaremos informações pessoalmente identificáveis após o recebimento de uma ordem judicial ou intimação ou para cooperar com uma investigação de aplicação da lei.
page 1101.txt,118,Nós cooperamos plenamente com as agências de aplicação da lei na identificação daqueles que usam nossos Serviços para atividades ilegais.
page 1101.txt,119,"Reservamo-nos o direito de informar às agências de aplicação da lei sobre quaisquer atividades que, de boa-fé, acreditamos serem ilegais."
page 1101.txt,121,Armazenamento de informações pessoais e segurança
page 1101.txt,123,A segurança de suas informações pessoais é importante para nós.
page 1101.txt,124,"Mantemos salvaguardas técnicas e físicas adequadas para proteger suas informações pessoais contra a destruição ou perda acidental ou ilegal, alteração, divulgação ou acesso não autorizado, uso e todas as outras formas ilegais de processamento dos dados em nossa posse."
page 1101.txt,125,"Para evitar o acesso não autorizado, perda ou uso indevido, manter a precisão dos dados e garantir o uso adequado de informações, implementamos procedimentos físicos, eletrônicos e gerenciais para proteger as informações pessoais que mantemos."
page 1101.txt,126,"A Webzen emprega tecnologia padrão da indústria, como firewalls, em um esforço para proteger a confidencialidade de suas informações pessoais."
page 1101.txt,127,"Além disso, criptografamos sua transmissão de informações confidenciais (ex."
page 1101.txt,128,:
page 1101.txt,129,senhas de contas e informações identificáveis relacionadas ao pagamento) por meio do protocolo SSL (secure socket layer) para fornecer maior proteção à privacidade e integridade das informações.
page 1101.txt,130,"
Além disso, apenas os funcionários que precisam de informações para desempenhar suas funções terão acesso a informações de identificação pessoal."
page 1101.txt,131,O acesso ou o uso não autorizado de tais informações por um funcionário é proibido e passível de ação disciplinar.
page 1101.txt,132,Nossos sistemas de gerenciamento de informações são configurados de forma a bloquear ou impedir os funcionários de acessar informações que não têm autoridade para acessar.
page 1101.txt,133,"
Ademais, nossos fornecedores confiáveis e parceiros de negócios são responsáveis pelo processamento ou manipulação de algumas das informações que recebemos."
page 1101.txt,134,Esses fornecedores e parceiros de negócios não estão autorizados a usar essas informações para fins além dos especificados por nós e são obrigados a preservar a confidencialidade com a qual tratamos essas informações.
page 1101.txt,135,"
Acesso, atualização, correção ou exclusão de informações pessoais"
page 1101.txt,137,Informações que recebemos do SNS:
page 1101.txt,138,Não podemos alterar nem excluir as informações que você compartilhou através de nossos Serviços em qualquer rede social ou plataforma de terceiros onde elas estejam sob o controle dessa rede social ou plataforma de terceiros.
page 1101.txt,139,"Além disso, quando terceiros copiam informações disponibilizadas por meio do uso de nossos Serviços (por exemplo, um de seus amigos em uma rede social na qual você permita a interação com sua conta), talvez não consigamos corrigir ou excluir porque pode não estar sob nosso controle."
page 1101.txt,140,"
Você tem o direito de solicitar o acesso a toda informação pessoal relacionada à você que a Webzen possuir."
page 1101.txt,141,"Você também pode revisar, atualizar, corrigir ou excluir suas informações pessoais coletadas pelo Website."
page 1101.txt,142,Você também pode corrigir imprecisões factuais.
page 1101.txt,143,"Certos tipos de informações pessoais necessárias para verificar a elegibilidade como data de nascimento ou idade, não podem ser excluídos, mas podem ser modificados com verificação suficiente das novas informações."
page 1101.txt,144,Observe que nos reservamos o direito de cancelar ou excluir qualquer registro ou inscrição promocional se acreditarmos que as informações pessoais enviadas são falsas ou fraudulentas.
page 1101.txt,145,"A qualquer momento, você pode acessar e editar, atualizar ou excluir as suas informações gerais de conta iniciando uma sessão no Website e acessando a página de perfil da sua conta."
page 1101.txt,146,"Você também pode acessar, revisar, atualizar, excluir ou omitir/limitar o uso de Dados Pessoais enviando um e-mail para contact@webzen.com."
page 1101.txt,147,"
Para ter acesso às suas informações pessoais, você deve fornecer uma prova de identificação, como nome completo, endereço, ID do usuário e/ou informações sobre sua atividade recente no Website."
page 1101.txt,148,"Reservamo-nos o direito de negar o acesso a qualquer usuário, se houver dúvidas quanto à sua identidade."
page 1101.txt,149,"Caso o ônus ou a despesa de fornecer acesso às suas informações pessoais for desproporcional aos riscos à sua privacidade ou se os direitos legítimos de outros forem violados, poderemos optar por não fornecer acesso a essas informações."
page 1101.txt,150,"Além disso, ainda podemos manter suas informações em nossos arquivos para resolver disputas, fazer cumprir os Termos de Serviço e para requisitos técnicos e legais e restrições relacionadas ao Website."
page 1101.txt,151,"No entanto, não usaremos essas informações pessoais para nenhum outro propósito."
page 1101.txt,153,"Suas escolhas em relação à coleta, uso e distribuição de suas informações
Você tem o direito de nos pedir para não usar suas informações pessoais para fins de marketing."
page 1101.txt,154,"Para alterar suas preferências de marketing ou para cancelar a inscrição, entre em contato conosco pela Central do Cliente em nossos Serviços."
page 1101.txt,155,"
Você tem opções com relação aos cookies, conforme descrito acima."
page 1101.txt,156,"Ao modificar as preferências do seu navegador, você tem a opção de aceitar todos os cookies, de ser notificado quando um cookie é definido ou de recusar todos os cookies."
page 1101.txt,157,"Se você optar por recusar todos os cookies, algumas partes de nossos Serviços podem não funcionar corretamente."
page 1101.txt,158,"
Você também pode alterar os dados que uma rede social ou plataforma de terceiros compartilha conosco ou interromper nossos serviços ao interagir com essa rede social ou plataforma se ajustar suas configurações nesse provedor de terceiros, no entanto você poderá descobrir que não é possível desfrutar todos os mesmos recursos dos nossos serviços."
page 1101.txt,159,"
Retenção e exclusão"
page 1101.txt,160,"
A Webzen não manterá Dados Pessoais mais tempo que o necessário para cumprir os propósitos pelos quais foram coletados ou exigidos pelas leis/regulamentos aplicáveis."
page 1101.txt,161,"Além disso, quando sua conta for cancelada, excluída ou expirada, todos os Dados Pessoais serão excluídos, a menos que seja exigido por lei aplicável para manter tais Dados Pessoais."
page 1101.txt,162,"
Links para websites de terceiros"
page 1101.txt,164,Informamos que o Website pode conter certos hiperlinks para outros sites.
page 1101.txt,165,"Embora esses sites possam ter declarações de privacidade, todos eles e suas declarações de privacidade são independentes do nosso Website e da presente Declaração."
page 1101.txt,166,Não somos responsáveis pelo cumprimento das declarações de privacidade ou das práticas de coleta de dados de outros sites.
page 1101.txt,167,Você deve ler atentamente essas declarações de privacidade antes de fornecer informações pessoais a esses sites.
page 1101.txt,168,"
Dados"
page 1101.txt,169,Obtidos de Menores
page 1101.txt,171,A Webzen não processa intencionalmente nenhuma informação pessoal de pessoas abaixo de 16 anos de idade.
page 1101.txt,172,"
Notificação de alterações
"
page 1101.txt,173,"Se decidimos alterar nossa Declaração, publicaremos essas alterações em nossa página da Declaração para que você esteja ciente das informações pessoais que coletamos de clientes, potenciais clientes e visitantes do nosso Website, e quando e como tais informações são coletadas, usadas e protegidas."
page 1101.txt,174,"Se, a qualquer momento, decidirmos usar as informações pessoais de uma maneira diferente daquela indicada no momento em que foram coletadas, tomaremos medidas comercialmente razoáveis para obter seu consentimento por e-mail."
page 1101.txt,175,Você sempre terá a opção de permitir ou não que usamos as informações pessoais de qualquer outra maneira.
page 1101.txt,177,"Uso fora da República da Coreia
"
page 1101.txt,178,A Webzen é uma empresa localizada na República da Coreia.
page 1101.txt,179,"Seus Dados Pessoais podem ser processados, armazenados e transferidos para países fora do seu país de residência e além do Espaço Econômico Europeu (EEE)."
page 1101.txt,180,As leis de privacidade nesses países podem não oferecer o mesmo nível de proteção que o seu país ou do EEE.
page 1101.txt,181,"No entanto, sempre que compartilharmos os seus dados pessoais fora do EEE, faremos isso com base em cláusulas contratuais padrões da União Europeia, que são medidas legais para transferir os seus dados e estabelecer uma proteção adequada dos seus dados pessoais."
page 1101.txt,182,"
Seus direitos de privacidade da Califórnia
Residentes da Califórnia têm o direto de receber (a) informações que identificam qualquer empresa de terceiros à qual a Webzen pode ter divulgado (dentro do último ano civil) informações pessoais dele/dela para fins de marketing direto daquela empresa; e (b) uma descrição das categorias de informações pessoais divulgadas."
page 1101.txt,183,"Além disso, residentes da Califórnia que estabeleceram relações comerciais com a Webzen podem, a qualquer momento, decidir optar pela não divulgação, por parte da Webzen, de suas informações pessoais a terceiros para fins de marketing direto."
page 1101.txt,184,"Logo, se você for um residente da Califórnia, e deseja obter tais informações e/ou optar pela não divulgação dessas informações, envie um e-mail de solicitação para contact@webzen.com."
page 1101.txt,185,"
Entre em contato
"
page 1101.txt,186,"Se tiver dúvidas, reclamações ou comentários a respeito desta Declaração, ou tiver outras perguntas ou sugestões sobre o nosso Website, entre em contato conosco via e-mail em contact@webzen.com."
